Sampleid,DAY,TIME,c_磷毫克
DA001,2019-10-29,7:13,166.9503936767578
DA001,2019-10-29,11:35,772.1211547851562
DA001,2019-10-29,17:00,467.1234741210938
DA001,2019-10-29,19:16,0.0
DA001,2019-10-30,7:20,151.2003936767578
DA001,2019-10-30,12:43,149.3407745361328
DA001,2019-10-30,17:00,231.1897735595703
DA001,2019-10-30,20:02,0.0
DA001,2019-10-31,08:00,173.2107849121094
DA001,2019-10-31,12:00,323.8843688964844
DA001,2019-10-31,16:13,341.3192749023438
DA001,2019-10-31,22:06,0.0
DA001,2019-11-01,8:50,149.3407745361328
DA001,2019-11-01,12:50,331.9432678222656
DA001,2019-11-01,17:36,268.8490905761719
DA001,2019-11-01,19:06,0.0
DA001,2019-11-10,7:50,0.0
DA001,2019-11-10,12:00,361.8216857910156
DA001,2019-11-10,17:36,353.8666687011719
DA001,2019-11-10,21:36,0.0
DA001,2019-11-11,,155.7503967285156
DA001,2019-11-11,,363.6292724609375
DA001,2019-11-11,,429.0683898925781
DA001,2019-11-12,,216.3952026367188
DA001,2019-11-12,,606.8251953125
DA001,2019-11-02,7:20,195.5557861328125
DA001,2019-11-02,12:43,376.9390869140625
DA001,2019-11-02,17:00,246.5920867919922
DA001,2019-11-02,19:43,19.37068939208984
DA001,2019-11-03,8:05,70.62000274658203
DA001,2019-11-03,12:00,241.0807800292969
DA001,2019-11-03,17:00,247.1314849853516
DA001,2019-11-03,22:51,0.0
DA001,2019-11-04,12:00,264.1042785644531
DA001,2019-11-04,17:00,329.7253723144531
DA001,2019-11-04,20:02,0.0
DA001,2019-11-05,08:00,165.3504028320312
DA001,2019-11-05,12:00,522.6965942382812
DA001,2019-11-05,17:00,311.7937927246094
DA001,2019-11-06,8:05,186.3907775878906
DA001,2019-11-06,11:20,241.0807800292969
DA001,2019-11-06,17:36,256.87548828125
DA001,2019-11-06,21:11,0.0
DA001,2019-11-07,6:58,23.8700008392334
DA001,2019-11-07,12:28,382.473388671875
DA001,2019-11-07,17:00,499.6753845214844
DA001,2019-11-07,20:00,57.07519912719727
DA001,2019-11-08,8:43,149.3407745361328
DA001,2019-11-08,12:00,289.9207763671875
DA001,2019-11-08,17:00,149.3407745361328
DA001,2019-11-08,21:58,55.97700119018555
DA001,2019-11-09,8:13,74.6703872680664
DA001,2019-11-09,12:05,553.3970947265625
DA001,2019-11-09,17:00,249.3966827392578
DA002,2019-10-29,08:00,127.4703903198242
DA002,2019-10-29,12:00,386.0605773925781
DA002,2019-10-29,17:16,233.5617370605469
DA002,2019-10-29,21:56,5.25
DA002,2019-10-30,8:01,189.7203826904297
DA002,2019-10-30,12:46,320.1044006347656
DA002,2019-10-30,17:00,115.5948867797852
DA002,2019-10-30,19:49,0.0
DA002,2019-10-31,08:00,80.43211364746094
DA002,2019-10-31,12:00,161.9421844482422
DA002,2019-10-31,17:26,170.6596374511719
DA002,2019-10-31,22:16,0.0
DA002,2019-11-01,08:00,74.6703872680664
DA002,2019-11-01,12:00,165.9716339111328
DA002,2019-11-01,17:41,134.4245452880859
DA002,2019-11-01,21:56,0.0
DA002,2019-11-10,08:00,0.0
DA002,2019-11-10,12:00,180.9108428955078
DA002,2019-11-10,17:41,176.9333343505859
DA002,2019-11-10,22:26,0.0
DA002,2019-11-11,,194.2703857421875
DA002,2019-11-11,,181.8146362304688
DA002,2019-11-11,,214.5341949462891
DA002,2019-11-11,,0.0
DA002,2019-11-12,,216.3952026367188
DA002,2019-11-12,,532.15478515625
DA002,2019-11-02,7:57,120.8853912353516
DA002,2019-11-02,12:34,188.4695434570312
DA002,2019-11-02,17:00,123.2960433959961
DA002,2019-11-02,20:16,0.0
DA002,2019-11-03,08:00,141.2400054931641
DA002,2019-11-03,12:00,166.4103851318359
DA002,2019-11-03,16:16,123.5657424926758
DA002,2019-11-03,22:06,0.0
DA002,2019-11-04,7:22,0.0
DA002,2019-11-04,12:00,132.0521392822266
DA002,2019-11-04,17:00,164.8626861572266
DA002,2019-11-04,19:16,0.0
DA002,2019-11-05,8:51,125.8703918457031
DA002,2019-11-05,12:00,261.3482971191406
DA002,2019-11-05,17:00,155.8968963623047
DA002,2019-11-05,21:49,0.0
DA002,2019-11-06,7:19,111.7203903198242
DA002,2019-11-06,12:00,166.4103851318359
DA002,2019-11-06,17:00,128.437744140625
DA002,2019-11-06,19:06,0.0
DA002,2019-11-07,7:12,171.6369171142578
DA002,2019-11-07,12:11,191.2366943359375
DA002,2019-11-07,17:00,249.8376922607422
DA002,2019-11-07,19:21,0.0
DA002,2019-11-08,6:12,74.6703872680664
DA002,2019-11-08,12:56,144.9603881835938
DA002,2019-11-08,17:00,128.1003875732422
DA002,2019-11-09,8:53,123.8103866577148
DA002,2019-11-09,12:00,276.6985473632812
DA002,2019-11-09,17:00,124.6983413696289
DA002,2019-11-09,22:49,0.0
DA003,2019-10-29,8:16,109.8751983642578
DA003,2019-10-29,12:00,772.1211547851562
DA003,2019-10-29,17:07,467.1234741210938
DA003,2019-10-30,08:00,37.04999923706055
DA003,2019-10-30,12:45,394.7747802734375
DA003,2019-10-30,17:27,231.1897735595703
DA003,2019-10-30,21:45,0.0
DA003,2019-10-31,7:47,173.2107849121094
DA003,2019-10-31,12:15,323.8843688964844
DA003,2019-10-31,17:00,341.3192749023438
DA003,2019-10-31,20:00,0.0
DA003,2019-11-01,7:49,149.3407745361328
DA003,2019-11-01,12:00,331.9432678222656
DA003,2019-11-01,17:00,268.8490905761719
DA003,2019-11-01,20:15,0.0
DA003,2019-11-10,8:41,0.0
DA003,2019-11-10,12:00,287.1512756347656
DA003,2019-11-10,17:00,279.1962890625
DA003,2019-11-11,,206.7951965332031
DA003,2019-11-11,,288.9588928222656
DA003,2019-11-11,,871.9879760742188
DA003,2019-11-12,,216.3952026367188
DA003,2019-11-12,,532.15478515625
DA003,2019-11-12,,425.0050048828125
DA003,2019-11-02,08:00,195.5557861328125
DA003,2019-11-02,12:00,376.9390869140625
DA003,2019-11-02,17:37,246.5920867919922
DA003,2019-11-02,22:18,0.0
DA003,2019-11-03,7:07,141.2400054931641
DA003,2019-11-03,12:00,241.0807800292969
DA003,2019-11-03,17:00,247.1314849853516
DA003,2019-11-04,6:38,206.7951965332031
DA003,2019-11-04,12:00,189.4338989257812
DA003,2019-11-04,17:00,375.9924926757812
DA003,2019-11-05,7:26,216.3952026367188
DA003,2019-11-05,12:30,448.0261840820312
DA003,2019-11-05,17:00,237.1233825683594
DA003,2019-11-06,08:00,111.7203903198242
DA003,2019-11-06,12:00,166.4103851318359
DA003,2019-11-06,17:00,320.205078125
DA003,2019-11-07,6:27,98.54039001464844
DA003,2019-11-07,11:00,307.802978515625
DA003,2019-11-07,17:00,904.60498046875
DA003,2019-11-08,8:07,74.6703872680664
DA003,2019-11-08,12:00,215.2503967285156
DA003,2019-11-08,17:00,181.5303955078125
DA003,2019-11-09,7:22,123.8103866577148
DA003,2019-11-09,12:52,478.7266845703125
DA003,2019-11-09,17:00,174.7262878417969
DA004,2019-10-29,7:27,202.1407775878906
DA004,2019-10-29,12:00,772.1211547851562
DA004,2019-10-29,17:00,467.1234741210938
DA004,2019-10-30,08:00,151.2003936767578
DA004,2019-10-30,12:00,394.7747802734375
DA004,2019-10-30,17:00,231.1897735595703
DA004,2019-10-31,08:00,173.2107849121094
DA004,2019-10-31,12:00,323.8843688964844
DA004,2019-10-31,17:10,341.3192749023438
DA004,2019-11-01,08:00,149.3407745361328
DA004,2019-11-01,12:00,331.9432678222656
DA004,2019-11-01,16:00,268.8490905761719
DA004,2019-11-01,21:19,0.0
DA004,2019-11-10,,0.0
DA004,2019-11-10,,361.8216857910156
DA004,2019-11-10,,353.8666687011719
DA004,2019-11-11,,190.9407806396484
DA004,2019-11-11,,363.6292724609375
DA004,2019-11-11,,946.6583862304688
DA004,2019-11-12,,216.3952026367188
DA004,2019-11-12,,606.8251953125
DA004,2019-11-12,,499.6753845214844
DA004,2019-11-02,08:00,195.5557861328125
DA004,2019-11-02,12:00,376.9390869140625
DA004,2019-11-02,17:00,246.5920867919922
DA004,2019-11-02,19:53,0.0
DA004,2019-11-03,08:00,211.8600006103516
DA004,2019-11-03,12:00,241.0807800292969
DA004,2019-11-03,16:23,247.1314849853516
DA004,2019-11-03,22:00,0.0
DA004,2019-11-04,08:00,107.0
DA004,2019-11-04,11:15,264.1042785644531
DA004,2019-11-04,17:34,450.6628723144531
DA004,2019-11-04,21:04,0.0
DA004,2019-11-05,08:00,165.3504028320312
DA004,2019-11-05,12:00,522.6965942382812
DA004,2019-11-05,17:00,311.7937927246094
DA004,2019-11-05,19:55,0.0
DA004,2019-11-06,8:57,186.3907775878906
DA004,2019-11-06,12:00,241.0807800292969
DA004,2019-11-06,17:30,394.87548828125
DA004,2019-11-06,21:12,0.0
DA004,2019-11-07,8:09,80.94519805908203
DA004,2019-11-07,12:57,382.473388671875
DA004,2019-11-07,17:30,979.275390625
DA004,2019-11-08,7:35,149.3407745361328
DA004,2019-11-08,12:27,289.9207763671875
DA004,2019-11-08,17:00,256.2007751464844
DA004,2019-11-09,,198.4807739257812
DA004,2019-11-09,,553.3970947265625
DA004,2019-11-09,,249.3966827392578
DA005,2019-10-29,8:50,127.4703903198242
DA005,2019-10-29,12:00,697.4508056640625
DA005,2019-10-29,17:49,392.4530944824219
DA005,2019-10-29,21:55,0.0
DA005,2019-10-30,08:00,111.7203903198242
DA005,2019-10-30,12:00,320.1044006347656
DA005,2019-10-30,17:00,156.5193939208984
DA005,2019-10-30,20:34,5.25
DA005,2019-10-31,8:09,98.54039001464844
DA005,2019-10-31,11:54,249.2139892578125
DA005,2019-10-31,17:00,266.6488952636719
DA005,2019-10-31,21:00,0.0
DA005,2019-11-01,08:00,74.6703872680664
DA005,2019-11-01,12:00,257.2728881835938
DA005,2019-11-01,17:25,194.1786956787109
DA005,2019-11-01,20:45,0.0
DA005,2019-11-10,,0.0
DA005,2019-11-10,,361.8216857910156
DA005,2019-11-10,,353.8666687011719
DA005,2019-11-11,,190.9407806396484
DA005,2019-11-11,,363.6292724609375
DA005,2019-11-11,,429.0683898925781
DA005,2019-11-12,,216.3952026367188
DA005,2019-11-12,,606.8251953125
DA005,2019-11-12,,499.6753845214844
DA005,2019-11-02,08:00,120.8853912353516
DA005,2019-11-02,12:00,302.2686767578125
DA005,2019-11-02,17:00,171.9216918945312
DA005,2019-11-02,20:34,17.81279945373535
DA005,2019-11-03,08:00,211.8600006103516
DA005,2019-11-03,12:00,166.4103851318359
DA005,2019-11-03,17:00,172.4610900878906
DA005,2019-11-03,20:34,0.0
DA005,2019-11-04,8:32,107.0
DA005,2019-11-04,12:00,264.1042785644531
DA005,2019-11-04,17:00,329.7253723144531
DA005,2019-11-04,21:25,0.0
DA005,2019-11-05,8:24,200.5407867431641
DA005,2019-11-05,12:39,522.6965942382812
DA005,2019-11-05,17:40,311.7937927246094
DA005,2019-11-05,21:25,0.0
DA005,2019-11-06,8:09,186.3907775878906
DA005,2019-11-06,12:47,241.0807800292969
DA005,2019-11-06,17:00,256.87548828125
DA005,2019-11-06,21:02,0.0
DA005,2019-11-07,8:54,173.2107849121094
DA005,2019-11-07,12:00,382.473388671875
DA005,2019-11-07,17:00,499.6753845214844
DA005,2019-11-07,21:25,0.0
DA005,2019-11-08,,149.3407745361328
DA005,2019-11-08,,289.9207763671875
DA005,2019-11-08,,256.2007751464844
DA005,2019-11-09,,149.3407745361328
DA005,2019-11-09,,553.3970947265625
DA005,2019-11-09,,249.3966827392578
DA006,2019-10-29,08:00,109.8751983642578
DA006,2019-10-29,12:00,772.1211547851562
DA006,2019-10-29,17:00,467.1234741210938
DA006,2019-10-30,7:22,37.04999923706055
DA006,2019-10-30,12:12,149.3407745361328
DA006,2019-10-30,17:00,231.1897735595703
DA006,2019-10-30,21:44,0.0
DA006,2019-10-31,6:32,173.2107849121094
DA006,2019-10-31,12:52,323.8843688964844
DA006,2019-10-31,17:00,341.3192749023438
DA006,2019-10-31,22:52,0.0
DA006,2019-11-01,7:37,149.3407745361328
DA006,2019-11-01,12:00,331.9432678222656
DA006,2019-11-01,17:00,268.8490905761719
DA006,2019-11-01,19:17,0.0
DA006,2019-11-10,,0.0
DA006,2019-11-10,,361.8216857910156
DA006,2019-11-10,,353.8666687011719
DA006,2019-11-11,,206.7951965332031
DA006,2019-11-11,,363.6292724609375
DA006,2019-11-11,,429.0683898925781
DA006,2019-11-12,,216.3952026367188
DA006,2019-11-12,,606.8251953125
DA006,2019-11-12,,499.6753845214844
DA006,2019-11-02,08:00,195.5557861328125
DA006,2019-11-02,12:00,376.9390869140625
DA006,2019-11-02,17:00,246.5920867919922
DA006,2019-11-02,20:32,0.0
DA006,2019-11-03,8:29,141.2400054931641
DA006,2019-11-03,12:00,241.0807800292969
DA006,2019-11-03,17:00,247.1314849853516
DA006,2019-11-04,08:00,206.7951965332031
DA006,2019-11-04,12:00,264.1042785644531
DA006,2019-11-04,17:00,329.7253723144531
DA006,2019-11-05,,216.3952026367188
DA006,2019-11-05,,522.6965942382812
DA006,2019-11-05,,311.7937927246094
DA006,2019-11-06,,186.3907775878906
DA006,2019-11-06,,241.0807800292969
DA006,2019-11-06,,256.87548828125
DA006,2019-11-07,,173.2107849121094
DA006,2019-11-07,,382.473388671875
DA006,2019-11-07,,499.6753845214844
DA006,2019-11-08,,149.3407745361328
DA006,2019-11-08,,289.9207763671875
DA006,2019-11-08,,256.2007751464844
DA006,2019-11-09,,198.4807739257812
DA006,2019-11-09,,553.3970947265625
DA006,2019-11-09,,249.3966827392578
DA007,2019-10-29,08:00,202.1407775878906
DA007,2019-10-29,12:00,772.1211547851562
DA007,2019-10-29,17:00,467.1234741210938
DA007,2019-10-29,22:18,8.906399726867676
DA007,2019-10-30,8:51,227.3407745361328
DA007,2019-10-30,12:00,394.7747802734375
DA007,2019-10-30,17:00,231.1897735595703
DA007,2019-10-30,21:14,0.0
DA007,2019-10-31,7:59,173.2107849121094
DA007,2019-10-31,12:51,323.8843688964844
DA007,2019-10-31,17:00,341.3192749023438
DA007,2019-10-31,19:09,0.0
DA007,2019-11-01,8:58,149.3407745361328
DA007,2019-11-01,12:13,331.9432678222656
DA007,2019-11-01,17:00,268.8490905761719
DA007,2019-11-01,19:24,0.0
DA007,2019-11-10,08:00,0.0
DA007,2019-11-10,12:00,361.8216857910156
DA007,2019-11-10,17:44,353.8666687011719
DA007,2019-11-10,22:29,0.0
DA007,2019-11-11,,268.9407653808594
DA007,2019-11-11,,363.6292724609375
DA007,2019-11-11,,429.0683898925781
DA007,2019-11-12,,216.3952026367188
DA007,2019-11-12,,606.8251953125
DA007,2019-11-02,6:29,195.5557861328125
DA007,2019-11-02,12:43,376.9390869140625
DA007,2019-11-02,17:29,246.5920867919922
DA007,2019-11-02,21:29,0.0
DA007,2019-11-03,7:59,211.8600006103516
DA007,2019-11-03,12:00,241.0807800292969
DA007,2019-11-03,17:00,247.1314849853516
DA007,2019-11-03,21:14,0.0
DA007,2019-11-04,7:29,0.0
DA007,2019-11-04,12:43,264.1042785644531
DA007,2019-11-04,17:00,329.7253723144531
DA007,2019-11-04,22:06,0.0
DA007,2019-11-05,7:13,308.6607666015625
DA007,2019-11-05,11:48,522.6965942382812
DA007,2019-11-05,17:00,311.7937927246094
DA007,2019-11-05,22:44,0.0
DA007,2019-11-06,7:14,186.3907775878906
DA007,2019-11-06,12:00,241.0807800292969
DA007,2019-11-06,17:39,256.87548828125
DA007,2019-11-06,22:06,8.906399726867676
DA007,2019-11-07,7:21,80.94519805908203
DA007,2019-11-07,12:51,382.473388671875
DA007,2019-11-07,17:00,499.6753845214844
DA007,2019-11-07,20:25,0.0
DA007,2019-11-08,8:51,149.3407745361328
DA007,2019-11-08,12:28,289.9207763671875
DA007,2019-11-08,17:06,256.2007751464844
DA007,2019-11-08,19:51,0.0
DA007,2019-11-09,7:53,198.4807739257812
DA007,2019-11-09,12:36,553.3970947265625
DA007,2019-11-09,17:00,249.3966827392578
DA007,2019-11-09,22:51,0.0
DA008,2019-10-29,08:00,52.79999923706055
DA008,2019-10-29,12:00,772.1211547851562
DA008,2019-10-29,17:00,467.1234741210938
DA008,2019-10-29,20:55,0.0
DA008,2019-10-30,6:10,37.04999923706055
DA008,2019-10-30,12:39,149.3407745361328
DA008,2019-10-30,17:00,231.1897735595703
DA008,2019-10-30,22:02,0.0
DA008,2019-10-31,08:00,173.2107849121094
DA008,2019-10-31,12:00,323.8843688964844
DA008,2019-10-31,17:00,341.3192749023438
DA008,2019-10-31,20:15,0.0
DA008,2019-11-01,08:00,149.3407745361328
DA008,2019-11-01,12:00,331.9432678222656
DA008,2019-11-01,17:00,268.8490905761719
DA008,2019-11-01,20:25,0.0
DA008,2019-11-10,08:00,0.0
DA008,2019-11-10,12:00,361.8216857910156
DA008,2019-11-10,17:00,353.8666687011719
DA008,2019-11-10,19:00,0.0
DA008,2019-11-11,,268.9407653808594
DA008,2019-11-11,,363.6292724609375
DA008,2019-11-11,,429.0683898925781
DA008,2019-11-11,,0.0
DA008,2019-11-12,,216.3952026367188
DA008,2019-11-12,,606.8251953125
DA008,2019-11-02,08:00,195.5557861328125
DA008,2019-11-02,12:00,376.9390869140625
DA008,2019-11-02,16:25,246.5920867919922
DA008,2019-11-03,08:00,141.2400054931641
DA008,2019-11-03,12:00,241.0807800292969
DA008,2019-11-03,17:00,247.1314849853516
DA008,2019-11-03,20:40,132.2400054931641
DA008,2019-11-04,7:47,0.0
DA008,2019-11-04,11:45,264.1042785644531
DA008,2019-11-04,17:15,329.7253723144531
DA008,2019-11-04,21:55,20.1825008392334
DA008,2019-11-05,08:00,200.5407867431641
DA008,2019-11-05,12:00,522.6965942382812
DA008,2019-11-05,17:00,311.7937927246094
DA008,2019-11-05,20:34,0.0
DA008,2019-11-06,7:55,264.3907775878906
DA008,2019-11-06,12:00,241.0807800292969
DA008,2019-11-06,17:45,256.87548828125
DA008,2019-11-06,21:40,2.369699954986572
DA008,2019-11-07,08:00,195.4515075683594
DA008,2019-11-07,12:00,382.473388671875
DA008,2019-11-07,16:00,149.3407745361328
DA008,2019-11-07,21:21,109.2296981811523
DA008,2019-11-08,08:00,149.3407745361328
DA008,2019-11-08,12:00,289.9207763671875
DA008,2019-11-08,17:00,149.3407745361328
DA008,2019-11-08,19:58,352.7043151855469
DA008,2019-11-09,08:00,198.4807739257812
DA008,2019-11-09,12:45,553.3970947265625
DA008,2019-11-09,17:30,249.3966827392578
DA008,2019-11-09,22:10,0.0
DA009,2019-10-29,7:12,52.79999923706055
DA009,2019-10-29,12:00,772.1211547851562
DA009,2019-10-29,17:00,467.1234741210938
DA009,2019-10-30,7:45,37.04999923706055
DA009,2019-10-30,12:00,394.7747802734375
DA009,2019-10-30,17:00,231.1897735595703
DA009,2019-10-31,7:19,173.2107849121094
DA009,2019-10-31,11:50,323.8843688964844
DA009,2019-10-31,17:34,341.3192749023438
DA009,2019-11-01,7:12,149.3407745361328
DA009,2019-11-01,12:05,331.9432678222656
DA009,2019-11-01,17:49,268.8490905761719
DA009,2019-11-10,6:30,0.0
DA009,2019-11-10,12:00,361.8216857910156
DA009,2019-11-10,17:00,353.8666687011719
DA009,2019-11-11,,263.8703918457031
DA009,2019-11-11,,363.6292724609375
DA009,2019-11-11,,429.0683898925781
DA009,2019-11-12,,216.3952026367188
DA009,2019-11-12,,606.8251953125
DA009,2019-11-12,,499.6753845214844
DA009,2019-11-02,6:45,195.5557861328125
DA009,2019-11-02,12:00,376.9390869140625
DA009,2019-11-02,17:00,246.5920867919922
DA009,2019-11-03,7:27,211.8600006103516
DA009,2019-11-03,11:09,241.0807800292969
DA009,2019-11-03,16:04,247.1314849853516
DA009,2019-11-04,12:35,264.1042785644531
DA009,2019-11-04,17:00,329.7253723144531
DA009,2019-11-05,8:00,216.3952026367188
DA009,2019-11-05,12:00,522.6965942382812
DA009,2019-11-05,17:00,311.7937927246094
DA009,2019-11-06,08:00,186.3907775878906
DA009,2019-11-06,12:00,241.0807800292969
DA009,2019-11-06,16:55,256.87548828125
DA009,2019-11-07,7:20,173.2107849121094
DA009,2019-11-07,11:35,382.473388671875
DA009,2019-11-07,17:00,499.6753845214844
DA009,2019-11-08,7:05,149.3407745361328
DA009,2019-11-08,11:54,289.9207763671875
DA009,2019-11-08,17:00,256.2007751464844
DA009,2019-11-09,7:27,198.4807739257812
DA009,2019-11-09,12:05,553.3970947265625
DA009,2019-11-09,17:49,249.3966827392578
DA010,2019-10-29,7:49,166.9503936767578
DA010,2019-10-29,12:15,772.1211547851562
DA010,2019-10-29,17:00,392.4530944824219
DA010,2019-10-29,20:07,0.0
DA010,2019-10-30,7:00,151.2003936767578
DA010,2019-10-30,12:00,394.7747802734375
DA010,2019-10-30,17:00,156.5193939208984
DA010,2019-10-30,21:15,0.0
DA010,2019-10-31,7:12,173.2107849121094
DA010,2019-10-31,12:37,323.8843688964844
DA010,2019-10-31,17:00,266.6488952636719
DA010,2019-10-31,20:11,0.0
DA010,2019-11-01,08:00,149.3407745361328
DA010,2019-11-01,11:20,331.9432678222656
DA010,2019-11-01,16:52,268.8490905761719
DA010,2019-11-01,20:48,0.0
DA010,2019-11-10,8:00,0.0
DA010,2019-11-10,13:00,361.8216857910156
DA010,2019-11-10,17:00,279.1962890625
DA010,2019-11-11,,41.59999847412109
DA010,2019-11-11,,363.6292724609375
DA010,2019-11-11,,429.0683898925781
DA010,2019-11-12,,216.3952026367188
DA010,2019-11-12,,606.8251953125
DA010,2019-11-02,08:00,195.5557861328125
DA010,2019-11-02,12:00,376.9390869140625
DA010,2019-11-02,17:00,246.5920867919922
DA010,2019-11-02,20:55,0.0
DA010,2019-11-03,8:00,141.2400054931641
DA010,2019-11-03,12:00,241.0807800292969
DA010,2019-11-03,17:00,172.4610900878906
DA010,2019-11-03,20:03,0.0
DA010,2019-11-04,12:00,264.1042785644531
DA010,2019-11-04,19:55,0.0
DA010,2019-11-05,08:00,165.3504028320312
DA010,2019-11-05,12:00,522.6965942382812
DA010,2019-11-05,17:00,311.7937927246094
DA010,2019-11-05,20:25,0.3450149893760681
DA010,2019-11-06,7:07,186.3907775878906
DA010,2019-11-06,12:52,241.0807800292969
DA010,2019-11-06,17:00,182.2050933837891
DA010,2019-11-06,19:56,0.0
DA010,2019-11-07,08:00,98.54039001464844
DA010,2019-11-07,12:00,382.473388671875
DA010,2019-11-07,17:00,425.0050048828125
DA010,2019-11-07,21:37,0.0
DA010,2019-11-08,7:00,149.3407745361328
DA010,2019-11-08,12:37,289.9207763671875
DA010,2019-11-08,18:00,181.5303955078125
DA010,2019-11-08,21:30,0.0
DA010,2019-11-09,7:40,198.4807739257812
DA010,2019-11-09,12:15,553.3970947265625
DA010,2019-11-09,17:00,174.7262878417969
DA010,2019-11-09,20:55,0.0
DA011,2019-10-29,7:13,52.79999923706055
DA011,2019-10-29,12:00,772.1211547851562
DA011,2019-10-29,17:00,467.1234741210938
DA011,2019-10-30,7:58,151.2003936767578
DA011,2019-10-30,12:58,394.7747802734375
DA011,2019-10-30,17:00,231.1897735595703
DA011,2019-10-31,7:20,173.2107849121094
DA011,2019-10-31,11:58,323.8843688964844
DA011,2019-10-31,17:42,341.3192749023438
DA011,2019-11-01,7:52,149.3407745361328
DA011,2019-11-01,12:58,331.9432678222656
DA011,2019-11-01,17:00,268.8490905761719
DA011,2019-11-10,7:13,0.0
DA011,2019-11-10,12:00,361.8216857910156
DA011,2019-11-10,17:00,353.8666687011719
DA011,2019-11-11,,190.9407806396484
DA011,2019-11-11,,363.6292724609375
DA011,2019-11-11,,429.0683898925781
DA011,2019-11-12,,216.3952026367188
DA011,2019-11-12,,606.8251953125
DA011,2019-11-02,7:28,241.7707824707031
DA011,2019-11-02,12:17,376.9390869140625
DA011,2019-11-02,17:00,246.5920867919922
DA011,2019-11-03,6:58,211.8600006103516
DA011,2019-11-03,12:00,241.0807800292969
DA011,2019-11-03,17:00,247.1314849853516
DA011,2019-11-03,19:27,234.0
DA011,2019-11-04,12:13,206.7225341796875
DA011,2019-11-04,17:00,239.5330810546875
DA011,2019-11-04,19:17,0.0
DA011,2019-11-05,8:13,216.3952026367188
DA011,2019-11-05,12:00,522.6965942382812
DA011,2019-11-05,17:00,311.7937927246094
DA011,2019-11-06,6:43,186.3907775878906
DA011,2019-11-06,12:58,241.0807800292969
DA011,2019-11-06,17:00,256.87548828125
DA011,2019-11-07,08:00,173.2107849121094
DA011,2019-11-07,12:00,149.3407745361328
DA011,2019-11-07,17:42,499.6753845214844
DA011,2019-11-08,8:58,149.3407745361328
DA011,2019-11-08,12:58,289.9207763671875
DA011,2019-11-08,17:57,256.2007751464844
DA011,2019-11-09,08:00,247.6207733154297
DA011,2019-11-09,12:58,553.3970947265625
DA011,2019-11-09,17:00,249.3966827392578
DA012,2019-10-29,6:25,52.79999923706055
DA012,2019-10-29,12:00,772.1211547851562
DA012,2019-10-29,17:00,467.1234741210938
DA012,2019-10-30,08:00,37.04999923706055
DA012,2019-10-30,12:00,394.7747802734375
DA012,2019-10-30,17:49,231.1897735595703
DA012,2019-10-31,7:12,173.2107849121094
DA012,2019-10-31,11:45,323.8843688964844
DA012,2019-10-31,17:19,341.3192749023438
DA012,2019-11-01,6:25,149.3407745361328
DA012,2019-11-01,12:05,331.9432678222656
DA012,2019-11-01,17:00,268.8490905761719
DA012,2019-11-10,,0.0
DA012,2019-11-10,,361.8216857910156
DA012,2019-11-10,,353.8666687011719
DA012,2019-11-11,,206.7951965332031
DA012,2019-11-11,,288.9588928222656
DA012,2019-11-11,,354.3979797363281
DA012,2019-11-12,,216.3952026367188
DA012,2019-11-12,,532.15478515625
DA012,2019-11-12,,425.0050048828125
DA012,2019-11-02,7:20,195.5557861328125
DA012,2019-11-02,12:05,376.9390869140625
DA012,2019-11-02,16:45,246.5920867919922
DA012,2019-11-03,,211.8600006103516
DA012,2019-11-03,,241.0807800292969
DA012,2019-11-03,,247.1314849853516
DA012,2019-11-04,,264.1042785644531
DA012,2019-11-04,,329.7253723144531
DA012,2019-11-05,,216.3952026367188
DA012,2019-11-05,,522.6965942382812
DA012,2019-11-05,,311.7937927246094
DA012,2019-11-06,,186.3907775878906
DA012,2019-11-06,,241.0807800292969
DA012,2019-11-06,,256.87548828125
DA012,2019-11-07,,173.2107849121094
DA012,2019-11-07,,382.473388671875
DA012,2019-11-07,,499.6753845214844
DA012,2019-11-08,,149.3407745361328
DA012,2019-11-08,,289.9207763671875
DA012,2019-11-08,,256.2007751464844
DA012,2019-11-09,,198.4807739257812
DA012,2019-11-09,,553.3970947265625
DA012,2019-11-09,,249.3966827392578
DA013,2019-10-29,7:19,52.79999923706055
DA013,2019-10-29,12:41,697.4508056640625
DA013,2019-10-29,17:00,392.4530944824219
DA013,2019-10-29,19:53,0.0
DA013,2019-10-30,7:41,37.04999923706055
DA013,2019-10-30,12:00,320.1044006347656
DA013,2019-10-30,17:00,156.5193939208984
DA013,2019-10-30,20:41,0.0
DA013,2019-10-31,8:41,98.54039001464844
DA013,2019-10-31,11:41,249.2139892578125
DA013,2019-10-31,17:00,266.6488952636719
DA013,2019-10-31,21:26,0.0
DA013,2019-11-01,8:34,74.6703872680664
DA013,2019-11-01,12:49,257.2728881835938
DA013,2019-11-01,17:00,194.1786956787109
DA013,2019-11-01,20:00,0.0
DA013,2019-11-10,7:19,0.0
DA013,2019-11-10,12:49,287.1512756347656
DA013,2019-11-10,17:00,279.1962890625
DA013,2019-11-11,,41.59999847412109
DA013,2019-11-11,,288.9588928222656
DA013,2019-11-11,,354.3979797363281
DA013,2019-11-12,,216.3952026367188
DA013,2019-11-12,,532.15478515625
DA013,2019-11-12,,425.0050048828125
DA013,2019-11-02,08:00,120.8853912353516
DA013,2019-11-02,12:00,302.2686767578125
DA013,2019-11-02,17:00,171.9216918945312
DA013,2019-11-02,21:49,2.369699954986572
DA013,2019-11-03,08:00,211.8600006103516
DA013,2019-11-03,12:00,166.4103851318359
DA013,2019-11-03,17:00,172.4610900878906
DA013,2019-11-03,21:46,0.0
DA013,2019-11-04,12:41,189.4338989257812
DA013,2019-11-04,16:56,255.0549926757812
DA013,2019-11-04,21:41,0.0
DA013,2019-11-05,08:00,51.20000076293945
DA013,2019-11-05,12:00,448.0261840820312
DA013,2019-11-05,17:56,237.1233825683594
DA013,2019-11-05,20:56,2.369699954986572
DA013,2019-11-06,08:00,111.7203903198242
DA013,2019-11-06,11:11,166.4103851318359
DA013,2019-11-06,17:41,182.2050933837891
DA013,2019-11-06,22:19,0.0
DA013,2019-11-07,8:49,98.54039001464844
DA013,2019-11-07,12:56,307.802978515625
DA013,2019-11-07,17:00,425.0050048828125
DA013,2019-11-07,19:21,0.0
DA013,2019-11-08,7:19,74.6703872680664
DA013,2019-11-08,12:11,215.2503967285156
DA013,2019-11-08,17:00,181.5303955078125
DA013,2019-11-08,21:56,0.0
DA013,2019-11-09,6:57,123.8103866577148
DA013,2019-11-09,12:11,478.7266845703125
DA013,2019-11-09,17:00,174.7262878417969
DA013,2019-11-09,21:49,0.0
DA014,2019-10-29,8:54,202.1407775878906
DA014,2019-10-29,12:00,772.1211547851562
DA014,2019-10-29,16:47,467.1234741210938
DA014,2019-10-30,8:54,227.3407745361328
DA014,2019-10-30,12:00,394.7747802734375
DA014,2019-10-30,17:00,231.1897735595703
DA014,2019-10-30,20:21,0.0
DA014,2019-10-31,08:00,173.2107849121094
DA014,2019-10-31,12:00,323.8843688964844
DA014,2019-10-31,17:25,341.3192749023438
DA014,2019-10-31,21:32,0.0
DA014,2019-11-01,08:00,149.3407745361328
DA014,2019-11-01,12:00,331.9432678222656
DA014,2019-11-01,17:25,268.8490905761719
DA014,2019-11-01,21:45,0.0
DA014,2019-11-10,8:47,0.0
DA014,2019-11-10,12:00,361.8216857910156
DA014,2019-11-10,17:00,353.8666687011719
DA014,2019-11-10,21:32,0.0
DA014,2019-11-11,,190.9407806396484
DA014,2019-11-11,,363.6292724609375
DA014,2019-11-11,,429.0683898925781
DA014,2019-11-12,,216.3952026367188
DA014,2019-11-12,,606.8251953125
DA014,2019-11-12,,499.6753845214844
DA014,2019-11-02,08:00,195.5557861328125
DA014,2019-11-02,12:00,376.9390869140625
DA014,2019-11-02,17:04,246.5920867919922
DA014,2019-11-02,20:00,0.0
DA014,2019-11-03,7:55,211.8600006103516
DA014,2019-11-03,12:09,195.2107849121094
DA014,2019-11-03,16:47,247.1314849853516
DA014,2019-11-03,21:55,0.0
DA014,2019-11-04,08:00,0.0
DA014,2019-11-04,11:24,264.1042785644531
DA014,2019-11-04,16:25,329.7253723144531
DA014,2019-11-04,21:30,0.0
DA014,2019-11-05,7:32,200.5407867431641
DA014,2019-11-05,11:54,522.6965942382812
DA014,2019-11-05,17:40,311.7937927246094
DA014,2019-11-05,20:00,0.0
DA014,2019-11-06,8:24,186.3907775878906
DA014,2019-11-06,12:54,195.2107849121094
DA014,2019-11-06,16:32,256.87548828125
DA014,2019-11-06,21:47,0.0
DA014,2019-11-07,8:09,165.8751983642578
DA014,2019-11-07,12:00,382.473388671875
DA014,2019-11-07,17:00,499.6753845214844
DA014,2019-11-07,19:47,0.0
DA014,2019-11-08,7:55,149.3407745361328
DA014,2019-11-08,11:54,289.9207763671875
DA014,2019-11-08,16:19,256.2007751464844
DA014,2019-11-08,21:32,0.0
DA014,2019-11-09,08:00,198.4807739257812
DA014,2019-11-09,11:15,553.3970947265625
DA014,2019-11-09,17:30,249.3966827392578
DA014,2019-11-09,20:40,0.0
DA015,2019-10-29,8:18,202.1407775878906
DA015,2019-10-29,12:00,772.1211547851562
DA015,2019-10-29,17:00,467.1234741210938
DA015,2019-10-30,7:14,186.3907775878906
DA015,2019-10-30,12:51,394.7747802734375
DA015,2019-10-30,17:00,231.1897735595703
DA015,2019-10-31,08:00,173.2107849121094
DA015,2019-10-31,12:00,323.8843688964844
DA015,2019-10-31,17:00,341.3192749023438
DA015,2019-11-01,7:21,149.3407745361328
DA015,2019-11-01,12:00,331.9432678222656
DA015,2019-11-01,17:00,268.8490905761719
DA015,2019-11-10,8:13,149.3407745361328
DA015,2019-11-10,12:13,74.6703872680664
DA015,2019-11-10,17:00,483.7221984863281
DA015,2019-11-11,,305.0911865234375
DA015,2019-11-11,,363.6292724609375
DA015,2019-11-11,,429.0683898925781
DA015,2019-11-12,,216.3952026367188
DA015,2019-11-12,,606.8251953125
DA015,2019-11-12,,499.6753845214844
DA015,2019-11-02,8:13,195.5557861328125
DA015,2019-11-02,12:00,376.9390869140625
DA015,2019-11-02,17:00,246.5920867919922
DA015,2019-11-03,8:13,149.3407745361328
DA015,2019-11-03,12:00,195.2107849121094
DA015,2019-11-03,17:00,247.1314849853516
DA015,2019-11-04,7:14,149.3407745361328
DA015,2019-11-04,12:00,264.1042785644531
DA015,2019-11-04,17:00,329.7253723144531
DA015,2019-11-05,7:21,200.5407867431641
DA015,2019-11-05,12:23,522.6965942382812
DA015,2019-11-05,17:44,311.7937927246094
DA015,2019-11-06,7:28,186.3907775878906
DA015,2019-11-06,11:36,195.2107849121094
DA015,2019-11-06,17:48,256.87548828125
DA015,2019-11-07,7:21,165.8751983642578
DA015,2019-11-07,11:58,382.473388671875
DA015,2019-11-07,17:00,499.6753845214844
DA015,2019-11-08,7:21,149.3407745361328
DA015,2019-11-08,12:00,289.9207763671875
DA015,2019-11-08,17:00,256.2007751464844
DA015,2019-11-09,08:00,198.4807739257812
DA015,2019-11-09,12:10,553.3970947265625
DA015,2019-11-09,17:54,249.3966827392578
DA016,2019-10-29,8:07,52.79999923706055
DA016,2019-10-29,12:00,697.4508056640625
DA016,2019-10-29,17:00,392.4530944824219
DA016,2019-10-30,7:24,37.04999923706055
DA016,2019-10-30,12:00,320.1044006347656
DA016,2019-10-30,17:00,156.5193939208984
DA016,2019-10-31,7:01,98.54039001464844
DA016,2019-10-31,12:01,249.2139892578125
DA016,2019-10-31,17:00,266.6488952636719
DA016,2019-11-01,7:24,74.6703872680664
DA016,2019-11-01,12:00,257.2728881835938
DA016,2019-11-01,17:00,194.1786956787109
DA016,2019-11-10,,149.3407745361328
DA016,2019-11-10,,361.8216857910156
DA016,2019-11-10,,353.8666687011719
DA016,2019-11-11,,268.9407653808594
DA016,2019-11-11,,363.6292724609375
DA016,2019-11-11,,429.0683898925781
DA016,2019-11-12,,216.3952026367188
DA016,2019-11-12,,606.8251953125
DA016,2019-11-02,08:00,120.8853912353516
DA016,2019-11-02,12:00,302.2686767578125
DA016,2019-11-02,17:47,171.9216918945312
DA016,2019-11-03,08:00,74.6703872680664
DA016,2019-11-03,12:00,120.5403900146484
DA016,2019-11-03,17:00,172.4610900878906
DA016,2019-11-04,7:31,74.6703872680664
DA016,2019-11-04,12:01,189.4338989257812
DA016,2019-11-04,17:24,255.0549926757812
DA016,2019-11-05,,125.8703918457031
DA016,2019-11-05,,448.0261840820312
DA016,2019-11-05,,237.1233825683594
DA016,2019-11-06,,189.7203826904297
DA016,2019-11-06,,166.4103851318359
DA016,2019-11-06,,182.2050933837891
DA016,2019-11-07,,210.8439025878906
DA016,2019-11-07,,149.3407745361328
DA016,2019-11-07,,106.8600006103516
DA016,2019-11-08,,149.3407745361328
DA016,2019-11-08,,289.9207763671875
DA016,2019-11-08,,499.6753845214844
DA016,2019-11-09,,198.4807739257812
DA016,2019-11-09,,553.3970947265625
DA016,2019-11-09,,249.3966827392578
DA017,2019-10-29,7:18,127.4703903198242
DA017,2019-10-29,12:15,772.1211547851562
DA017,2019-10-29,17:00,467.1234741210938
DA017,2019-10-29,22:03,0.0
DA017,2019-10-30,08:00,264.3907775878906
DA017,2019-10-30,11:25,394.7747802734375
DA017,2019-10-30,17:00,231.1897735595703
DA017,2019-10-30,22:26,0.0
DA017,2019-10-31,08:00,173.2107849121094
DA017,2019-10-31,12:00,323.8843688964844
DA017,2019-10-31,17:00,341.3192749023438
DA017,2019-10-31,19:11,0.0
DA017,2019-11-01,08:00,149.3407745361328
DA017,2019-11-01,12:00,331.9432678222656
DA017,2019-11-01,18:00,268.8490905761719
DA017,2019-11-01,21:48,0.0
DA017,2019-11-10,,0.0
DA017,2019-11-10,,361.8216857910156
DA017,2019-11-10,,353.8666687011719
DA017,2019-11-10,,0.0
DA017,2019-11-11,,268.9407653808594
DA017,2019-11-11,,363.6292724609375
DA017,2019-11-11,,429.0683898925781
DA017,2019-11-12,,216.3952026367188
DA017,2019-11-12,,606.8251953125
DA017,2019-11-02,6:46,195.5557861328125
DA017,2019-11-02,11:26,376.9390869140625
DA017,2019-11-02,17:11,246.5920867919922
DA017,2019-11-02,20:48,0.0
DA017,2019-11-03,7:51,211.8600006103516
DA017,2019-11-03,12:00,241.0807800292969
DA017,2019-11-03,17:00,247.1314849853516
DA017,2019-11-03,21:07,0.0
DA017,2019-11-04,08:00,0.0
DA017,2019-11-04,12:00,264.1042785644531
DA017,2019-11-04,17:30,329.7253723144531
DA017,2019-11-04,21:56,0.0
DA017,2019-11-05,7:11,200.5407867431641
DA017,2019-11-05,12:00,522.6965942382812
DA017,2019-11-05,17:00,311.7937927246094
DA017,2019-11-05,19:50,0.0
DA017,2019-11-06,7:56,186.3907775878906
DA017,2019-11-06,12:00,241.0807800292969
DA017,2019-11-06,17:00,256.87548828125
DA017,2019-11-06,22:15,0.0
DA017,2019-11-07,7:56,80.94519805908203
DA017,2019-11-07,11:56,382.473388671875
DA017,2019-11-07,17:00,499.6753845214844
DA017,2019-11-07,20:00,0.0
DA017,2019-11-08,,149.3407745361328
DA017,2019-11-08,,289.9207763671875
DA017,2019-11-08,,256.2007751464844
DA017,2019-11-08,,0.0
DA017,2019-11-09,,198.4807739257812
DA017,2019-11-09,,553.3970947265625
DA017,2019-11-09,,249.3966827392578
DA017,2019-11-09,,0.0
DA018,2019-10-29,08:00,202.1407775878906
DA018,2019-10-29,12:00,772.1211547851562
DA018,2019-10-29,16:09,467.1234741210938
DA018,2019-10-29,21:09,0.0
DA018,2019-10-30,6:03,151.2003936767578
DA018,2019-10-30,12:43,394.7747802734375
DA018,2019-10-30,17:00,231.1897735595703
DA018,2019-10-30,22:09,0.0
DA018,2019-10-31,08:00,173.2107849121094
DA018,2019-10-31,12:00,323.8843688964844
DA018,2019-10-31,17:51,341.3192749023438
DA018,2019-10-31,21:36,0.0
DA018,2019-11-01,08:00,149.3407745361328
DA018,2019-11-01,12:00,331.9432678222656
DA018,2019-11-01,17:00,268.8490905761719
DA018,2019-11-01,21:21,0.0
DA018,2019-11-10,6:36,0.0
DA018,2019-11-10,12:00,361.8216857910156
DA018,2019-11-10,16:48,353.8666687011719
DA018,2019-11-10,21:44,0.0
DA018,2019-11-11,,155.7503967285156
DA018,2019-11-11,,363.6292724609375
DA018,2019-11-11,,429.0683898925781
DA018,2019-11-12,,216.3952026367188
DA018,2019-11-12,,606.8251953125
DA018,2019-11-12,,499.6753845214844
DA018,2019-11-12,,78.0
DA018,2019-11-02,8:13,195.5557861328125
DA018,2019-11-02,11:58,376.9390869140625
DA018,2019-11-02,17:00,246.5920867919922
DA018,2019-11-02,19:09,0.0
DA018,2019-11-03,08:00,211.8600006103516
DA018,2019-11-03,12:00,241.0807800292969
DA018,2019-11-03,17:00,247.1314849853516
DA018,2019-11-03,21:09,0.0
DA018,2019-11-04,08:00,0.0
DA018,2019-11-04,12:43,264.1042785644531
DA018,2019-11-04,17:00,329.7253723144531
DA018,2019-11-04,21:44,0.0
DA018,2019-11-05,8:13,149.3407745361328
DA018,2019-11-05,11:58,522.6965942382812
DA018,2019-11-05,17:00,311.7937927246094
DA018,2019-11-05,19:18,0.0
DA018,2019-11-06,7:59,186.3907775878906
DA018,2019-11-06,12:03,241.0807800292969
DA018,2019-11-06,17:00,256.87548828125
DA018,2019-11-06,21:36,0.0
DA018,2019-11-07,8:36,173.2107849121094
DA018,2019-11-07,12:00,382.473388671875
DA018,2019-11-07,17:00,499.6753845214844
DA018,2019-11-07,21:36,0.0
DA018,2019-11-08,8:36,149.3407745361328
DA018,2019-11-08,11:58,289.9207763671875
DA018,2019-11-08,17:44,256.2007751464844
DA018,2019-11-09,7:59,198.4807739257812
DA018,2019-11-09,12:00,553.3970947265625
DA018,2019-11-09,17:00,249.3966827392578
DA018,2019-11-09,22:06,0.0
DA019,2019-10-29,08:00,52.79999923706055
DA019,2019-10-29,12:00,772.1211547851562
DA019,2019-10-29,17:31,467.1234741210938
DA019,2019-10-29,21:51,0.0
DA019,2019-10-30,08:00,37.04999923706055
DA019,2019-10-30,11:02,394.7747802734375
DA019,2019-10-30,17:21,231.1897735595703
DA019,2019-10-30,22:11,0.0
DA019,2019-10-31,8:35,149.3407745361328
DA019,2019-10-31,11:50,323.8843688964844
DA019,2019-10-31,17:00,341.3192749023438
DA019,2019-10-31,22:51,0.0
DA019,2019-11-01,7:50,149.3407745361328
DA019,2019-11-01,12:05,331.9432678222656
DA019,2019-11-01,17:00,268.8490905761719
DA019,2019-11-01,19:21,0.0
DA019,2019-11-10,,0.0
DA019,2019-11-10,,361.8216857910156
DA019,2019-11-10,,353.8666687011719
DA019,2019-11-11,,363.6292724609375
DA019,2019-11-11,,429.0683898925781
DA019,2019-11-12,,216.3952026367188
DA019,2019-11-12,,606.8251953125
DA019,2019-11-12,,499.6753845214844
DA019,2019-11-02,8:28,195.5557861328125
DA019,2019-11-02,12:05,376.9390869140625
DA019,2019-11-02,17:00,246.5920867919922
DA019,2019-11-03,,211.8600006103516
DA019,2019-11-03,,242.9407806396484
DA019,2019-11-03,,247.1314849853516
DA019,2019-11-03,,2.369699954986572
DA019,2019-11-04,,264.1042785644531
DA019,2019-11-04,,329.7253723144531
DA019,2019-11-04,,0.0
DA019,2019-11-05,,51.20000076293945
DA019,2019-11-05,,522.6965942382812
DA019,2019-11-05,,311.7937927246094
DA019,2019-11-05,,0.0
DA019,2019-11-06,,186.3907775878906
DA019,2019-11-06,,149.3407745361328
DA019,2019-11-06,,256.87548828125
DA019,2019-11-07,,149.3407745361328
DA019,2019-11-07,,382.473388671875
DA019,2019-11-07,,499.6753845214844
DA019,2019-11-08,,149.3407745361328
DA019,2019-11-08,,289.9207763671875
DA019,2019-11-08,,149.3407745361328
DA019,2019-11-09,,198.4807739257812
DA019,2019-11-09,,553.3970947265625
DA019,2019-11-09,,249.3966827392578
DA020,2019-10-29,,166.9503936767578
DA020,2019-10-29,,772.1211547851562
DA020,2019-10-29,,467.1234741210938
DA020,2019-10-29,,0.0
DA020,2019-10-30,,151.2003936767578
DA020,2019-10-30,,394.7747802734375
DA020,2019-10-30,,231.1897735595703
DA020,2019-10-30,,0.0
DA020,2019-10-31,,173.2107849121094
DA020,2019-10-31,,323.8843688964844
DA020,2019-10-31,,341.3192749023438
DA020,2019-10-31,,0.0
DA020,2019-11-01,,149.3407745361328
DA020,2019-11-01,,331.9432678222656
DA020,2019-11-01,,268.8490905761719
DA020,2019-11-01,,0.0
DA020,2019-11-10,,0.0
DA020,2019-11-10,,361.8216857910156
DA020,2019-11-10,,353.8666687011719
DA020,2019-11-10,,0.0
DA020,2019-11-11,,155.7503967285156
DA020,2019-11-11,,363.6292724609375
DA020,2019-11-11,,429.0683898925781
DA020,2019-11-12,,216.3952026367188
DA020,2019-11-12,,606.8251953125
DA020,2019-11-02,,195.5557861328125
DA020,2019-11-02,,376.9390869140625
DA020,2019-11-02,,246.5920867919922
DA020,2019-11-02,,0.0
DA020,2019-11-03,,117.6999969482422
DA020,2019-11-03,,241.0807800292969
DA020,2019-11-03,,247.1314849853516
DA020,2019-11-03,,0.0
DA020,2019-11-04,,264.1042785644531
DA020,2019-11-04,,329.7253723144531
DA020,2019-11-04,,0.0
DA020,2019-11-05,,165.3504028320312
DA020,2019-11-05,,522.6965942382812
DA020,2019-11-05,,311.7937927246094
DA020,2019-11-06,,186.3907775878906
DA020,2019-11-06,,241.0807800292969
DA020,2019-11-06,,256.87548828125
DA020,2019-11-06,,0.0
DA020,2019-11-07,,23.8700008392334
DA020,2019-11-07,,499.6753845214844
DA020,2019-11-07,,57.07519912719727
DA020,2019-11-08,,149.3407745361328
DA020,2019-11-08,,289.9207763671875
DA020,2019-11-08,,256.2007751464844
DA020,2019-11-09,,247.6207733154297
DA020,2019-11-09,,553.3970947265625
DA020,2019-11-09,,249.3966827392578
DA020,2019-11-09,,0.0
DA021,2019-10-29,8:02,202.1407775878906
DA021,2019-10-29,11:45,772.1211547851562
DA021,2019-10-29,17:00,467.1234741210938
DA021,2019-10-29,22:45,0.0
DA021,2019-10-30,8:45,186.3907775878906
DA021,2019-10-30,12:52,394.7747802734375
DA021,2019-10-30,17:00,231.1897735595703
DA021,2019-10-30,19:56,0.0
DA021,2019-10-31,6:45,173.2107849121094
DA021,2019-10-31,12:37,323.8843688964844
DA021,2019-10-31,17:00,341.3192749023438
DA021,2019-10-31,20:31,0.0
DA021,2019-11-01,08:00,149.3407745361328
DA021,2019-11-01,12:00,331.9432678222656
DA021,2019-11-01,16:52,268.8490905761719
DA021,2019-11-01,20:57,0.0
DA021,2019-11-10,7:52,0.0
DA021,2019-11-10,12:07,361.8216857910156
DA021,2019-11-10,17:52,353.8666687011719
DA021,2019-11-11,,299.060791015625
DA021,2019-11-11,,363.6292724609375
DA021,2019-11-11,,429.0683898925781
DA021,2019-11-12,,216.3952026367188
DA021,2019-11-12,,606.8251953125
DA021,2019-11-12,,499.6753845214844
DA021,2019-11-02,08:00,195.5557861328125
DA021,2019-11-02,12:00,376.9390869140625
DA021,2019-11-02,17:37,246.5920867919922
DA021,2019-11-02,20:37,0.0
DA021,2019-11-03,7:52,211.8600006103516
DA021,2019-11-03,12:00,195.2107849121094
DA021,2019-11-03,17:00,247.1314849853516
DA021,2019-11-03,20:22,0.0
DA021,2019-11-04,6:30,0.0
DA021,2019-11-04,11:52,264.1042785644531
DA021,2019-11-04,17:00,329.7253723144531
DA021,2019-11-04,21:37,0.0
DA021,2019-11-05,7:37,200.5407867431641
DA021,2019-11-05,12:43,522.6965942382812
DA021,2019-11-05,17:00,311.7937927246094
DA021,2019-11-05,20:07,0.0
DA021,2019-11-06,8:07,186.3907775878906
DA021,2019-11-06,12:00,195.2107849121094
DA021,2019-11-06,17:00,256.87548828125
DA021,2019-11-06,20:37,0.0
DA021,2019-11-07,7:52,80.94519805908203
DA021,2019-11-07,12:00,382.473388671875
DA021,2019-11-07,17:00,499.6753845214844
DA021,2019-11-07,19:12,0.0
DA021,2019-11-08,8:22,149.3407745361328
DA021,2019-11-08,12:45,289.9207763671875
DA021,2019-11-08,17:00,256.2007751464844
DA021,2019-11-09,7:30,198.4807739257812
DA021,2019-11-09,13:00,553.3970947265625
DA021,2019-11-09,17:00,249.3966827392578
DA022,2019-10-29,8:03,202.1407775878906
DA022,2019-10-29,12:00,772.1211547851562
DA022,2019-10-29,17:00,467.1234741210938
DA022,2019-10-29,19:59,0.0
DA022,2019-10-30,7:48,264.3907775878906
DA022,2019-10-30,12:48,394.7747802734375
DA022,2019-10-30,17:00,231.1897735595703
DA022,2019-10-30,19:08,0.0
DA022,2019-10-31,7:10,173.2107849121094
DA022,2019-10-31,12:00,323.8843688964844
DA022,2019-10-31,17:00,341.3192749023438
DA022,2019-10-31,22:03,0.0
DA022,2019-11-01,8:13,149.3407745361328
DA022,2019-11-01,12:55,331.9432678222656
DA022,2019-11-01,17:00,268.8490905761719
DA022,2019-11-01,19:59,0.0
DA022,2019-11-10,,0.0
DA022,2019-11-10,,361.8216857910156
DA022,2019-11-10,,353.8666687011719
DA022,2019-11-10,,0.0
DA022,2019-11-11,,268.9407653808594
DA022,2019-11-11,,363.6292724609375
DA022,2019-11-11,,429.0683898925781
DA022,2019-11-12,,216.3952026367188
DA022,2019-11-12,,606.8251953125
DA022,2019-11-02,,195.5557861328125
DA022,2019-11-02,,376.9390869140625
DA022,2019-11-02,,246.5920867919922
DA022,2019-11-02,,0.0
DA022,2019-11-03,,117.6999969482422
DA022,2019-11-03,,241.0807800292969
DA022,2019-11-03,,247.1314849853516
DA022,2019-11-03,,0.0
DA022,2019-11-04,,0.0
DA022,2019-11-04,,264.1042785644531
DA022,2019-11-04,,329.7253723144531
DA022,2019-11-04,,0.0
DA022,2019-11-05,,200.5407867431641
DA022,2019-11-05,,522.6965942382812
DA022,2019-11-05,,311.7937927246094
DA022,2019-11-05,,0.0
DA022,2019-11-06,,186.3907775878906
DA022,2019-11-06,,241.0807800292969
DA022,2019-11-06,,256.87548828125
DA022,2019-11-06,,0.0
DA022,2019-11-07,,80.94519805908203
DA022,2019-11-07,,382.473388671875
DA022,2019-11-07,,499.6753845214844
DA022,2019-11-07,,0.0
DA022,2019-11-08,,149.3407745361328
DA022,2019-11-08,,289.9207763671875
DA022,2019-11-08,,256.2007751464844
DA022,2019-11-08,,0.0
DA022,2019-11-09,,198.4807739257812
DA022,2019-11-09,,553.3970947265625
DA022,2019-11-09,,249.3966827392578
DA022,2019-11-09,,0.0
DA023,2019-10-29,7:52,52.79999923706055
DA023,2019-10-29,11:58,697.4508056640625
DA023,2019-10-29,17:00,392.4530944824219
DA023,2019-10-29,20:27,132.2400054931641
DA023,2019-10-30,7:35,37.04999923706055
DA023,2019-10-30,12:50,320.1044006347656
DA023,2019-10-30,17:27,156.5193939208984
DA023,2019-10-30,22:12,0.0
DA023,2019-10-31,08:00,98.54039001464844
DA023,2019-10-31,12:00,249.2139892578125
DA023,2019-10-31,17:05,266.6488952636719
DA023,2019-10-31,21:52,0.0
DA023,2019-11-01,7:35,74.6703872680664
DA023,2019-11-01,12:13,257.2728881835938
DA023,2019-11-01,17:52,194.1786956787109
DA023,2019-11-01,22:42,0.0
DA023,2019-11-10,7:57,0.0
DA023,2019-11-10,11:58,361.8216857910156
DA023,2019-11-10,17:27,353.8666687011719
DA023,2019-11-10,22:07,2.369699954986572
DA023,2019-11-11,,268.9407653808594
DA023,2019-11-11,,363.6292724609375
DA023,2019-11-11,,429.0683898925781
DA023,2019-11-11,,20.1825008392334
DA023,2019-11-12,,216.3952026367188
DA023,2019-11-12,,606.8251953125
DA023,2019-11-02,7:28,120.8853912353516
DA023,2019-11-02,12:35,302.2686767578125
DA023,2019-11-02,17:42,171.9216918945312
DA023,2019-11-03,8:35,117.6999969482422
DA023,2019-11-03,12:00,166.4103851318359
DA023,2019-11-03,17:00,172.4610900878906
DA023,2019-11-03,21:57,2.369699954986572
DA023,2019-11-04,6:43,0.0
DA023,2019-11-04,12:43,189.4338989257812
DA023,2019-11-04,17:00,255.0549926757812
DA023,2019-11-04,20:37,2.369699954986572
DA023,2019-11-05,08:00,125.8703918457031
DA023,2019-11-05,12:00,448.0261840820312
DA023,2019-11-05,17:52,237.1233825683594
DA023,2019-11-06,08:00,189.7203826904297
DA023,2019-11-06,11:22,166.4103851318359
DA023,2019-11-06,17:05,182.2050933837891
DA023,2019-11-06,21:57,20.1825008392334
DA023,2019-11-07,8:22,234.7138977050781
DA023,2019-11-07,12:00,382.473388671875
DA023,2019-11-07,17:00,149.3407745361328
DA023,2019-11-07,20:00,109.2296981811523
DA023,2019-11-08,7:35,149.3407745361328
DA023,2019-11-08,12:00,289.9207763671875
DA023,2019-11-08,17:00,149.3407745361328
DA023,2019-11-08,22:02,350.3345947265625
DA023,2019-11-09,7:58,198.4807739257812
DA023,2019-11-09,12:00,553.3970947265625
DA023,2019-11-09,16:12,249.3966827392578
DA023,2019-11-09,22:27,0.0
DA024,2019-10-29,7:07,166.9503936767578
DA024,2019-10-29,12:00,772.1211547851562
DA024,2019-10-29,17:00,467.1234741210938
DA024,2019-10-29,19:12,0.0
DA024,2019-10-30,6:42,151.2003936767578
DA024,2019-10-30,12:00,394.7747802734375
DA024,2019-10-30,17:00,231.1897735595703
DA024,2019-10-30,20:00,0.0
DA024,2019-10-31,7:24,173.2107849121094
DA024,2019-10-31,12:00,323.8843688964844
DA024,2019-10-31,17:00,341.3192749023438
DA024,2019-10-31,19:17,0.0
DA024,2019-11-01,08:00,149.3407745361328
DA024,2019-11-01,12:00,331.9432678222656
DA024,2019-11-01,16:39,268.8490905761719
DA024,2019-11-01,21:07,0.0
DA024,2019-11-10,,0.0
DA024,2019-11-10,,361.8216857910156
DA024,2019-11-10,,353.8666687011719
DA024,2019-11-11,,41.59999847412109
DA024,2019-11-11,,363.6292724609375
DA024,2019-11-11,,429.0683898925781
DA024,2019-11-12,,216.3952026367188
DA024,2019-11-12,,606.8251953125
DA024,2019-11-02,6:28,195.5557861328125
DA024,2019-11-02,12:54,376.9390869140625
DA024,2019-11-02,17:32,246.5920867919922
DA024,2019-11-02,22:02,0.0
DA024,2019-11-03,7:24,70.62000274658203
DA024,2019-11-03,12:00,241.0807800292969
DA024,2019-11-03,17:00,247.1314849853516
DA024,2019-11-03,19:22,0.0
DA024,2019-11-04,12:00,264.1042785644531
DA024,2019-11-04,19:12,0.0
DA024,2019-11-05,8:07,165.3504028320312
DA024,2019-11-05,12:16,522.6965942382812
DA024,2019-11-05,17:00,311.7937927246094
DA024,2019-11-05,20:00,0.0
DA024,2019-11-06,,186.3907775878906
DA024,2019-11-06,,241.0807800292969
DA024,2019-11-06,,256.87548828125
DA024,2019-11-07,,98.54039001464844
DA024,2019-11-07,,382.473388671875
DA024,2019-11-07,,499.6753845214844
DA024,2019-11-08,,149.3407745361328
DA024,2019-11-08,,289.9207763671875
DA024,2019-11-08,,256.2007751464844
DA024,2019-11-09,,198.4807739257812
DA024,2019-11-09,,553.3970947265625
DA024,2019-11-09,,249.3966827392578
DA025,2019-10-29,08:00,202.1407775878906
DA025,2019-10-29,12:00,460.7309875488281
DA025,2019-10-29,17:00,308.2321166992188
DA025,2019-10-29,20:23,5.25
DA025,2019-10-30,08:00,202.2451934814453
DA025,2019-10-30,12:00,394.7747802734375
DA025,2019-10-30,17:43,190.2652740478516
DA025,2019-10-30,21:53,0.0
DA025,2019-10-31,08:00,155.1025085449219
DA025,2019-10-31,11:09,236.6125793457031
DA025,2019-10-31,17:23,245.3300323486328
DA025,2019-10-31,20:38,0.0
DA025,2019-11-01,7:44,149.3407745361328
DA025,2019-11-01,12:09,240.6420288085938
DA025,2019-11-01,17:00,209.0949249267578
DA025,2019-11-01,19:13,0.0
DA025,2019-11-10,8:31,0.0
DA025,2019-11-10,12:00,255.5812225341797
DA025,2019-11-10,17:00,251.6037292480469
DA025,2019-11-10,21:08,0.0
DA025,2019-11-11,,268.9407653808594
DA025,2019-11-11,,256.4850158691406
DA025,2019-11-11,,289.20458984375
DA025,2019-11-12,,216.3952026367188
DA025,2019-11-12,,606.8251953125
DA025,2019-11-02,6:31,195.5557861328125
DA025,2019-11-02,12:00,263.1399230957031
DA025,2019-11-02,17:00,197.9664306640625
DA025,2019-11-02,22:08,0.0
DA025,2019-11-03,08:00,117.6999969482422
DA025,2019-11-03,12:00,241.0807800292969
DA025,2019-11-03,17:00,198.2361297607422
DA025,2019-11-03,21:12,0.0
DA025,2019-11-04,08:00,0.0
DA025,2019-11-04,12:00,206.7225341796875
DA025,2019-11-04,17:00,239.5330810546875
DA025,2019-11-04,22:46,0.0
DA025,2019-11-05,08:00,200.5407867431641
DA025,2019-11-05,12:31,336.0186767578125
DA025,2019-11-05,17:00,230.5672760009766
DA025,2019-11-05,19:53,0.0
DA025,2019-11-06,08:00,186.3907775878906
DA025,2019-11-06,12:00,241.0807800292969
DA025,2019-11-06,16:08,203.1081237792969
DA025,2019-11-06,21:01,0.0
DA025,2019-11-07,08:00,171.6369171142578
DA025,2019-11-07,12:00,265.9070739746094
DA025,2019-11-07,17:00,324.5080871582031
DA025,2019-11-07,19:03,0.0
DA025,2019-11-08,8:54,149.3407745361328
DA025,2019-11-08,12:39,219.6307830810547
DA025,2019-11-08,17:00,202.7707824707031
DA025,2019-11-08,19:13,0.0
DA025,2019-11-09,8:50,198.4807739257812
DA025,2019-11-09,12:00,351.3689270019531
DA025,2019-11-09,17:00,199.3687286376953
DA025,2019-11-09,19:18,0.0
DA026,2019-10-29,08:00,52.79999923706055
DA026,2019-10-29,12:00,697.4508056640625
DA026,2019-10-29,17:00,392.4530944824219
DA026,2019-10-29,19:45,0.0
DA026,2019-10-30,8:41,37.04999923706055
DA026,2019-10-30,12:00,320.1044006347656
DA026,2019-10-30,16:15,156.5193939208984
DA026,2019-10-30,19:19,0.0
DA026,2019-10-31,7:15,98.54039001464844
DA026,2019-10-31,11:52,249.2139892578125
DA026,2019-10-31,17:00,266.6488952636719
DA026,2019-10-31,20:00,10.5
DA026,2019-11-01,08:00,74.6703872680664
DA026,2019-11-01,12:00,257.2728881835938
DA026,2019-11-01,16:15,194.1786956787109
DA026,2019-11-01,20:03,0.0
DA026,2019-11-10,6:07,0.0
DA026,2019-11-10,11:20,287.1512756347656
DA026,2019-11-10,17:00,279.1962890625
DA026,2019-11-10,20:52,2.369699954986572
DA026,2019-11-11,,194.2703857421875
DA026,2019-11-11,,288.9588928222656
DA026,2019-11-11,,429.0683898925781
DA026,2019-11-11,,0.0
DA026,2019-11-12,,216.3952026367188
DA026,2019-11-12,,532.15478515625
DA026,2019-11-02,9:00,120.8853912353516
DA026,2019-11-02,12:00,302.2686767578125
DA026,2019-11-02,17:00,171.9216918945312
DA026,2019-11-03,6:55,117.6999969482422
DA026,2019-11-03,12:00,166.4103851318359
DA026,2019-11-03,17:00,172.4610900878906
DA026,2019-11-03,21:00,0.0
DA026,2019-11-04,08:00,0.0
DA026,2019-11-04,12:37,189.4338989257812
DA026,2019-11-04,17:07,255.0549926757812
DA026,2019-11-04,21:00,2.369699954986572
DA026,2019-11-05,08:00,125.8703918457031
DA026,2019-11-05,12:00,448.0261840820312
DA026,2019-11-05,17:22,237.1233825683594
DA026,2019-11-05,20:49,0.0
DA026,2019-11-06,7:37,189.7203826904297
DA026,2019-11-06,12:05,166.4103851318359
DA026,2019-11-06,17:00,182.2050933837891
DA026,2019-11-06,20:00,2.369699954986572
DA026,2019-11-07,6:00,234.7138977050781
DA026,2019-11-07,12:00,307.802978515625
DA026,2019-11-07,17:00,181.5303955078125
DA026,2019-11-07,21:45,2.369699954986572
DA026,2019-11-08,08:00,74.6703872680664
DA026,2019-11-08,12:00,215.2503967285156
DA026,2019-11-08,17:34,425.0050048828125
DA026,2019-11-08,22:00,10.5
DA026,2019-11-09,08:00,123.8103866577148
DA026,2019-11-09,12:00,478.7266845703125
DA026,2019-11-09,16:52,174.7262878417969
DA026,2019-11-09,19:30,0.0
DA027,2019-10-29,7:46,109.8751983642578
DA027,2019-10-29,12:31,697.4508056640625
DA027,2019-10-29,17:00,392.4530944824219
DA027,2019-10-30,7:01,37.04999923706055
DA027,2019-10-30,12:00,320.1044006347656
DA027,2019-10-30,17:30,156.5193939208984
DA027,2019-10-30,22:15,0.0
DA027,2019-10-31,08:00,98.54039001464844
DA027,2019-10-31,12:00,249.2139892578125
DA027,2019-10-31,17:11,266.6488952636719
DA027,2019-10-31,21:38,0.0
DA027,2019-11-01,7:23,74.6703872680664
DA027,2019-11-01,12:16,257.2728881835938
DA027,2019-11-01,17:00,194.1786956787109
DA027,2019-11-01,19:23,0.0
DA027,2019-11-10,8:46,0.0
DA027,2019-11-10,12:00,287.1512756347656
DA027,2019-11-10,17:00,279.1962890625
DA027,2019-11-11,,206.7951965332031
DA027,2019-11-11,,288.9588928222656
DA027,2019-11-11,,354.3979797363281
DA027,2019-11-12,,216.3952026367188
DA027,2019-11-12,,532.15478515625
DA027,2019-11-12,,425.0050048828125
DA027,2019-11-02,8:01,120.8853912353516
DA027,2019-11-02,12:38,302.2686767578125
DA027,2019-11-02,17:00,171.9216918945312
DA027,2019-11-02,20:35,0.0
DA027,2019-11-03,8:11,117.6999969482422
DA027,2019-11-03,12:00,166.4103851318359
DA027,2019-11-03,17:00,172.4610900878906
DA027,2019-11-04,6:46,206.7951965332031
DA027,2019-11-04,12:16,189.4338989257812
DA027,2019-11-04,17:00,255.0549926757812
DA027,2019-11-05,7:15,216.3952026367188
DA027,2019-11-05,12:00,448.0261840820312
DA027,2019-11-05,17:50,237.1233825683594
DA027,2019-11-06,6:41,111.7203903198242
DA027,2019-11-06,11:08,166.4103851318359
DA027,2019-11-06,16:45,182.2050933837891
DA027,2019-11-07,7:46,98.54039001464844
DA027,2019-11-07,12:38,307.802978515625
DA027,2019-11-07,18:00,425.0050048828125
DA027,2019-11-08,6:26,74.6703872680664
DA027,2019-11-08,12:38,215.2503967285156
DA027,2019-11-08,17:20,181.5303955078125
DA027,2019-11-09,8:53,123.8103866577148
DA027,2019-11-09,12:00,478.7266845703125
DA027,2019-11-09,17:00,174.7262878417969
DA028,2019-10-29,6:12,52.79999923706055
DA028,2019-10-29,11:52,772.1211547851562
DA028,2019-10-29,16:15,467.1234741210938
DA028,2019-10-30,8:45,37.04999923706055
DA028,2019-10-30,12:22,394.7747802734375
DA028,2019-10-30,17:00,231.1897735595703
DA028,2019-10-31,9:00,173.2107849121094
DA028,2019-10-31,12:07,323.8843688964844
DA028,2019-10-31,17:00,341.3192749023438
DA028,2019-11-01,8:07,149.3407745361328
DA028,2019-11-01,12:07,331.9432678222656
DA028,2019-11-01,17:00,268.8490905761719
DA028,2019-11-10,,0.0
DA028,2019-11-10,,361.8216857910156
DA028,2019-11-10,,353.8666687011719
DA028,2019-11-10,,2.369699954986572
DA028,2019-11-11,,194.2703857421875
DA028,2019-11-11,,363.6292724609375
DA028,2019-11-11,,429.0683898925781
DA028,2019-11-11,,0.0
DA028,2019-11-12,,216.3952026367188
DA028,2019-11-12,,606.8251953125
DA028,2019-11-02,8:07,195.5557861328125
DA028,2019-11-02,11:22,376.9390869140625
DA028,2019-11-02,17:00,246.5920867919922
DA028,2019-11-03,8:37,149.3407745361328
DA028,2019-11-03,12:22,241.0807800292969
DA028,2019-11-03,17:48,247.1314849853516
DA028,2019-11-04,7:23,149.3407745361328
DA028,2019-11-04,11:37,264.1042785644531
DA028,2019-11-04,17:00,329.7253723144531
DA028,2019-11-04,21:58,2.369699954986572
DA028,2019-11-05,08:00,200.5407867431641
DA028,2019-11-05,12:00,522.6965942382812
DA028,2019-11-05,17:00,311.7937927246094
DA028,2019-11-05,19:33,0.0
DA028,2019-11-06,7:52,264.3907775878906
DA028,2019-11-06,12:00,241.0807800292969
DA028,2019-11-06,20:00,0.0
DA028,2019-11-07,,234.7138977050781
DA028,2019-11-07,,382.473388671875
DA028,2019-11-07,,256.2007751464844
DA028,2019-11-07,,0.0
DA028,2019-11-08,,149.3407745361328
DA028,2019-11-08,,289.9207763671875
DA028,2019-11-08,,499.6753845214844
DA028,2019-11-08,,0.0
DA028,2019-11-09,,198.4807739257812
DA028,2019-11-09,,553.3970947265625
DA028,2019-11-09,,249.3966827392578
DA028,2019-11-09,,0.0
DA029,2019-10-29,7:58,202.1407775878906
DA029,2019-10-29,12:08,460.7309875488281
DA029,2019-10-29,17:00,308.2321166992188
DA029,2019-10-29,20:03,643.75
DA029,2019-10-30,6:55,264.3907775878906
DA029,2019-10-30,12:55,394.7747802734375
DA029,2019-10-30,17:00,190.2652740478516
DA029,2019-10-30,21:18,0.0
DA029,2019-10-31,08:00,155.1025085449219
DA029,2019-10-31,12:00,236.6125793457031
DA029,2019-10-31,17:00,245.3300323486328
DA029,2019-10-31,20:00,0.0
DA029,2019-11-01,8:03,149.3407745361328
DA029,2019-11-01,12:18,240.6420288085938
DA029,2019-11-01,17:53,209.0949249267578
DA029,2019-11-01,20:00,0.0
DA029,2019-11-10,,0.0
DA029,2019-11-10,,255.5812225341797
DA029,2019-11-10,,251.6037292480469
DA029,2019-11-11,,268.9407653808594
DA029,2019-11-11,,256.4850158691406
DA029,2019-11-11,,289.20458984375
DA029,2019-11-11,,0.0
DA029,2019-11-12,,216.3952026367188
DA029,2019-11-12,,606.8251953125
DA029,2019-11-02,,195.5557861328125
DA029,2019-11-02,,263.1399230957031
DA029,2019-11-02,,197.9664306640625
DA029,2019-11-03,,117.6999969482422
DA029,2019-11-03,,241.0807800292969
DA029,2019-11-03,,198.2361297607422
DA029,2019-11-04,,643.75
DA029,2019-11-04,,206.7225341796875
DA029,2019-11-04,,239.5330810546875
DA029,2019-11-05,,200.5407867431641
DA029,2019-11-05,,336.0186767578125
DA029,2019-11-05,,230.5672760009766
DA029,2019-11-06,,186.3907775878906
DA029,2019-11-06,,241.0807800292969
DA029,2019-11-06,,203.1081237792969
DA029,2019-11-07,,171.6369171142578
DA029,2019-11-07,,265.9070739746094
DA029,2019-11-07,,324.5080871582031
DA029,2019-11-08,,149.3407745361328
DA029,2019-11-08,,219.6307830810547
DA029,2019-11-08,,202.7707824707031
DA029,2019-11-09,,198.4807739257812
DA029,2019-11-09,,351.3689270019531
DA029,2019-11-09,,199.3687286376953
DA030,2019-10-29,08:00,81.33760070800781
DA030,2019-10-29,12:00,660.1156005859375
DA030,2019-10-29,17:14,233.5617370605469
DA030,2019-10-29,21:59,8.906399726867676
DA030,2019-10-30,08:00,122.388801574707
DA030,2019-10-30,12:00,156.5193939208984
DA030,2019-10-30,16:56,156.5193939208984
DA030,2019-10-30,20:33,78.0
DA030,2019-10-31,7:48,681.085205078125
DA030,2019-10-31,12:44,249.2139892578125
DA030,2019-10-31,17:15,229.3136901855469
DA030,2019-10-31,20:00,8.906399726867676
DA030,2019-11-01,08:00,37.3351936340332
DA030,2019-11-01,12:00,257.2728881835938
DA030,2019-11-01,17:00,156.8434906005859
DA030,2019-11-01,20:29,4.453199863433838
DA030,2019-11-10,6:48,0.0
DA030,2019-11-10,11:52,287.1512756347656
DA030,2019-11-10,17:03,279.1962890625
DA030,2019-11-10,21:48,11.27610015869141
DA030,2019-11-11,,70.13760375976562
DA030,2019-11-11,,288.9588928222656
DA030,2019-11-11,,354.3979797363281
DA030,2019-11-11,,0.0
DA030,2019-11-12,,157.7375946044922
DA030,2019-11-12,,532.15478515625
DA030,2019-11-02,08:00,83.5501937866211
DA030,2019-11-02,12:00,302.2686767578125
DA030,2019-11-02,16:33,85.96084594726562
DA030,2019-11-02,20:56,11.27610015869141
DA030,2019-11-03,08:00,211.8600006103516
DA030,2019-11-03,12:00,48.80269622802734
DA030,2019-11-03,16:14,172.4610900878906
DA030,2019-11-03,21:26,0.0
DA030,2019-11-04,8:03,0.0
DA030,2019-11-04,11:48,189.4338989257812
DA030,2019-11-04,17:59,255.0549926757812
DA030,2019-11-04,20:00,8.906399726867676
DA030,2019-11-05,08:00,88.53519439697266
DA030,2019-11-05,11:39,448.0261840820312
DA030,2019-11-05,17:56,237.1233825683594
DA030,2019-11-05,21:26,2.369699954986572
DA030,2019-11-06,08:00,111.7203903198242
DA030,2019-11-06,11:30,120.5403900146484
DA030,2019-11-06,17:00,182.2050933837891
DA030,2019-11-06,22:48,20.1825008392334
DA030,2019-11-07,6:03,61.20519638061523
DA030,2019-11-07,12:00,307.802978515625
DA030,2019-11-07,17:00,425.0050048828125
DA030,2019-11-07,21:03,8.906399726867676
DA030,2019-11-08,08:00,37.3351936340332
DA030,2019-11-08,12:00,215.2503967285156
DA030,2019-11-08,16:09,144.1951904296875
DA030,2019-11-08,21:14,8.906399726867676
DA030,2019-11-09,7:26,123.8103866577148
DA030,2019-11-09,11:48,478.7266845703125
DA030,2019-11-09,17:54,174.7262878417969
DA030,2019-11-09,21:59,1.184849977493286
DA031,2019-10-29,6:52,187.8751983642578
DA031,2019-10-29,12:52,660.1156005859375
DA031,2019-10-29,20:37,8.906399726867676
DA031,2019-10-30,8:48,165.1952056884766
DA031,2019-10-30,12:00,282.7691955566406
DA031,2019-10-30,17:00,81.8489990234375
DA031,2019-10-30,19:55,13.64579963684082
DA031,2019-10-31,6:44,43.30269622802734
DA031,2019-10-31,12:00,161.9421844482422
DA031,2019-10-31,16:26,191.9785003662109
DA031,2019-10-31,20:00,8.906399726867676
DA031,2019-11-01,7:37,282.2403869628906
DA031,2019-11-01,12:44,257.2728881835938
DA031,2019-11-01,17:00,119.50830078125
DA031,2019-11-01,20:32,8.906399726867676
DA031,2019-11-10,7:22,0.0
DA031,2019-11-10,12:07,287.1512756347656
DA031,2019-11-10,17:00,279.1962890625
DA031,2019-11-10,20:00,0.0
DA031,2019-11-11,,98.67520141601562
DA031,2019-11-11,,288.9588928222656
DA031,2019-11-11,,354.3979797363281
DA031,2019-11-11,,41.59999847412109
DA031,2019-11-12,,108.2751998901367
DA031,2019-11-12,,532.15478515625
DA031,2019-11-02,7:22,120.8853912353516
DA031,2019-11-02,11:46,302.2686767578125
DA031,2019-11-02,17:10,97.25129699707031
DA031,2019-11-02,22:44,0.0
DA031,2019-11-03,12:00,120.5403900146484
DA031,2019-11-03,20:07,8.906399726867676
DA031,2019-11-04,8:16,0.0
DA031,2019-11-04,11:52,189.4338989257812
DA031,2019-11-04,22:52,17.81279945373535
DA031,2019-11-05,7:37,69.87519836425781
DA031,2019-11-05,12:07,448.0261840820312
DA031,2019-11-05,21:29,95.81279754638672
DA031,2019-11-06,8:12,111.7203903198242
DA031,2019-11-06,12:00,120.5403900146484
DA031,2019-11-06,17:52,256.87548828125
DA031,2019-11-06,21:51,5.25
DA031,2019-11-07,6:59,86.60539245605469
DA031,2019-11-07,12:18,307.802978515625
DA031,2019-11-07,17:37,590.1345825195312
DA031,2019-11-07,21:41,5.084414958953857
DA031,2019-11-08,7:22,74.6703872680664
DA031,2019-11-08,12:44,215.2503967285156
DA031,2019-11-08,17:41,106.8600006103516
DA031,2019-11-08,22:22,17.81279945373535
DA031,2019-11-09,08:00,123.8103866577148
DA031,2019-11-09,11:22,478.7266845703125
DA031,2019-11-09,16:22,174.7262878417969
DA031,2019-11-09,19:37,22.55220031738281
DA032,2019-10-29,08:00,54.93759918212891
DA032,2019-10-29,12:00,697.4508056640625
DA032,2019-10-29,17:00,355.1178894042969
DA032,2019-10-29,19:31,8.906399726867676
DA032,2019-10-30,08:00,202.2451934814453
DA032,2019-10-30,12:00,119.184196472168
DA032,2019-10-30,17:11,119.184196472168
DA032,2019-10-30,22:41,2.369699954986572
DA032,2019-10-31,08:00,37.3351936340332
DA032,2019-10-31,12:00,211.8787994384766
DA032,2019-10-31,16:11,229.3136901855469
DA032,2019-10-31,22:49,2.369699954986572
DA032,2019-11-01,08:00,37.3351936340332
DA032,2019-11-01,12:00,219.9376983642578
DA032,2019-11-01,16:51,156.8434906005859
DA032,2019-11-01,20:51,2.369699954986572
DA032,2019-11-10,08:00,0.0
DA032,2019-11-10,12:00,249.8161010742188
DA032,2019-11-10,17:00,241.8610992431641
DA032,2019-11-10,20:16,20.1825008392334
DA032,2019-11-11,,78.93519592285156
DA032,2019-11-11,,251.6236877441406
DA032,2019-11-11,,317.0628051757812
DA032,2019-11-11,,132.2400054931641
DA032,2019-11-12,,88.53519439697266
DA032,2019-11-12,,494.819580078125
DA032,2019-11-02,8:22,83.5501937866211
DA032,2019-11-02,12:00,264.9335021972656
DA032,2019-11-02,17:00,134.5865020751953
DA032,2019-11-02,21:23,77.39610290527344
DA032,2019-11-03,7:04,211.8600006103516
DA032,2019-11-03,11:19,83.20519256591797
DA032,2019-11-03,16:06,135.1259002685547
DA032,2019-11-03,21:26,20.1825008392334
DA032,2019-11-04,8:04,0.0
DA032,2019-11-04,12:00,152.0987091064453
DA032,2019-11-04,16:41,217.7197875976562
DA032,2019-11-04,21:01,11.27610015869141
DA032,2019-11-05,6:42,88.53519439697266
DA032,2019-11-05,12:00,410.6910095214844
DA032,2019-11-05,17:00,199.7881927490234
DA032,2019-11-05,20:41,2.369699954986572
DA032,2019-11-06,6:37,74.38519287109375
DA032,2019-11-06,12:26,83.20519256591797
DA032,2019-11-06,17:00,144.8698883056641
DA032,2019-11-06,20:00,134.6096954345703
DA032,2019-11-07,6:42,61.20519638061523
DA032,2019-11-07,12:00,270.4678039550781
DA032,2019-11-07,17:19,387.6697998046875
DA032,2019-11-07,21:56,0.0
DA032,2019-11-08,9:00,37.3351936340332
DA032,2019-11-08,12:00,177.9151916503906
DA032,2019-11-08,16:56,144.1951904296875
DA032,2019-11-08,20:34,2.369699954986572
DA032,2019-11-09,08:00,86.4751968383789
DA032,2019-11-09,11:31,441.3915100097656
DA032,2019-11-09,17:26,137.3910980224609
DA032,2019-11-09,22:06,2.369699954986572
DA033,2019-10-29,08:00,148.2752075195312
DA033,2019-10-29,12:00,697.4508056640625
DA033,2019-10-29,16:05,392.4530944824219
DA033,2019-10-29,21:41,0.0
DA033,2019-10-30,6:26,174.4577026367188
DA033,2019-10-30,12:21,320.1044006347656
DA033,2019-10-30,16:45,40.92449951171875
DA033,2019-10-30,19:41,17.81279945373535
DA033,2019-10-31,08:00,80.63789367675781
DA033,2019-10-31,12:01,249.2139892578125
DA033,2019-10-31,17:00,191.9785003662109
DA033,2019-10-31,22:45,0.0
DA033,2019-11-01,7:11,74.6703872680664
DA033,2019-11-01,12:01,257.2728881835938
DA033,2019-11-01,17:41,119.50830078125
DA033,2019-11-01,22:11,17.81279945373535
DA033,2019-11-10,12:00,180.9108428955078
DA033,2019-11-10,17:00,102.2629470825195
DA033,2019-11-10,19:35,0.0
DA033,2019-11-11,7:46,85.07038879394531
DA033,2019-11-11,12:00,288.9588928222656
DA033,2019-11-11,17:00,279.7276000976562
DA033,2019-11-11,20:00,10.0912504196167
DA033,2019-11-12,,125.8703918457031
DA033,2019-11-12,,532.15478515625
DA033,2019-11-02,08:00,48.88894653320312
DA033,2019-11-02,12:00,264.9335021972656
DA033,2019-11-02,16:26,97.25129699707031
DA033,2019-11-02,22:05,207.5700073242188
DA033,2019-11-03,6:15,211.8600006103516
DA033,2019-11-03,12:00,60.27019500732422
DA033,2019-11-03,17:00,172.4610900878906
DA033,2019-11-03,20:00,0.0
DA033,2019-11-04,12:00,132.0521392822266
DA033,2019-11-04,17:00,255.0549926757812
DA033,2019-11-04,20:15,2.369699954986572
DA033,2019-11-05,08:00,87.47039031982422
DA033,2019-11-05,12:00,448.0261840820312
DA033,2019-11-05,17:38,237.1233825683594
DA033,2019-11-05,22:05,79.18485260009766
DA033,2019-11-06,6:53,93.19538879394531
DA033,2019-11-06,12:00,22.93499946594238
DA033,2019-11-06,17:00,107.5346984863281
DA033,2019-11-06,20:00,8.906399726867676
DA033,2019-11-07,8:01,86.60539245605469
DA033,2019-11-07,12:00,307.802978515625
DA033,2019-11-07,17:00,74.6703872680664
DA033,2019-11-07,20:00,2.369699954986572
DA033,2019-11-08,08:00,74.6703872680664
DA033,2019-11-08,12:00,215.2503967285156
DA033,2019-11-08,17:00,106.8600006103516
DA033,2019-11-08,21:15,11.27610015869141
DA033,2019-11-09,7:23,86.95539093017578
DA033,2019-11-09,12:46,478.7266845703125
DA033,2019-11-09,17:00,100.0559005737305
DA033,2019-11-09,20:00,2.369699954986572
DA034,2019-10-29,7:37,132.9376068115234
DA034,2019-10-29,12:00,660.1156005859375
DA034,2019-10-29,17:00,37.3351936340332
DA034,2019-10-29,22:22,0.0
DA034,2019-10-30,08:00,165.1952056884766
DA034,2019-10-30,12:00,282.7691955566406
DA034,2019-10-30,17:00,78.25969696044922
DA034,2019-10-30,20:30,2.369699954986572
DA034,2019-10-31,7:02,43.30269622802734
DA034,2019-10-31,12:00,249.2139892578125
DA034,2019-10-31,17:00,95.98925018310547
DA034,2019-10-31,20:42,22.55220031738281
DA034,2019-11-01,08:00,244.9051971435547
DA034,2019-11-01,12:00,182.6024932861328
DA034,2019-11-01,20:33,17.81279945373535
DA034,2019-11-10,9:00,0.0
DA034,2019-11-10,12:00,287.1512756347656
DA034,2019-11-10,16:52,279.1962890625
DA034,2019-11-10,22:22,0.0
DA034,2019-11-11,,58.13519668579102
DA034,2019-11-11,,144.4794464111328
DA034,2019-11-11,,177.1989898681641
DA034,2019-11-11,,50.50640106201172
DA034,2019-11-12,,203.8703918457031
DA034,2019-11-12,,532.15478515625
DA034,2019-11-02,6:52,48.88894653320312
DA034,2019-11-02,12:00,264.9335021972656
DA034,2019-11-02,17:00,97.25129699707031
DA034,2019-11-02,22:52,17.81279945373535
DA034,2019-11-03,08:00,211.8600006103516
DA034,2019-11-03,12:00,45.86999893188477
DA034,2019-11-03,16:57,48.89535140991211
DA034,2019-11-03,21:30,0.0
DA034,2019-11-04,08:00,0.0
DA034,2019-11-04,12:00,114.7635116577148
DA034,2019-11-04,17:57,248.4649963378906
DA034,2019-11-04,21:37,2.369699954986572
DA034,2019-11-05,08:00,62.93519592285156
DA034,2019-11-05,12:00,410.6910095214844
DA034,2019-11-05,17:37,152.6188354492188
DA034,2019-11-05,22:03,22.55220031738281
DA034,2019-11-06,8:34,111.7203903198242
DA034,2019-11-06,12:00,60.27019500732422
DA034,2019-11-06,17:52,191.7673492431641
DA034,2019-11-06,22:52,2.369699954986572
DA034,2019-11-07,8:43,49.27019500732422
DA034,2019-11-07,12:00,307.802978515625
DA034,2019-11-07,16:00,590.1345825195312
DA034,2019-11-07,20:37,0.0
DA034,2019-11-08,08:00,37.3351936340332
DA034,2019-11-08,12:00,215.2503967285156
DA034,2019-11-08,22:52,11.27610015869141
DA034,2019-11-09,7:17,123.8103866577148
DA034,2019-11-09,11:07,478.7266845703125
DA034,2019-11-09,16:42,174.7262878417969
DA034,2019-11-09,20:00,17.81279945373535
DA035,2019-10-29,7:00,109.8751983642578
DA035,2019-10-29,12:00,660.1156005859375
DA035,2019-10-29,17:00,392.4530944824219
DA035,2019-10-29,20:55,78.0
DA035,2019-10-30,6:45,202.2451934814453
DA035,2019-10-30,12:57,320.1044006347656
DA035,2019-10-30,16:34,119.184196472168
DA035,2019-10-30,21:00,80.36969757080078
DA035,2019-10-31,8:20,98.54039001464844
DA035,2019-10-31,12:27,211.8787994384766
DA035,2019-10-31,17:00,229.3136901855469
DA035,2019-10-31,19:19,8.906399726867676
DA035,2019-11-01,7:35,74.6703872680664
DA035,2019-11-01,12:00,219.9376983642578
DA035,2019-11-01,17:00,156.8434906005859
DA035,2019-11-01,20:00,8.906399726867676
DA035,2019-11-10,12:00,287.1512756347656
DA035,2019-11-10,17:00,241.8610992431641
DA035,2019-11-10,20:00,37.99530029296875
DA035,2019-11-11,,116.270393371582
DA035,2019-11-11,,251.6236877441406
DA035,2019-11-11,,317.0628051757812
DA035,2019-11-11,,0.0
DA035,2019-11-12,,186.2752075195312
DA035,2019-11-12,,532.15478515625
DA035,2019-11-02,7:25,120.8853912353516
DA035,2019-11-02,11:30,302.2686767578125
DA035,2019-11-02,16:40,134.5865020751953
DA035,2019-11-02,20:34,11.27610015869141
DA035,2019-11-03,6:57,211.8600006103516
DA035,2019-11-03,12:45,83.20519256591797
DA035,2019-11-03,17:00,135.1259002685547
DA035,2019-11-03,20:00,8.906399726867676
DA035,2019-11-04,8:39,0.0
DA035,2019-11-04,12:00,152.0987091064453
DA035,2019-11-04,17:34,217.7197875976562
DA035,2019-11-04,22:49,0.0
DA035,2019-11-05,7:42,125.8703918457031
DA035,2019-11-05,11:35,448.0261840820312
DA035,2019-11-05,17:34,237.1233825683594
DA035,2019-11-05,20:49,78.0
DA035,2019-11-06,6:19,111.7203903198242
DA035,2019-11-06,12:00,83.20519256591797
DA035,2019-11-06,17:42,144.8698883056641
DA035,2019-11-06,21:49,17.81279945373535
DA035,2019-11-07,08:00,98.54039001464844
DA035,2019-11-07,12:00,307.802978515625
DA035,2019-11-07,17:34,425.0050048828125
DA035,2019-11-07,21:34,17.81279945373535
DA035,2019-11-08,08:00,74.6703872680664
DA035,2019-11-08,12:00,215.2503967285156
DA035,2019-11-08,17:04,181.5303955078125
DA035,2019-11-08,21:42,2.369699954986572
DA035,2019-11-09,08:00,123.8103866577148
DA035,2019-11-09,12:00,478.7266845703125
DA035,2019-11-09,17:00,137.3910980224609
DA035,2019-11-09,19:30,2.369699954986572
DA036,2019-10-29,6:41,119.7376022338867
DA036,2019-10-29,12:00,660.1156005859375
DA036,2019-10-29,20:00,0.0
DA036,2019-10-30,08:00,165.1952056884766
DA036,2019-10-30,12:22,282.7691955566406
DA036,2019-10-30,21:14,11.27610015869141
DA036,2019-10-31,8:48,49.27019500732422
DA036,2019-10-31,12:00,174.5435943603516
DA036,2019-10-31,17:03,191.9785003662109
DA036,2019-10-31,20:26,8.906399726867676
DA036,2019-11-01,8:18,37.3351936340332
DA036,2019-11-01,12:00,182.6024932861328
DA036,2019-11-01,17:00,119.50830078125
DA036,2019-11-01,20:41,8.906399726867676
DA036,2019-11-10,7:41,0.0
DA036,2019-11-10,11:56,53.12022399902344
DA036,2019-11-10,16:48,51.13147354125977
DA036,2019-11-10,20:00,89.2761001586914
DA036,2019-11-11,,78.93519592285156
DA036,2019-11-11,,107.1442489624023
DA036,2019-11-11,,214.5341949462891
DA036,2019-11-11,,8.906399726867676
DA036,2019-11-12,,166.5352020263672
DA036,2019-11-12,,457.4844055175781
DA036,2019-11-02,08:00,37.3351936340332
DA036,2019-11-02,12:00,188.4695434570312
DA036,2019-11-02,21:26,8.906399726867676
DA036,2019-11-03,08:00,211.8600006103516
DA036,2019-11-03,12:00,120.5403900146484
DA036,2019-11-03,16:20,99.1180648803711
DA036,2019-11-03,21:15,20.1825008392334
DA036,2019-11-04,7:03,0.0
DA036,2019-11-04,12:41,114.7635116577148
DA036,2019-11-04,17:00,180.3845977783203
DA036,2019-11-04,22:48,0.0
DA036,2019-11-05,08:00,50.13519668579102
DA036,2019-11-05,11:22,410.6910095214844
DA036,2019-11-05,17:26,112.0055847167969
DA036,2019-11-05,20:41,78.0
DA036,2019-11-06,08:00,111.7203903198242
DA036,2019-11-06,12:00,120.5403900146484
DA036,2019-11-06,21:33,2.369699954986572
DA036,2019-11-07,8:26,49.27019500732422
DA036,2019-11-07,17:18,112.0055847167969
DA036,2019-11-07,21:50,13.64579963684082
DA036,2019-11-08,7:03,37.3351936340332
DA036,2019-11-08,12:00,215.2503967285156
DA036,2019-11-08,17:00,128.1003875732422
DA036,2019-11-08,20:32,11.27610015869141
DA036,2019-11-09,7:33,86.4751968383789
DA036,2019-11-09,12:00,478.7266845703125
DA036,2019-11-09,20:00,17.81279945373535
DA037,2019-10-29,08:00,742.5180053710938
DA037,2019-10-29,12:00,74.6703872680664
DA037,2019-10-29,17:11,158.891357421875
DA037,2019-10-29,22:14,0.0
DA037,2019-10-30,7:26,174.4577026367188
DA037,2019-10-30,12:00,320.1044006347656
DA037,2019-10-30,17:00,40.92449951171875
DA037,2019-10-30,20:00,17.81279945373535
DA037,2019-10-31,08:00,43.30269622802734
DA037,2019-10-31,12:00,174.5435943603516
DA037,2019-10-31,17:33,191.9785003662109
DA037,2019-10-31,22:18,0.0
DA037,2019-11-01,7:18,74.6703872680664
DA037,2019-11-01,12:00,257.2728881835938
DA037,2019-11-01,17:00,156.8434906005859
DA037,2019-11-01,22:03,17.81279945373535
DA037,2019-11-10,08:00,0.0
DA037,2019-11-10,12:00,218.2460327148438
DA037,2019-11-10,16:18,204.5258941650391
DA037,2019-11-10,20:03,8.906399726867676
DA037,2019-11-11,,47.73519515991211
DA037,2019-11-11,,107.1442489624023
DA037,2019-11-11,,139.8638000488281
DA037,2019-11-11,,8.906399726867676
DA037,2019-11-12,,166.5352020263672
DA037,2019-11-12,,457.4844055175781
DA037,2019-11-02,8:28,30.22134780883789
DA037,2019-11-02,12:00,227.5982971191406
DA037,2019-11-02,17:00,97.25129699707031
DA037,2019-11-02,22:14,51.89250183105469
DA037,2019-11-03,8:56,211.8600006103516
DA037,2019-11-03,12:00,60.27019500732422
DA037,2019-11-03,17:00,97.79070281982422
DA037,2019-11-03,19:56,18.99765014648438
DA037,2019-11-04,7:18,0.0
DA037,2019-11-04,11:49,152.0987091064453
DA037,2019-11-04,17:48,82.43134307861328
DA037,2019-11-04,21:03,0.0
DA037,2019-11-05,7:18,87.47039031982422
DA037,2019-11-05,12:03,410.6910095214844
DA037,2019-11-05,17:00,199.7881927490234
DA037,2019-11-05,20:30,79.18485260009766
DA037,2019-11-06,6:44,93.19538879394531
DA037,2019-11-06,12:03,97.60539245605469
DA037,2019-11-06,17:48,107.5346984863281
DA037,2019-11-06,22:11,8.906399726867676
DA037,2019-11-07,08:00,86.60539245605469
DA037,2019-11-07,12:00,270.4678039550781
DA037,2019-11-07,17:00,74.6703872680664
DA037,2019-11-07,22:18,0.0
DA037,2019-11-08,7:11,74.6703872680664
DA037,2019-11-08,12:00,177.9151916503906
DA037,2019-11-08,17:18,181.5303955078125
DA037,2019-11-08,22:03,8.906399726867676
DA037,2019-11-09,7:18,123.8103866577148
DA037,2019-11-09,12:00,441.3915100097656
DA037,2019-11-09,17:00,137.3910980224609
DA038,2019-10-29,7:17,161.4752044677734
DA038,2019-10-29,11:33,697.4508056640625
DA038,2019-10-29,17:00,355.1178894042969
DA038,2019-10-30,8:48,202.2451934814453
DA038,2019-10-30,12:10,282.7691955566406
DA038,2019-10-30,17:00,156.5193939208984
DA038,2019-10-30,20:00,0.0
DA038,2019-10-31,7:07,98.54039001464844
DA038,2019-10-31,11:33,249.2139892578125
DA038,2019-10-31,16:33,229.3136901855469
DA038,2019-11-01,7:18,282.2403869628906
DA038,2019-11-01,12:48,219.9376983642578
DA038,2019-11-01,17:00,156.8434906005859
DA038,2019-11-10,,0.0
DA038,2019-11-10,,287.1512756347656
DA038,2019-11-10,,279.1962890625
DA038,2019-11-11,,116.270393371582
DA038,2019-11-11,,288.9588928222656
DA038,2019-11-11,,354.3979797363281
DA038,2019-11-12,,203.8703918457031
DA038,2019-11-12,,532.15478515625
DA038,2019-11-02,7:48,74.6703872680664
DA038,2019-11-02,12:18,302.2686767578125
DA038,2019-11-02,17:25,171.9216918945312
DA038,2019-11-02,21:03,0.0
DA038,2019-11-03,6:10,211.8600006103516
DA038,2019-11-03,12:00,120.5403900146484
DA038,2019-11-03,17:10,172.4610900878906
DA038,2019-11-04,7:25,0.0
DA038,2019-11-04,12:00,189.4338989257812
DA038,2019-11-04,16:28,375.9924926757812
DA038,2019-11-05,6:32,125.8703918457031
DA038,2019-11-05,12:00,448.0261840820312
DA038,2019-11-05,16:48,237.1233825683594
DA038,2019-11-06,6:40,111.7203903198242
DA038,2019-11-06,12:28,120.5403900146484
DA038,2019-11-06,17:40,320.205078125
DA038,2019-11-07,6:25,86.60539245605469
DA038,2019-11-07,12:00,307.802978515625
DA038,2019-11-07,17:10,425.0050048828125
DA038,2019-11-08,08:00,74.6703872680664
DA038,2019-11-08,12:33,215.2503967285156
DA038,2019-11-08,17:00,181.5303955078125
DA038,2019-11-09,6:47,123.8103866577148
DA038,2019-11-09,12:00,478.7266845703125
DA038,2019-11-09,16:33,174.7262878417969
DA039,2019-10-29,7:55,161.4752044677734
DA039,2019-10-29,12:00,193.0302886962891
DA039,2019-10-29,17:00,233.5617370605469
DA039,2019-10-29,19:02,0.0
DA039,2019-10-30,7:14,174.4577026367188
DA039,2019-10-30,12:07,320.1044006347656
DA039,2019-10-30,16:07,95.13263702392578
DA039,2019-10-30,20:56,4.739399909973145
DA039,2019-10-31,8:37,80.63789367675781
DA039,2019-10-31,12:00,118.3062896728516
DA039,2019-10-31,17:00,266.6488952636719
DA039,2019-10-31,19:44,9.989399909973145
DA039,2019-11-01,08:00,282.2403869628906
DA039,2019-11-01,11:01,182.6024932861328
DA039,2019-11-01,17:56,29.8770751953125
DA039,2019-11-01,22:52,160.4532012939453
DA039,2019-11-10,8:59,0.0
DA039,2019-11-10,11:52,212.4808959960938
DA039,2019-11-10,16:22,204.5258941650391
DA039,2019-11-10,19:59,0.0
DA039,2019-11-11,,116.270393371582
DA039,2019-11-11,,288.9588928222656
DA039,2019-11-11,,354.3979797363281
DA039,2019-11-11,,78.0
DA039,2019-11-12,,203.8703918457031
DA039,2019-11-12,,532.15478515625
DA039,2019-11-02,08:00,120.8853912353516
DA039,2019-11-02,12:00,56.89957427978516
DA039,2019-11-02,16:07,97.25129699707031
DA039,2019-11-02,21:22,4.453199863433838
DA039,2019-11-03,8:18,211.8600006103516
DA039,2019-11-03,17:00,61.78287124633789
DA039,2019-11-03,20:37,82.7394027709961
DA039,2019-11-04,6:51,0.0
DA039,2019-11-04,12:00,66.02606964111328
DA039,2019-11-04,17:00,169.3286437988281
DA039,2019-11-04,20:00,0.0
DA039,2019-11-05,8:52,125.8703918457031
DA039,2019-11-05,12:00,448.0261840820312
DA039,2019-11-05,16:37,237.1233825683594
DA039,2019-11-05,21:44,78.0
DA039,2019-11-06,6:21,111.7203903198242
DA039,2019-11-06,12:00,97.60539245605469
DA039,2019-11-06,16:52,245.5346984863281
DA039,2019-11-06,20:22,17.81279945373535
DA039,2019-11-07,8:22,98.54039001464844
DA039,2019-11-07,12:00,307.802978515625
DA039,2019-11-07,17:00,664.8049926757812
DA039,2019-11-07,22:37,0.0
DA039,2019-11-08,7:52,74.6703872680664
DA039,2019-11-08,11:52,215.2503967285156
DA039,2019-11-08,17:00,181.5303955078125
DA039,2019-11-08,19:52,16.01549911499023
DA039,2019-11-09,7:44,123.8103866577148
DA039,2019-11-09,12:00,478.7266845703125
DA039,2019-11-09,17:00,174.7262878417969
DA039,2019-11-09,20:47,0.0
DA040,2019-10-29,12:16,660.1156005859375
DA040,2019-10-29,16:26,37.3351936340332
DA040,2019-10-29,20:02,16.52610015869141
DA040,2019-10-30,12:00,282.7691955566406
DA040,2019-10-30,17:00,78.25969696044922
DA040,2019-10-30,19:09,20.59124946594238
DA040,2019-10-31,08:00,98.54039001464844
DA040,2019-10-31,11:16,211.8787994384766
DA040,2019-10-31,17:54,229.3136901855469
DA040,2019-10-31,21:32,125.3261032104492
DA040,2019-11-01,08:00,74.6703872680664
DA040,2019-11-01,11:09,128.6364440917969
DA040,2019-11-01,17:00,156.8434906005859
DA040,2019-11-01,20:00,15.3412504196167
DA040,2019-11-10,8:24,8.906399726867676
DA040,2019-11-10,12:00,249.8161010742188
DA040,2019-11-10,17:00,241.8610992431641
DA040,2019-11-10,20:00,0.0
DA040,2019-11-11,7:16,116.270393371582
DA040,2019-11-11,12:01,251.6236877441406
DA040,2019-11-11,17:00,834.6527709960938
DA040,2019-11-11,20:00,78.0
DA040,2019-11-12,,237.3200073242188
DA040,2019-11-12,,532.15478515625
DA040,2019-11-02,08:00,97.77789306640625
DA040,2019-11-02,12:00,264.9335021972656
DA040,2019-11-02,17:00,37.3351936340332
DA040,2019-11-02,19:39,11.27610015869141
DA040,2019-11-03,08:00,11.27610015869141
DA040,2019-11-03,12:00,83.20519256591797
DA040,2019-11-03,16:11,86.23054504394531
DA040,2019-11-03,20:57,8.906399726867676
DA040,2019-11-04,08:00,0.0
DA040,2019-11-04,12:28,152.0987091064453
DA040,2019-11-04,17:00,338.6572875976562
DA040,2019-11-04,20:00,2.369699954986572
DA040,2019-11-05,08:00,203.8703918457031
DA040,2019-11-05,12:00,410.6910095214844
DA040,2019-11-05,17:17,118.5616912841797
DA040,2019-11-05,21:32,2.369699954986572
DA040,2019-11-06,08:00,202.9252014160156
DA040,2019-11-06,12:01,221.2052001953125
DA040,2019-11-06,16:39,91.10254669189453
DA040,2019-11-06,20:27,11.27610015869141
DA040,2019-11-07,7:16,98.54039001464844
DA040,2019-11-07,12:00,270.4678039550781
DA040,2019-11-07,17:00,867.269775390625
DA040,2019-11-07,20:02,2.369699954986572
DA040,2019-11-08,08:00,0.0
DA040,2019-11-08,12:00,177.9151916503906
DA040,2019-11-08,16:32,144.1951904296875
DA040,2019-11-08,20:42,0.0
DA040,2019-11-09,08:00,123.8103866577148
DA040,2019-11-09,12:00,441.3915100097656
DA040,2019-11-09,16:07,137.3910980224609
DA040,2019-11-09,21:02,2.369699954986572
DA041,2019-10-29,11:17,697.4508056640625
DA041,2019-10-29,17:25,355.1178894042969
DA041,2019-10-29,20:00,321.875
DA041,2019-10-30,12:00,320.1044006347656
DA041,2019-10-30,17:00,119.184196472168
DA041,2019-10-30,19:40,0.0
DA041,2019-10-31,7:25,23.8700008392334
DA041,2019-10-31,12:47,211.8787994384766
DA041,2019-10-31,17:00,229.3136901855469
DA041,2019-10-31,19:58,108.8000030517578
DA041,2019-11-01,7:21,74.6703872680664
DA041,2019-11-01,12:00,219.9376983642578
DA041,2019-11-01,17:00,194.1786956787109
DA041,2019-11-01,21:40,0.0
DA041,2019-11-10,7:25,82.81279754638672
DA041,2019-11-10,12:00,287.1512756347656
DA041,2019-11-10,17:00,279.1962890625
DA041,2019-11-10,20:00,0.0
DA041,2019-11-11,7:10,116.270393371582
DA041,2019-11-11,12:09,251.6236877441406
DA041,2019-11-11,17:25,354.3979797363281
DA041,2019-11-11,22:55,2.369699954986572
DA041,2019-11-12,,0.0
DA041,2019-11-12,,532.15478515625
DA041,2019-11-02,08:00,86.22413635253906
DA041,2019-11-02,12:00,302.2686767578125
DA041,2019-11-02,17:00,171.9216918945312
DA041,2019-11-02,22:25,2.369699954986572
DA041,2019-11-03,6:40,85.18250274658203
DA041,2019-11-03,12:09,120.5403900146484
DA041,2019-11-03,17:00,86.23054504394531
DA041,2019-11-03,20:00,0.0
DA041,2019-11-04,8:17,0.0
DA041,2019-11-04,11:54,189.4338989257812
DA041,2019-11-04,17:00,164.8626861572266
DA041,2019-11-04,21:25,80.36969757080078
DA041,2019-11-05,6:25,178.2703857421875
DA041,2019-11-05,12:47,448.0261840820312
DA041,2019-11-05,17:00,155.8968963623047
DA041,2019-11-05,21:47,13.64579963684082
DA041,2019-11-06,7:17,202.9252014160156
DA041,2019-11-06,12:24,120.5403900146484
DA041,2019-11-06,17:25,144.8698883056641
DA041,2019-11-06,20:00,0.0
DA041,2019-11-07,7:02,98.54039001464844
DA041,2019-11-07,12:09,307.802978515625
DA041,2019-11-07,17:00,425.0050048828125
DA041,2019-11-07,22:25,4.739399909973145
DA041,2019-11-08,7:10,0.0
DA041,2019-11-08,12:47,215.2503967285156
DA041,2019-11-08,17:30,181.5303955078125
DA041,2019-11-08,21:47,0.0
DA041,2019-11-09,6:25,123.8103866577148
DA041,2019-11-09,11:54,478.7266845703125
DA041,2019-11-09,17:25,174.7262878417969
DA041,2019-11-09,20:40,0.0
DA042,2019-10-29,11:43,660.1156005859375
DA042,2019-10-29,17:50,355.1178894042969
DA042,2019-10-29,20:42,141.4134979248047
DA042,2019-10-30,12:00,282.7691955566406
DA042,2019-10-30,17:00,119.184196472168
DA042,2019-10-30,20:50,19.40640068054199
DA042,2019-10-31,7:28,74.6703872680664
DA042,2019-10-31,12:43,211.8787994384766
DA042,2019-10-31,17:00,229.3136901855469
DA042,2019-10-31,19:12,251.091552734375
DA042,2019-11-01,7:43,74.6703872680664
DA042,2019-11-01,12:13,219.9376983642578
DA042,2019-11-01,17:00,156.8434906005859
DA042,2019-11-01,19:12,2.369699954986572
DA042,2019-11-10,7:58,0.0
DA042,2019-11-10,12:13,249.8161010742188
DA042,2019-11-10,17:00,241.8610992431641
DA042,2019-11-10,20:00,2.369699954986572
DA042,2019-11-11,,116.270393371582
DA042,2019-11-11,,288.9588928222656
DA042,2019-11-11,,354.3979797363281
DA042,2019-11-11,,0.0
DA042,2019-11-12,,203.8703918457031
DA042,2019-11-12,,532.15478515625
DA042,2019-11-02,7:28,86.22413635253906
DA042,2019-11-02,12:00,264.9335021972656
DA042,2019-11-02,17:00,134.5865020751953
DA042,2019-11-03,8:50,188.3200073242188
DA042,2019-11-03,12:00,83.20519256591797
DA042,2019-11-03,17:00,135.1259002685547
DA042,2019-11-03,19:02,11.27610015869141
DA042,2019-11-04,08:00,0.0
DA042,2019-11-04,12:00,152.0987091064453
DA042,2019-11-04,17:00,217.7197875976562
DA042,2019-11-04,22:12,2.369699954986572
DA042,2019-11-05,7:28,178.2703857421875
DA042,2019-11-05,12:00,410.6910095214844
DA042,2019-11-05,17:00,199.7881927490234
DA042,2019-11-05,21:20,0.0
DA042,2019-11-06,7:13,202.9252014160156
DA042,2019-11-06,12:13,83.20519256591797
DA042,2019-11-06,17:00,143.6703948974609
DA042,2019-11-06,19:05,0.0
DA042,2019-11-07,7:28,98.54039001464844
DA042,2019-11-07,11:05,270.4678039550781
DA042,2019-11-07,17:42,387.6697998046875
DA042,2019-11-07,20:00,8.906399726867676
DA042,2019-11-08,6:28,0.0
DA042,2019-11-08,12:13,177.9151916503906
DA042,2019-11-08,17:27,144.1951904296875
DA042,2019-11-08,20:12,0.0
DA042,2019-11-09,6:28,123.8103866577148
DA042,2019-11-09,12:00,441.3915100097656
DA042,2019-11-09,17:00,137.3910980224609
DA043,2019-10-29,12:01,660.1156005859375
DA043,2019-10-29,17:39,317.78271484375
DA043,2019-10-29,22:17,13.64579963684082
DA043,2019-10-30,12:00,282.7691955566406
DA043,2019-10-30,17:00,81.8489990234375
DA043,2019-10-30,20:50,10.0912504196167
DA043,2019-10-31,7:16,74.6703872680664
DA043,2019-10-31,12:00,211.8787994384766
DA043,2019-10-31,17:00,191.9785003662109
DA043,2019-10-31,20:00,420.7197875976562
DA043,2019-11-01,8:07,74.6703872680664
DA043,2019-11-01,12:00,635.0776977539062
DA043,2019-11-01,19:32,20.1825008392334
DA043,2019-11-10,8:46,178.0437927246094
DA043,2019-11-10,12:00,324.4864807128906
DA043,2019-11-10,17:17,204.5258941650391
DA043,2019-11-10,20:00,0.0
DA043,2019-11-11,08:00,116.270393371582
DA043,2019-11-11,12:00,288.9588928222656
DA043,2019-11-11,16:22,797.317626953125
DA043,2019-11-11,22:17,1.184849977493286
DA043,2019-11-12,,203.8703918457031
DA043,2019-11-12,,532.15478515625
DA043,2019-11-02,8:58,86.22413635253906
DA043,2019-11-02,12:00,264.9335021972656
DA043,2019-11-02,16:26,97.25129699707031
DA043,2019-11-02,21:47,143.783203125
DA043,2019-11-03,8:28,11.27610015869141
DA043,2019-11-03,12:00,83.20519256591797
DA043,2019-11-03,17:00,97.79070281982422
DA043,2019-11-03,20:05,11.27610015869141
DA043,2019-11-04,8:42,0.0
DA043,2019-11-04,12:39,152.0987091064453
DA043,2019-11-04,17:00,301.3221130371094
DA043,2019-11-04,22:09,11.27610015869141
DA043,2019-11-05,8:01,203.8703918457031
DA043,2019-11-05,12:54,410.6910095214844
DA043,2019-11-05,17:00,162.4530029296875
DA043,2019-11-05,20:02,2.369699954986572
DA043,2019-11-06,8:46,165.8751983642578
DA043,2019-11-06,12:22,221.2052001953125
DA043,2019-11-06,17:17,107.5346984863281
DA043,2019-11-06,20:27,2.369699954986572
DA043,2019-11-07,08:00,98.54039001464844
DA043,2019-11-07,12:00,270.4678039550781
DA043,2019-11-07,17:00,829.9345703125
DA043,2019-11-07,20:00,2.369699954986572
DA043,2019-11-08,7:54,0.0
DA043,2019-11-08,12:00,177.9151916503906
DA043,2019-11-08,17:32,106.8600006103516
DA043,2019-11-08,21:22,65.0687026977539
DA043,2019-11-09,08:00,123.8103866577148
DA043,2019-11-09,12:00,441.3915100097656
DA043,2019-11-09,17:00,100.0559005737305
DA043,2019-11-09,22:47,5.878223896026611
DA044,2019-10-29,11:23,697.4508056640625
DA044,2019-10-29,17:00,233.5617370605469
DA044,2019-10-29,20:00,0.0
DA044,2019-10-30,12:16,258.7458801269531
DA044,2019-10-30,17:00,136.0571441650391
DA044,2019-10-30,20:00,78.0
DA044,2019-10-31,12:01,205.5780944824219
DA044,2019-10-31,17:30,266.6488952636719
DA044,2019-10-31,20:00,117.7063980102539
DA044,2019-11-01,,74.6703872680664
DA044,2019-11-01,,327.8910217285156
DA044,2019-11-01,,149.3407745361328
DA044,2019-11-01,,0.0
DA044,2019-11-10,,287.1512756347656
DA044,2019-11-10,,279.1962890625
DA044,2019-11-10,,17.81279945373535
DA044,2019-11-11,,288.9588928222656
DA044,2019-11-11,,354.3979797363281
DA044,2019-11-11,,0.0
DA044,2019-11-12,,203.8703918457031
DA044,2019-11-12,,532.15478515625
DA044,2019-11-02,,86.22413635253906
DA044,2019-11-02,,302.2686767578125
DA044,2019-11-02,,17.81279945373535
DA044,2019-11-03,,17.81279945373535
DA044,2019-11-03,,120.5403900146484
DA044,2019-11-03,,172.4610900878906
DA044,2019-11-03,,88.5
DA044,2019-11-04,,643.75
DA044,2019-11-04,,189.4338989257812
DA044,2019-11-04,,255.0549926757812
DA044,2019-11-04,,17.81279945373535
DA044,2019-11-05,,203.8703918457031
DA044,2019-11-05,,448.0261840820312
DA044,2019-11-05,,237.1233825683594
DA044,2019-11-05,,0.0
DA044,2019-11-06,,202.9252014160156
DA044,2019-11-06,,120.5403900146484
DA044,2019-11-06,,182.2050933837891
DA044,2019-11-06,,0.0
DA044,2019-11-07,,307.802978515625
DA044,2019-11-07,,425.0050048828125
DA044,2019-11-07,,17.81279945373535
DA044,2019-11-08,,0.0
DA044,2019-11-08,,215.2503967285156
DA044,2019-11-08,,181.5303955078125
DA044,2019-11-08,,28.31279945373535
DA044,2019-11-09,,478.7266845703125
DA044,2019-11-09,,174.7262878417969
DA044,2019-11-09,,17.81279945373535
DA045,2019-10-29,12:00,697.4508056640625
DA045,2019-10-29,17:51,392.4530944824219
DA045,2019-10-29,22:06,10.5
DA045,2019-10-30,12:05,320.1044006347656
DA045,2019-10-30,17:00,115.5948867797852
DA045,2019-10-30,19:33,8.906399726867676
DA045,2019-10-31,08:00,61.20519638061523
DA045,2019-10-31,12:35,249.2139892578125
DA045,2019-10-31,17:00,229.3136901855469
DA045,2019-10-31,20:00,116.4197006225586
DA045,2019-11-01,,74.6703872680664
DA045,2019-11-01,,427.5076904296875
DA045,2019-11-01,,194.1786956787109
DA045,2019-11-01,,8.906399726867676
DA045,2019-11-10,,0.0
DA045,2019-11-10,,287.1512756347656
DA045,2019-11-10,,279.1962890625
DA045,2019-11-10,,0.0
DA045,2019-11-11,,98.67520141601562
DA045,2019-11-11,,288.9588928222656
DA045,2019-11-11,,871.9879760742188
DA045,2019-11-11,,153.7687072753906
DA045,2019-11-12,,237.3200073242188
DA045,2019-11-12,,532.15478515625
DA045,2019-11-02,,86.22413635253906
DA045,2019-11-02,,302.2686767578125
DA045,2019-11-02,,171.9216918945312
DA045,2019-11-02,,8.906399726867676
DA045,2019-11-03,,17.81279945373535
DA045,2019-11-03,,120.5403900146484
DA045,2019-11-03,,172.4610900878906
DA045,2019-11-03,,7.619699954986572
DA045,2019-11-04,,0.0
DA045,2019-11-04,,189.4338989257812
DA045,2019-11-04,,336.0831298828125
DA045,2019-11-04,,0.0
DA045,2019-11-05,,203.8703918457031
DA045,2019-11-05,,448.0261840820312
DA045,2019-11-05,,237.1233825683594
DA045,2019-11-05,,10.5
DA045,2019-11-06,,202.9252014160156
DA045,2019-11-06,,224.0403900146484
DA045,2019-11-06,,107.5346984863281
DA045,2019-11-06,,2.369699954986572
DA045,2019-11-07,,98.54039001464844
DA045,2019-11-07,,307.802978515625
DA045,2019-11-07,,664.8049926757812
DA045,2019-11-07,,307.5374145507812
DA045,2019-11-08,,0.0
DA045,2019-11-08,,215.2503967285156
DA045,2019-11-08,,181.5303955078125
DA045,2019-11-08,,0.0
DA045,2019-11-09,,123.8103866577148
DA045,2019-11-09,,478.7266845703125
DA045,2019-11-09,,174.7262878417969
DA045,2019-11-09,,0.0
DA046,2019-10-29,12:20,622.7803955078125
DA046,2019-10-29,17:49,116.7808685302734
DA046,2019-10-29,21:27,0.0
DA046,2019-10-30,12:00,122.7170028686523
DA046,2019-10-30,17:00,40.92449951171875
DA046,2019-10-30,21:57,0.0
DA046,2019-10-31,12:00,43.63589859008789
DA046,2019-10-31,16:34,95.98925018310547
DA046,2019-10-31,22:04,326.7218627929688
DA046,2019-11-01,7:19,74.6703872680664
DA046,2019-11-01,12:35,506.4412536621094
DA046,2019-11-01,17:00,126.966423034668
DA046,2019-11-01,20:00,17.81279945373535
DA046,2019-11-10,08:00,0.0
DA046,2019-11-10,12:00,196.6958770751953
DA046,2019-11-10,17:00,102.2629470825195
DA046,2019-11-10,20:42,8.906399726867676
DA046,2019-11-11,6:34,95.66000366210938
DA046,2019-11-11,12:00,53.57212448120117
DA046,2019-11-11,17:00,694.7890014648438
DA046,2019-11-11,20:49,78.0
DA046,2019-11-12,,203.8703918457031
DA046,2019-11-12,,457.4844055175781
DA046,2019-11-02,08:00,10.5
DA046,2019-11-02,12:50,208.0339202880859
DA046,2019-11-02,17:04,97.25129699707031
DA046,2019-11-02,21:49,0.0
DA046,2019-11-03,6:19,0.0
DA046,2019-11-03,12:00,83.20519256591797
DA046,2019-11-03,17:00,37.3351936340332
DA046,2019-11-03,19:57,0.0
DA046,2019-11-04,08:00,0.0
DA046,2019-11-04,11:35,57.38175582885742
DA046,2019-11-04,16:19,248.4649963378906
DA046,2019-11-04,21:00,5.25
DA046,2019-11-05,08:00,203.8703918457031
DA046,2019-11-05,12:00,186.6779022216797
DA046,2019-11-05,17:00,81.22650146484375
DA046,2019-11-05,21:27,0.0
DA046,2019-11-06,8:38,145.8500061035156
DA046,2019-11-06,12:00,22.93499946594238
DA046,2019-11-06,17:34,218.6510314941406
DA046,2019-11-06,22:04,0.0
DA046,2019-11-07,6:27,2.369699954986572
DA046,2019-11-07,12:00,270.4678039550781
DA046,2019-11-07,16:25,590.1345825195312
DA046,2019-11-07,21:57,0.0
DA046,2019-11-08,08:00,74.6703872680664
DA046,2019-11-08,12:00,140.5800018310547
DA046,2019-11-08,17:00,90.76519775390625
DA046,2019-11-08,21:49,78.0
DA046,2019-11-09,7:00,37.3351936340332
DA046,2019-11-09,12:15,303.042236328125
DA046,2019-11-09,17:00,75.04192352294922
DA046,2019-11-09,20:00,78.0
DA047,2019-10-29,12:00,622.7803955078125
DA047,2019-10-29,17:15,196.2265472412109
DA047,2019-10-29,21:07,0.0
DA047,2019-10-30,12:00,184.0755004882812
DA047,2019-10-30,17:00,40.92449951171875
DA047,2019-10-30,20:48,78.0
DA047,2019-10-31,11:52,80.9710922241211
DA047,2019-10-31,16:22,95.98925018310547
DA047,2019-10-31,20:00,323.9327697753906
DA047,2019-11-01,08:00,37.3351936340332
DA047,2019-11-01,11:37,344.5218811035156
DA047,2019-11-01,17:00,119.50830078125
DA047,2019-11-01,19:30,5.25
DA047,2019-11-10,,0.0
DA047,2019-11-10,,180.9108428955078
DA047,2019-11-10,,204.5258941650391
DA047,2019-11-11,,74.86000061035156
DA047,2019-11-11,,107.1442489624023
DA047,2019-11-11,,797.317626953125
DA047,2019-11-11,,0.0
DA047,2019-11-12,,203.8703918457031
DA047,2019-11-12,,457.4844055175781
DA047,2019-11-02,08:00,46.21500015258789
DA047,2019-11-02,12:00,113.7991485595703
DA047,2019-11-02,17:00,48.62564849853516
DA047,2019-11-02,21:52,0.0
DA047,2019-11-03,8:32,141.2400054931641
DA047,2019-11-03,12:00,22.93499946594238
DA047,2019-11-03,17:00,24.44767570495605
DA047,2019-11-03,20:15,0.0
DA047,2019-11-04,08:00,0.0
DA047,2019-11-04,12:00,28.69087791442871
DA047,2019-11-04,16:03,211.1298065185547
DA047,2019-11-04,22:00,0.0
DA047,2019-11-05,7:56,203.8703918457031
DA047,2019-11-05,12:00,280.016845703125
DA047,2019-11-05,17:00,162.4530029296875
DA047,2019-11-05,19:30,5.25
DA047,2019-11-06,08:00,183.1851959228516
DA047,2019-11-06,16:22,245.5346984863281
DA047,2019-11-06,21:15,0.0
DA047,2019-11-07,6:37,61.20519638061523
DA047,2019-11-07,12:00,307.802978515625
DA047,2019-11-07,17:00,470.2345886230469
DA047,2019-11-07,21:07,5.25
DA047,2019-11-08,7:37,74.6703872680664
DA047,2019-11-08,11:37,140.5800018310547
DA047,2019-11-08,16:22,53.43000030517578
DA047,2019-11-08,20:00,0.0
DA047,2019-11-09,,111.525390625
DA047,2019-11-09,,202.0281524658203
DA047,2019-11-09,,50.02795028686523
DA047,2019-11-09,,5.25
DA048,2019-10-29,11:37,386.0605773925781
DA048,2019-10-29,19:22,2.369699954986572
DA048,2019-10-30,12:00,320.1044006347656
DA048,2019-10-30,17:00,231.1897735595703
DA048,2019-10-30,22:04,0.0
DA048,2019-10-31,08:00,74.6703872680664
DA048,2019-10-31,12:00,249.2139892578125
DA048,2019-10-31,17:00,266.6488952636719
DA048,2019-10-31,21:37,108.8000030517578
DA048,2019-11-01,08:00,74.6703872680664
DA048,2019-11-01,12:00,257.2728881835938
DA048,2019-11-01,17:00,194.1786956787109
DA048,2019-11-10,,4.739399909973145
DA048,2019-11-10,,53.12022399902344
DA048,2019-11-10,,204.5258941650391
DA048,2019-11-10,,0.0
DA048,2019-11-11,,116.270393371582
DA048,2019-11-11,,214.2884979248047
DA048,2019-11-11,,391.7331848144531
DA048,2019-11-11,,0.0
DA048,2019-11-12,,203.8703918457031
DA048,2019-11-12,,532.15478515625
DA048,2019-11-02,8:13,86.22413635253906
DA048,2019-11-02,12:00,302.2686767578125
DA048,2019-11-02,17:00,24.31282424926758
DA048,2019-11-02,20:07,0.0
DA048,2019-11-03,08:00,96.52970123291016
DA048,2019-11-03,12:00,120.5403900146484
DA048,2019-11-03,17:00,172.4610900878906
DA048,2019-11-03,20:34,0.0
DA048,2019-11-04,7:27,0.0
DA048,2019-11-04,12:00,114.7635116577148
DA048,2019-11-04,17:00,294.96435546875
DA048,2019-11-04,21:00,0.0
DA048,2019-11-05,7:42,278.540771484375
DA048,2019-11-05,12:37,373.3558044433594
DA048,2019-11-05,20:45,0.0
DA048,2019-11-06,7:45,108.8000030517578
DA048,2019-11-06,17:00,182.2050933837891
DA048,2019-11-06,21:48,321.875
DA048,2019-11-07,08:00,98.54039001464844
DA048,2019-11-07,12:00,307.802978515625
DA048,2019-11-07,17:00,544.9049682617188
DA048,2019-11-07,21:12,0.0
DA048,2019-11-08,08:00,0.0
DA048,2019-11-08,11:52,215.2503967285156
DA048,2019-11-08,16:52,181.5303955078125
DA048,2019-11-08,21:30,0.0
DA048,2019-11-09,08:00,123.8103866577148
DA048,2019-11-09,12:00,478.7266845703125
DA048,2019-11-09,16:03,100.0559005737305
DA048,2019-11-09,20:33,0.0
DA049,2019-10-29,11:46,622.7803955078125
DA049,2019-10-29,16:26,317.78271484375
DA049,2019-10-29,21:53,10.5
DA049,2019-10-30,12:00,245.4340057373047
DA049,2019-10-30,17:00,81.8489990234375
DA049,2019-10-30,20:41,10.5
DA049,2019-10-31,12:00,174.5435943603516
DA049,2019-10-31,17:00,191.9785003662109
DA049,2019-10-31,21:19,129.8000030517578
DA049,2019-11-01,08:00,37.3351936340332
DA049,2019-11-01,12:00,390.1724853515625
DA049,2019-11-01,17:41,119.50830078125
DA049,2019-11-01,22:05,10.5
DA049,2019-11-10,08:00,0.0
DA049,2019-11-10,12:00,212.4808959960938
DA049,2019-11-10,17:00,204.5258941650391
DA049,2019-11-10,21:05,4.739399909973145
DA049,2019-11-11,12:53,214.2884979248047
DA049,2019-11-11,16:45,279.7276000976562
DA049,2019-11-11,21:11,7.619699954986572
DA049,2019-11-12,,203.8703918457031
DA049,2019-11-12,,457.4844055175781
DA049,2019-11-02,08:00,48.88894653320312
DA049,2019-11-02,12:00,227.5982971191406
DA049,2019-11-02,17:35,97.25129699707031
DA049,2019-11-02,21:30,78.0
DA049,2019-11-03,8:01,117.6999969482422
DA049,2019-11-03,12:00,45.86999893188477
DA049,2019-11-03,17:00,97.79070281982422
DA049,2019-11-03,19:08,2.369699954986572
DA049,2019-11-04,8:19,0.0
DA049,2019-11-04,12:00,114.7635116577148
DA049,2019-11-04,17:00,210.6189727783203
DA049,2019-11-04,20:50,12.86970043182373
DA049,2019-11-05,08:00,203.8703918457031
DA049,2019-11-05,12:00,373.3558044433594
DA049,2019-11-05,17:00,162.4530029296875
DA049,2019-11-05,20:08,12.86970043182373
DA049,2019-11-06,08:00,174.3876037597656
DA049,2019-11-06,12:00,114.6750030517578
DA049,2019-11-06,17:00,107.5346984863281
DA049,2019-11-06,21:11,0.0
DA049,2019-11-07,8:01,98.54039001464844
DA049,2019-11-07,12:00,233.1325988769531
DA049,2019-11-07,17:45,590.1345825195312
DA049,2019-11-07,22:23,0.0
DA049,2019-11-08,08:00,0.0
DA049,2019-11-08,12:00,140.5800018310547
DA049,2019-11-08,17:00,106.8600006103516
DA049,2019-11-08,20:56,5.25
DA049,2019-11-09,8:35,123.8103866577148
DA049,2019-11-09,12:00,404.0563049316406
DA049,2019-11-09,17:23,100.0559005737305
DA049,2019-11-09,21:50,2.369699954986572
DA050,2019-10-29,11:18,622.7803955078125
DA050,2019-10-29,17:00,317.78271484375
DA050,2019-10-29,21:03,130.1374053955078
DA050,2019-10-30,12:00,245.4340057373047
DA050,2019-10-30,17:00,81.8489990234375
DA050,2019-10-30,19:30,20.1825008392334
DA050,2019-10-31,8:54,37.3351936340332
DA050,2019-10-31,12:00,174.5435943603516
DA050,2019-10-31,16:44,191.9785003662109
DA050,2019-10-31,22:14,108.8000030517578
DA050,2019-11-01,6:03,37.3351936340332
DA050,2019-11-01,12:00,182.6024932861328
DA050,2019-11-01,17:00,59.754150390625
DA050,2019-11-01,20:00,661.5628051757812
DA050,2019-11-10,,17.81279945373535
DA050,2019-11-10,,212.4808959960938
DA050,2019-11-10,,204.5258941650391
DA050,2019-11-10,,8.906399726867676
DA050,2019-11-11,,78.93519592285156
DA050,2019-11-11,,214.2884979248047
DA050,2019-11-11,,279.7276000976562
DA050,2019-11-11,,0.0
DA050,2019-11-12,,115.3351974487305
DA050,2019-11-02,,86.22413635253906
DA050,2019-11-02,,264.9335021972656
DA050,2019-11-02,,134.5865020751953
DA050,2019-11-02,,23.06279945373535
DA050,2019-11-03,,55.98640060424805
DA050,2019-11-03,,45.86999893188477
DA050,2019-11-03,,97.79070281982422
DA050,2019-11-03,,20.1825008392334
DA050,2019-11-04,,0.0
DA050,2019-11-04,,114.7635116577148
DA050,2019-11-04,,180.3845977783203
DA050,2019-11-04,,8.906399726867676
DA050,2019-11-05,,166.5352020263672
DA050,2019-11-05,,373.3558044433594
DA050,2019-11-05,,162.4530029296875
DA050,2019-11-05,,130.1374053955078
DA050,2019-11-06,,202.9252014160156
DA050,2019-11-06,,45.86999893188477
DA050,2019-11-06,,107.5346984863281
DA050,2019-11-06,,73.90640258789062
DA050,2019-11-07,,61.20519638061523
DA050,2019-11-07,,233.1325988769531
DA050,2019-11-07,,350.3345947265625
DA050,2019-11-07,,0.0
DA050,2019-11-08,,0.0
DA050,2019-11-08,,140.5800018310547
DA050,2019-11-08,,106.8600006103516
DA050,2019-11-08,,0.0
DA050,2019-11-09,,123.8103866577148
DA050,2019-11-09,,404.0563049316406
DA050,2019-11-09,,100.0559005737305
DA050,2019-11-09,,8.906399726867676
DA051,2019-10-29,11:31,311.3901977539062
DA051,2019-10-29,17:00,116.7808685302734
DA051,2019-10-29,21:00,5.25
DA051,2019-10-30,12:00,122.7170028686523
DA051,2019-10-30,17:00,40.92449951171875
DA051,2019-10-30,19:20,0.0
DA051,2019-10-31,11:31,87.27179718017578
DA051,2019-10-31,16:30,95.98925018310547
DA051,2019-10-31,20:56,248.7218475341797
DA051,2019-11-01,11:06,714.01123046875
DA051,2019-11-01,16:30,126.966423034668
DA051,2019-11-10,8:46,0.0
DA051,2019-11-10,11:31,196.6958770751953
DA051,2019-11-10,17:00,241.8610992431641
DA051,2019-11-10,20:00,8.906399726867676
DA051,2019-11-11,,107.1442489624023
DA051,2019-11-11,,517.5900268554688
DA051,2019-11-11,,0.0
DA051,2019-11-12,,129.1999969482422
DA051,2019-11-12,,457.4844055175781
DA051,2019-11-02,12:00,245.3691101074219
DA051,2019-11-02,17:00,97.25129699707031
DA051,2019-11-02,19:26,0.0
DA051,2019-11-03,8:05,0.0
DA051,2019-11-03,12:00,83.20519256591797
DA051,2019-11-03,17:00,37.3351936340332
DA051,2019-11-03,19:30,0.0
DA051,2019-11-04,8:01,0.0
DA051,2019-11-04,12:00,57.38175582885742
DA051,2019-11-04,17:00,248.4649963378906
DA051,2019-11-04,21:15,5.25
DA051,2019-11-05,7:53,203.8703918457031
DA051,2019-11-05,12:26,280.016845703125
DA051,2019-11-05,17:00,81.22650146484375
DA051,2019-11-05,21:00,0.0
DA051,2019-11-06,7:30,145.8500061035156
DA051,2019-11-06,11:11,22.93499946594238
DA051,2019-11-06,17:00,218.6510314941406
DA051,2019-11-07,08:00,2.369699954986572
DA051,2019-11-07,12:00,270.4678039550781
DA051,2019-11-07,17:00,590.1345825195312
DA051,2019-11-07,22:15,0.0
DA051,2019-11-08,08:00,0.0
DA051,2019-11-08,11:38,140.5800018310547
DA051,2019-11-08,17:00,53.43000030517578
DA051,2019-11-08,20:15,0.0
DA051,2019-11-09,6:38,5.25
DA051,2019-11-09,12:00,202.0281524658203
DA051,2019-11-09,17:00,50.02795028686523
DA051,2019-11-09,22:23,0.0
DA052,2019-10-29,12:37,504.4205017089844
DA052,2019-10-29,17:00,79.4456787109375
DA052,2019-10-29,21:22,0.0
DA052,2019-10-30,12:59,245.4340057373047
DA052,2019-10-30,17:00,40.92449951171875
DA052,2019-10-30,19:37,10.5
DA052,2019-10-31,12:00,211.8787994384766
DA052,2019-10-31,17:00,95.98925018310547
DA052,2019-10-31,19:22,119.3000030517578
DA052,2019-11-01,8:52,74.6703872680664
DA052,2019-11-01,11:44,182.6024932861328
DA052,2019-11-01,17:52,59.754150390625
DA052,2019-11-01,21:22,10.5
DA052,2019-11-10,8:16,0.0
DA052,2019-11-10,12:00,249.8161010742188
DA052,2019-11-10,17:00,204.5258941650391
DA052,2019-11-11,8:59,116.270393371582
DA052,2019-11-11,11:52,144.4794464111328
DA052,2019-11-11,17:00,139.8638000488281
DA052,2019-11-11,20:00,0.0
DA052,2019-11-12,,152.6703948974609
DA052,2019-11-12,,74.6703872680664
DA052,2019-11-02,08:00,86.22413635253906
DA052,2019-11-02,12:44,151.1343383789062
DA052,2019-11-02,17:00,97.25129699707031
DA052,2019-11-02,21:52,10.5
DA052,2019-11-03,8:12,141.2400054931641
DA052,2019-11-03,12:29,22.93499946594238
DA052,2019-11-03,17:22,48.89535140991211
DA052,2019-11-03,22:07,4.739399909973145
DA052,2019-11-04,8:07,0.0
DA052,2019-11-04,12:37,152.0987091064453
DA052,2019-11-04,17:00,90.19229888916016
DA052,2019-11-04,20:33,2.369699954986572
DA052,2019-11-05,7:29,203.8703918457031
DA052,2019-11-05,12:00,224.0130920410156
DA052,2019-11-05,17:00,81.22650146484375
DA052,2019-11-05,21:37,0.0
DA052,2019-11-06,8:59,202.9252014160156
DA052,2019-11-06,12:07,45.86999893188477
DA052,2019-11-06,17:11,37.3351936340332
DA052,2019-11-06,20:44,2.369699954986572
DA052,2019-11-07,08:00,98.54039001464844
DA052,2019-11-07,12:00,233.1325988769531
DA052,2019-11-07,16:52,350.3345947265625
DA052,2019-11-07,21:59,0.0
DA052,2019-11-08,8:07,0.0
DA052,2019-11-08,12:00,107.6251983642578
DA052,2019-11-08,17:00,106.8600006103516
DA052,2019-11-08,21:56,0.0
DA052,2019-11-09,6:52,123.8103866577148
DA052,2019-11-09,12:07,239.3633422851562
DA052,2019-11-09,17:14,137.3910980224609
DA052,2019-11-09,20:00,0.0
DA053,2019-10-29,12:00,311.3901977539062
DA053,2019-10-29,16:30,233.5617370605469
DA053,2019-10-29,20:55,17.81279945373535
DA053,2019-10-30,12:00,122.7170028686523
DA053,2019-10-30,16:25,115.5948867797852
DA053,2019-10-30,21:19,0.0
DA053,2019-10-31,12:00,87.27179718017578
DA053,2019-10-31,16:02,95.98925018310547
DA053,2019-10-31,19:32,253.4612426757812
DA053,2019-11-01,08:00,74.6703872680664
DA053,2019-11-01,12:00,506.4412536621094
DA053,2019-11-01,17:00,59.754150390625
DA053,2019-11-10,,0.0
DA053,2019-11-10,,287.1512756347656
DA053,2019-11-10,,204.5258941650391
DA053,2019-11-10,,0.0
DA053,2019-11-11,,0.0
DA053,2019-11-11,,871.9879760742188
DA053,2019-11-11,,8.906399726867676
DA053,2019-11-12,,203.8703918457031
DA053,2019-11-12,,457.4844055175781
DA053,2019-11-02,8:21,37.3351936340332
DA053,2019-11-02,12:00,188.4695434570312
DA053,2019-11-02,17:10,97.25129699707031
DA053,2019-11-02,22:17,0.0
DA053,2019-11-03,08:00,94.16000366210938
DA053,2019-11-03,12:00,45.86999893188477
DA053,2019-11-03,17:00,86.23054504394531
DA053,2019-11-03,21:49,0.0
DA053,2019-11-04,7:54,0.0
DA053,2019-11-04,12:00,57.38175582885742
DA053,2019-11-04,17:00,211.1298065185547
DA053,2019-11-04,20:25,78.0
DA053,2019-11-05,8:02,203.8703918457031
DA053,2019-11-05,12:00,186.6779022216797
DA053,2019-11-05,17:00,155.8968963623047
DA053,2019-11-05,20:00,0.0
DA053,2019-11-06,,145.8500061035156
DA053,2019-11-06,,245.5346984863281
DA053,2019-11-06,,0.0
DA053,2019-11-07,,0.0
DA053,2019-11-07,,590.1345825195312
DA053,2019-11-07,,2.369699954986572
DA053,2019-11-08,,74.6703872680664
DA053,2019-11-08,,140.5800018310547
DA053,2019-11-08,,106.8600006103516
DA053,2019-11-08,,0.0
DA053,2019-11-09,,0.0
DA053,2019-11-09,,478.7266845703125
DA053,2019-11-09,,249.3966827392578
DA053,2019-11-09,,0.0
DA054,2019-10-29,12:00,541.7556762695312
DA054,2019-10-29,16:33,233.5617370605469
DA054,2019-10-29,21:48,140.6374053955078
DA054,2019-10-30,12:00,197.3873901367188
DA054,2019-10-30,17:11,115.5948867797852
DA054,2019-10-30,21:18,0.0
DA054,2019-10-31,8:54,74.6703872680664
DA054,2019-10-31,12:00,118.3062896728516
DA054,2019-10-31,17:00,95.98925018310547
DA054,2019-10-31,19:18,270.0592651367188
DA054,2019-11-01,6:03,74.6703872680664
DA054,2019-11-01,12:00,464.8428955078125
DA054,2019-11-01,16:24,134.4245452880859
DA054,2019-11-10,08:00,0.0
DA054,2019-11-10,12:00,180.9108428955078
DA054,2019-11-10,17:00,176.9333343505859
DA054,2019-11-11,6:33,74.6703872680664
DA054,2019-11-11,12:00,144.4794464111328
DA054,2019-11-11,17:11,732.1242065429688
DA054,2019-11-12,,203.8703918457031
DA054,2019-11-12,,532.15478515625
DA054,2019-11-02,8:11,74.6703872680664
DA054,2019-11-02,12:00,188.4695434570312
DA054,2019-11-02,17:00,97.25129699707031
DA054,2019-11-02,20:03,130.1374053955078
DA054,2019-11-03,08:00,0.0
DA054,2019-11-03,12:00,97.60539245605469
DA054,2019-11-03,17:00,74.6703872680664
DA054,2019-11-03,20:39,5.25
DA054,2019-11-04,08:00,0.0
DA054,2019-11-04,12:19,132.0521392822266
DA054,2019-11-04,17:03,285.8002014160156
DA054,2019-11-04,21:14,0.0
DA054,2019-11-05,7:03,203.8703918457031
DA054,2019-11-05,12:09,186.6779022216797
DA054,2019-11-05,16:29,155.8968963623047
DA054,2019-11-05,21:41,0.0
DA054,2019-11-06,08:00,54.40000152587891
DA054,2019-11-06,12:00,97.60539245605469
DA054,2019-11-06,16:26,197.437744140625
DA054,2019-11-07,08:00,74.6703872680664
DA054,2019-11-07,11:48,307.802978515625
DA054,2019-11-07,17:00,489.6376953125
DA054,2019-11-08,08:00,74.6703872680664
DA054,2019-11-08,12:00,215.2503967285156
DA054,2019-11-08,17:00,128.1003875732422
DA054,2019-11-09,8:03,74.6703872680664
DA054,2019-11-09,12:00,276.6985473632812
DA054,2019-11-09,17:00,124.6983413696289
DA055,2019-10-29,12:00,541.7556762695312
DA055,2019-10-29,17:50,233.5617370605469
DA055,2019-10-29,20:57,130.1374053955078
DA055,2019-10-30,12:28,221.4106903076172
DA055,2019-10-30,17:00,40.92449951171875
DA055,2019-10-30,20:00,0.0
DA055,2019-10-31,12:00,174.5435943603516
DA055,2019-10-31,17:00,191.9785003662109
DA055,2019-10-31,20:37,368.0218505859375
DA055,2019-11-01,8:43,37.3351936340332
DA055,2019-11-01,12:00,506.4412536621094
DA055,2019-11-01,17:00,119.50830078125
DA055,2019-11-01,20:37,0.0
DA055,2019-11-10,8:16,0.0
DA055,2019-11-10,12:00,287.1512756347656
DA055,2019-11-10,17:00,102.2629470825195
DA055,2019-11-10,20:39,0.0
DA055,2019-11-11,08:00,58.13519668579102
DA055,2019-11-11,12:00,53.57212448120117
DA055,2019-11-11,16:03,909.3231811523438
DA055,2019-11-11,21:12,0.0
DA055,2019-11-12,,203.8703918457031
DA055,2019-11-12,,457.4844055175781
DA055,2019-11-02,08:00,74.6703872680664
DA055,2019-11-02,12:00,227.5982971191406
DA055,2019-11-02,17:00,97.25129699707031
DA055,2019-11-02,19:22,0.0
DA055,2019-11-03,08:00,146.4900054931641
DA055,2019-11-03,12:00,22.93499946594238
DA055,2019-11-03,17:00,48.89535140991211
DA055,2019-11-03,20:54,0.0
DA055,2019-11-04,08:00,0.0
DA055,2019-11-04,17:07,211.1298065185547
DA055,2019-11-04,21:20,0.0
DA055,2019-11-05,7:57,203.8703918457031
DA055,2019-11-05,12:00,373.3558044433594
DA055,2019-11-05,17:00,162.4530029296875
DA055,2019-11-05,20:16,5.25
DA055,2019-11-06,6:31,108.8000030517578
DA055,2019-11-06,11:58,120.5403900146484
DA055,2019-11-06,16:27,245.5346984863281
DA055,2019-11-06,22:07,0.0
DA055,2019-11-07,6:42,0.0
DA055,2019-11-07,17:35,590.1345825195312
DA055,2019-11-07,22:05,0.0
DA055,2019-11-08,08:00,74.6703872680664
DA055,2019-11-08,12:00,140.5800018310547
DA055,2019-11-08,17:27,106.8600006103516
DA055,2019-11-08,21:35,0.0
DA055,2019-11-09,08:00,0.0
DA055,2019-11-09,12:58,404.0563049316406
DA055,2019-11-09,17:05,99.68436431884766
DA055,2019-11-09,21:42,5.25
DA056,2019-10-29,08:00,0.0
DA056,2019-10-29,11:35,386.0605773925781
DA056,2019-10-29,17:00,233.5617370605469
DA056,2019-10-29,21:42,0.0
DA056,2019-10-30,6:42,94.12519836425781
DA056,2019-10-30,11:57,320.1044006347656
DA056,2019-10-30,17:00,115.5948867797852
DA056,2019-10-30,19:15,0.0
DA056,2019-10-31,7:45,98.54039001464844
DA056,2019-10-31,12:05,249.2139892578125
DA056,2019-10-31,17:00,266.6488952636719
DA056,2019-10-31,19:00,0.0
DA056,2019-11-01,6:49,74.6703872680664
DA056,2019-11-01,11:53,257.2728881835938
DA056,2019-11-01,17:55,194.1786956787109
DA056,2019-11-01,21:34,0.0
DA056,2019-11-10,,0.0
DA056,2019-11-10,,287.1512756347656
DA056,2019-11-10,,279.1962890625
DA056,2019-11-11,,206.7951965332031
DA056,2019-11-11,,288.9588928222656
DA056,2019-11-11,,354.3979797363281
DA056,2019-11-11,,0.0
DA056,2019-11-12,,108.2751998901367
DA056,2019-11-12,,532.15478515625
DA056,2019-11-02,08:00,120.8853912353516
DA056,2019-11-02,12:00,302.2686767578125
DA056,2019-11-02,17:49,171.9216918945312
DA056,2019-11-02,21:57,0.0
DA056,2019-11-03,8:42,211.8600006103516
DA056,2019-11-03,11:50,120.5403900146484
DA056,2019-11-03,16:34,172.4610900878906
DA056,2019-11-03,20:55,130.1374053955078
DA056,2019-11-04,6:27,0.0
DA056,2019-11-04,11:50,189.4338989257812
DA056,2019-11-04,17:00,255.0549926757812
DA056,2019-11-04,20:00,0.0
DA056,2019-11-05,,216.3952026367188
DA056,2019-11-05,,448.0261840820312
DA056,2019-11-05,,237.1233825683594
DA056,2019-11-05,,0.0
DA056,2019-11-06,,111.7203903198242
DA056,2019-11-06,,120.5403900146484
DA056,2019-11-06,,182.2050933837891
DA056,2019-11-06,,0.0
DA056,2019-11-07,,98.54039001464844
DA056,2019-11-07,,307.802978515625
DA056,2019-11-07,,425.0050048828125
DA056,2019-11-07,,0.0
DA056,2019-11-08,,74.6703872680664
DA056,2019-11-08,,215.2503967285156
DA056,2019-11-08,,181.5303955078125
DA056,2019-11-08,,0.0
DA056,2019-11-09,,123.8103866577148
DA056,2019-11-09,,478.7266845703125
DA056,2019-11-09,,174.7262878417969
DA056,2019-11-09,,0.0
DA057,2019-10-29,11:24,697.4508056640625
DA057,2019-10-29,17:55,355.1178894042969
DA057,2019-10-29,22:10,10.5
DA057,2019-10-30,12:00,320.1044006347656
DA057,2019-10-30,17:00,156.5193939208984
DA057,2019-10-30,19:28,72.98249816894531
DA057,2019-10-31,7:24,98.54039001464844
DA057,2019-10-31,12:00,249.2139892578125
DA057,2019-10-31,17:00,266.6488952636719
DA057,2019-10-31,19:00,201.6282501220703
DA057,2019-11-01,08:00,74.6703872680664
DA057,2019-11-01,12:00,464.8428955078125
DA057,2019-11-01,16:25,194.1786956787109
DA057,2019-11-01,21:32,5.25
DA057,2019-11-10,,0.0
DA057,2019-11-10,,287.1512756347656
DA057,2019-11-10,,279.1962890625
DA057,2019-11-10,,10.5
DA057,2019-11-11,,116.270393371582
DA057,2019-11-11,,288.9588928222656
DA057,2019-11-11,,354.3979797363281
DA057,2019-11-11,,2.369699954986572
DA057,2019-11-12,,203.8703918457031
DA057,2019-11-12,,532.15478515625
DA057,2019-11-02,6:10,86.22413635253906
DA057,2019-11-02,12:00,302.2686767578125
DA057,2019-11-02,17:00,171.9216918945312
DA057,2019-11-02,20:00,0.0
DA057,2019-11-03,08:00,55.98640060424805
DA057,2019-11-03,12:00,74.6703872680664
DA057,2019-11-03,17:00,74.6703872680664
DA057,2019-11-03,20:00,82.7394027709961
DA057,2019-11-04,7:54,0.0
DA057,2019-11-04,12:58,264.1042785644531
DA057,2019-11-04,17:00,255.0549926757812
DA057,2019-11-04,22:40,12.86970043182373
DA057,2019-11-05,08:00,203.8703918457031
DA057,2019-11-05,12:00,448.0261840820312
DA057,2019-11-05,16:34,237.1233825683594
DA057,2019-11-05,22:17,61.70640182495117
DA057,2019-11-06,7:24,202.9252014160156
DA057,2019-11-06,12:00,120.5403900146484
DA057,2019-11-06,17:00,182.2050933837891
DA057,2019-11-06,20:55,19.40640068054199
DA057,2019-11-07,7:55,98.54039001464844
DA057,2019-11-07,12:00,307.802978515625
DA057,2019-11-07,17:00,904.60498046875
DA057,2019-11-07,21:55,286.7999877929688
DA057,2019-11-08,08:00,0.0
DA057,2019-11-08,12:00,215.2503967285156
DA057,2019-11-08,17:10,181.5303955078125
DA057,2019-11-08,21:25,0.0
DA057,2019-11-09,7:40,123.8103866577148
DA057,2019-11-09,11:54,478.7266845703125
DA057,2019-11-09,17:47,174.7262878417969
DA057,2019-11-09,21:55,2.369699954986572
DA058,2019-10-29,11:13,622.7803955078125
DA058,2019-10-29,17:00,317.78271484375
DA058,2019-10-29,22:27,10.5
DA058,2019-10-30,12:00,245.4340057373047
DA058,2019-10-30,17:00,81.8489990234375
DA058,2019-10-30,19:54,111.6457977294922
DA058,2019-10-31,7:43,98.54039001464844
DA058,2019-10-31,12:00,174.5435943603516
DA058,2019-10-31,17:00,191.9785003662109
DA058,2019-10-31,19:09,397.5501098632812
DA058,2019-11-01,08:00,74.6703872680664
DA058,2019-11-01,12:00,597.7424926757812
DA058,2019-11-01,17:57,119.50830078125
DA058,2019-11-01,20:50,28.31279945373535
DA058,2019-11-10,,17.81279945373535
DA058,2019-11-10,,212.4808959960938
DA058,2019-11-10,,204.5258941650391
DA058,2019-11-10,,143.0070953369141
DA058,2019-11-11,,116.270393371582
DA058,2019-11-11,,214.2884979248047
DA058,2019-11-11,,279.7276000976562
DA058,2019-11-11,,2.369699954986572
DA058,2019-11-12,,0.0
DA058,2019-11-12,,457.4844055175781
DA058,2019-11-02,7:35,86.22413635253906
DA058,2019-11-02,12:58,227.5982971191406
DA058,2019-11-02,17:37,97.25129699707031
DA058,2019-11-02,22:07,19.40640068054199
DA058,2019-11-03,7:43,8.906399726867676
DA058,2019-11-03,11:13,45.86999893188477
DA058,2019-11-03,17:00,97.79070281982422
DA058,2019-11-03,20:00,61.00640106201172
DA058,2019-11-04,,0.0
DA058,2019-11-04,,114.7635116577148
DA058,2019-11-04,,180.3845977783203
DA058,2019-11-04,,19.40640068054199
DA058,2019-11-05,,203.8703918457031
DA058,2019-11-05,,373.3558044433594
DA058,2019-11-05,,162.4530029296875
DA058,2019-11-05,,17.81279945373535
DA058,2019-11-06,,202.9252014160156
DA058,2019-11-06,,45.86999893188477
DA058,2019-11-06,,107.5346984863281
DA058,2019-11-06,,149.5437927246094
DA058,2019-11-07,,98.54039001464844
DA058,2019-11-07,,233.1325988769531
DA058,2019-11-07,,350.3345947265625
DA058,2019-11-07,,40.98249816894531
DA058,2019-11-08,,0.0
DA058,2019-11-08,,140.5800018310547
DA058,2019-11-08,,106.8600006103516
DA058,2019-11-08,,191.143798828125
DA058,2019-11-09,,123.8103866577148
DA058,2019-11-09,,404.0563049316406
DA058,2019-11-09,,100.0559005737305
DA058,2019-11-09,,19.40640068054199
DA059,2019-10-29,12:00,386.0605773925781
DA059,2019-10-29,17:22,233.5617370605469
DA059,2019-10-29,20:52,130.1374053955078
DA059,2019-10-30,7:14,151.2003936767578
DA059,2019-10-30,12:00,320.1044006347656
DA059,2019-10-30,17:00,156.5193939208984
DA059,2019-10-30,19:17,0.0
DA059,2019-10-31,6:37,173.2107849121094
DA059,2019-10-31,12:00,249.2139892578125
DA059,2019-10-31,17:00,266.6488952636719
DA059,2019-10-31,20:56,0.0
DA059,2019-11-01,08:00,149.3407745361328
DA059,2019-11-01,12:00,257.2728881835938
DA059,2019-11-01,16:37,194.1786956787109
DA059,2019-11-01,20:56,0.0
DA059,2019-11-10,08:00,0.0
DA059,2019-11-10,11:10,287.1512756347656
DA059,2019-11-10,17:18,279.1962890625
DA059,2019-11-10,22:37,0.0
DA059,2019-11-11,08:00,206.7951965332031
DA059,2019-11-11,12:00,288.9588928222656
DA059,2019-11-11,16:07,354.3979797363281
DA059,2019-11-11,19:37,0.0
DA059,2019-11-12,7:52,165.3504028320312
DA059,2019-11-12,12:00,532.15478515625
DA059,2019-11-02,08:00,195.5557861328125
DA059,2019-11-02,12:00,302.2686767578125
DA059,2019-11-02,17:02,171.9216918945312
DA059,2019-11-02,22:06,130.1374053955078
DA059,2019-11-03,8:52,211.8600006103516
DA059,2019-11-03,12:00,120.5403900146484
DA059,2019-11-03,17:00,172.4610900878906
DA059,2019-11-03,20:32,130.1374053955078
DA059,2019-11-04,12:00,189.4338989257812
DA059,2019-11-04,17:00,255.0549926757812
DA059,2019-11-04,21:59,0.0
DA059,2019-11-05,6:52,216.3952026367188
DA059,2019-11-05,12:00,448.0261840820312
DA059,2019-11-05,17:00,237.1233825683594
DA059,2019-11-05,20:52,0.0
DA059,2019-11-06,08:00,186.3907775878906
DA059,2019-11-06,12:00,120.5403900146484
DA059,2019-11-06,17:00,182.2050933837891
DA059,2019-11-07,8:33,173.2107849121094
DA059,2019-11-07,12:00,307.802978515625
DA059,2019-11-07,17:00,425.0050048828125
DA059,2019-11-07,22:07,0.0
DA059,2019-11-08,08:00,149.3407745361328
DA059,2019-11-08,12:00,215.2503967285156
DA059,2019-11-08,16:07,181.5303955078125
DA059,2019-11-08,19:44,0.0
DA059,2019-11-09,8:44,198.4807739257812
DA059,2019-11-09,12:00,478.7266845703125
DA059,2019-11-09,17:00,174.7262878417969
DA060,2019-10-29,12:24,697.4508056640625
DA060,2019-10-29,17:00,392.4530944824219
DA060,2019-10-29,22:38,0.0
DA060,2019-10-30,7:27,151.2003936767578
DA060,2019-10-30,12:00,394.7747802734375
DA060,2019-10-30,17:00,149.3407745361328
DA060,2019-10-31,8:34,173.2107849121094
DA060,2019-10-31,12:00,323.8843688964844
DA060,2019-10-31,17:00,341.3192749023438
DA060,2019-11-01,7:46,149.3407745361328
DA060,2019-11-01,12:00,331.9432678222656
DA060,2019-11-01,17:00,268.8490905761719
DA060,2019-11-01,19:03,0.0
DA060,2019-11-10,,0.0
DA060,2019-11-10,,361.8216857910156
DA060,2019-11-10,,353.8666687011719
DA060,2019-11-10,,0.0
DA060,2019-11-11,,206.7951965332031
DA060,2019-11-11,,288.9588928222656
DA060,2019-11-11,,354.3979797363281
DA060,2019-11-12,,108.2751998901367
DA060,2019-11-12,,532.15478515625
DA060,2019-11-02,6:57,195.5557861328125
DA060,2019-11-02,11:09,376.9390869140625
DA060,2019-11-02,17:00,246.5920867919922
DA060,2019-11-02,19:31,0.0
DA060,2019-11-03,08:00,211.8600006103516
DA060,2019-11-03,12:00,195.2107849121094
DA060,2019-11-03,17:23,247.1314849853516
DA060,2019-11-04,7:04,0.0
DA060,2019-11-04,12:46,264.1042785644531
DA060,2019-11-04,17:43,329.7253723144531
DA060,2019-11-05,7:16,216.3952026367188
DA060,2019-11-05,11:49,522.6965942382812
DA060,2019-11-05,17:00,311.7937927246094
DA060,2019-11-06,,186.3907775878906
DA060,2019-11-06,,195.2107849121094
DA060,2019-11-06,,256.87548828125
DA060,2019-11-06,,0.0
DA060,2019-11-07,,173.2107849121094
DA060,2019-11-07,,382.473388671875
DA060,2019-11-07,,499.6753845214844
DA060,2019-11-07,,0.0
DA060,2019-11-08,,149.3407745361328
DA060,2019-11-08,,289.9207763671875
DA060,2019-11-08,,256.2007751464844
DA060,2019-11-08,,0.0
DA060,2019-11-09,,198.4807739257812
DA060,2019-11-09,,553.3970947265625
DA060,2019-11-09,,249.3966827392578
DA060,2019-11-09,,0.0
DA061,2019-10-29,08:00,0.0
DA061,2019-10-29,11:58,460.7309875488281
DA061,2019-10-29,17:00,308.2321166992188
DA061,2019-10-30,7:20,151.2003936767578
DA061,2019-10-30,11:58,394.7747802734375
DA061,2019-10-30,17:12,193.8545837402344
DA061,2019-10-31,08:00,173.2107849121094
DA061,2019-10-31,12:00,323.8843688964844
DA061,2019-10-31,17:00,266.6488952636719
DA061,2019-11-01,08:00,149.3407745361328
DA061,2019-11-01,12:00,331.9432678222656
DA061,2019-11-01,17:00,268.8490905761719
DA061,2019-11-01,21:20,0.0
DA061,2019-11-10,,0.0
DA061,2019-11-10,,361.8216857910156
DA061,2019-11-10,,353.8666687011719
DA061,2019-11-10,,0.0
DA061,2019-11-11,,206.7951965332031
DA061,2019-11-11,,363.6292724609375
DA061,2019-11-11,,871.9879760742188
DA061,2019-11-12,,108.2751998901367
DA061,2019-11-12,,606.8251953125
DA061,2019-11-02,6:27,195.5557861328125
DA061,2019-11-02,11:20,376.9390869140625
DA061,2019-11-02,17:00,246.5920867919922
DA061,2019-11-02,21:42,0.0
DA061,2019-11-03,08:00,211.8600006103516
DA061,2019-11-03,12:58,149.3407745361328
DA061,2019-11-03,17:00,247.1314849853516
DA061,2019-11-04,08:00,0.0
DA061,2019-11-04,12:00,264.1042785644531
DA061,2019-11-04,17:00,450.6628723144531
DA061,2019-11-05,08:00,216.3952026367188
DA061,2019-11-05,12:00,522.6965942382812
DA061,2019-11-05,17:00,311.7937927246094
DA061,2019-11-05,22:12,0.0
DA061,2019-11-06,08:00,186.3907775878906
DA061,2019-11-06,12:35,195.2107849121094
DA061,2019-11-06,17:00,256.87548828125
DA061,2019-11-06,20:00,0.0
DA061,2019-11-07,7:57,173.2107849121094
DA061,2019-11-07,12:50,382.473388671875
DA061,2019-11-07,17:00,499.6753845214844
DA061,2019-11-07,19:54,0.0
DA061,2019-11-08,6:47,149.3407745361328
DA061,2019-11-08,12:00,289.9207763671875
DA061,2019-11-08,17:00,256.2007751464844
DA061,2019-11-08,20:00,0.0
DA061,2019-11-09,,198.4807739257812
DA061,2019-11-09,,553.3970947265625
DA061,2019-11-09,,249.3966827392578
DA061,2019-11-09,,0.0
DA062,2019-10-29,08:00,0.0
DA062,2019-10-29,11:31,155.6950988769531
DA062,2019-10-29,17:00,317.78271484375
DA062,2019-10-30,7:24,94.12519836425781
DA062,2019-10-30,11:01,282.7691955566406
DA062,2019-10-30,17:47,81.8489990234375
DA062,2019-10-30,22:09,0.0
DA062,2019-10-31,7:57,86.60539245605469
DA062,2019-10-31,12:00,124.6069946289062
DA062,2019-10-31,17:00,95.98925018310547
DA062,2019-11-01,,74.6703872680664
DA062,2019-11-01,,219.9376983642578
DA062,2019-11-01,,119.50830078125
DA062,2019-11-01,,207.5700073242188
DA062,2019-11-10,,0.0
DA062,2019-11-10,,287.1512756347656
DA062,2019-11-10,,204.5258941650391
DA062,2019-11-10,,0.0
DA062,2019-11-11,,206.7951965332031
DA062,2019-11-11,,288.9588928222656
DA062,2019-11-11,,317.0628051757812
DA062,2019-11-11,,0.0
DA062,2019-11-12,,108.2751998901367
DA062,2019-11-12,,532.15478515625
DA062,2019-11-12,,0.0
DA062,2019-11-02,,120.8853912353516
DA062,2019-11-02,,264.9335021972656
DA062,2019-11-02,,134.5865020751953
DA062,2019-11-03,,211.8600006103516
DA062,2019-11-03,,83.20519256591797
DA062,2019-11-03,,97.79070281982422
DA062,2019-11-03,,130.1374053955078
DA062,2019-11-04,,0.0
DA062,2019-11-04,,189.4338989257812
DA062,2019-11-04,,180.3845977783203
DA062,2019-11-05,,216.3952026367188
DA062,2019-11-05,,448.0261840820312
DA062,2019-11-05,,162.4530029296875
DA062,2019-11-05,,0.0
DA062,2019-11-06,,111.7203903198242
DA062,2019-11-06,,120.5403900146484
DA062,2019-11-06,,245.5346984863281
DA062,2019-11-07,,98.54039001464844
DA062,2019-11-07,,307.802978515625
DA062,2019-11-07,,350.3345947265625
DA062,2019-11-07,,0.0
DA062,2019-11-08,,74.6703872680664
DA062,2019-11-08,,215.2503967285156
DA062,2019-11-08,,106.8600006103516
DA062,2019-11-08,,0.0
DA062,2019-11-09,,123.8103866577148
DA062,2019-11-09,,478.7266845703125
DA062,2019-11-09,,100.0559005737305
DA062,2019-11-09,,0.0
DA063,2019-10-29,08:00,0.0
DA063,2019-10-29,12:00,660.1156005859375
DA063,2019-10-29,17:04,317.78271484375
DA063,2019-10-29,20:49,0.0
DA063,2019-10-30,7:16,65.58760070800781
DA063,2019-10-30,12:00,320.1044006347656
DA063,2019-10-30,17:00,81.8489990234375
DA063,2019-10-30,19:30,130.1374053955078
DA063,2019-10-31,8:50,98.54039001464844
DA063,2019-10-31,12:00,249.2139892578125
DA063,2019-10-31,17:00,191.9785003662109
DA063,2019-10-31,19:10,0.0
DA063,2019-11-01,8:05,74.6703872680664
DA063,2019-11-01,12:42,257.2728881835938
DA063,2019-11-01,17:00,119.50830078125
DA063,2019-11-01,20:00,0.0
DA063,2019-11-10,7:20,0.0
DA063,2019-11-10,12:00,287.1512756347656
DA063,2019-11-10,17:00,204.5258941650391
DA063,2019-11-10,19:34,0.0
DA063,2019-11-11,7:40,206.7951965332031
DA063,2019-11-11,12:50,74.6703872680664
DA063,2019-11-11,17:00,354.3979797363281
DA063,2019-11-11,19:49,0.0
DA063,2019-11-12,,108.2751998901367
DA063,2019-11-12,,532.15478515625
DA063,2019-11-12,,0.0
DA063,2019-11-02,7:00,120.8853912353516
DA063,2019-11-02,11:50,227.5982971191406
DA063,2019-11-02,17:00,97.25129699707031
DA063,2019-11-02,19:34,10.5
DA063,2019-11-03,7:35,211.8600006103516
DA063,2019-11-03,11:00,120.5403900146484
DA063,2019-11-03,17:00,97.79070281982422
DA063,2019-11-03,20:00,0.0
DA063,2019-11-04,8:35,0.0
DA063,2019-11-04,12:00,189.4338989257812
DA063,2019-11-04,16:27,180.3845977783203
DA063,2019-11-04,20:34,0.0
DA063,2019-11-05,8:27,216.3952026367188
DA063,2019-11-05,12:20,448.0261840820312
DA063,2019-11-05,17:00,162.4530029296875
DA063,2019-11-06,7:19,111.7203903198242
DA063,2019-11-06,12:50,120.5403900146484
DA063,2019-11-06,17:00,107.5346984863281
DA063,2019-11-06,22:12,0.0
DA063,2019-11-07,7:49,98.54039001464844
DA063,2019-11-07,12:05,307.802978515625
DA063,2019-11-07,17:00,350.3345947265625
DA063,2019-11-07,19:04,0.0
DA063,2019-11-08,6:30,74.6703872680664
DA063,2019-11-08,12:20,215.2503967285156
DA063,2019-11-08,17:57,106.8600006103516
DA063,2019-11-08,20:00,0.0
DA063,2019-11-09,6:49,123.8103866577148
DA063,2019-11-09,12:00,478.7266845703125
DA063,2019-11-09,17:00,100.0559005737305
DA063,2019-11-09,22:10,0.0
DA064,2019-10-29,08:00,0.0
DA064,2019-10-29,12:00,697.4508056640625
DA064,2019-10-29,16:22,392.4530944824219
DA064,2019-10-29,22:52,130.1374053955078
DA064,2019-10-30,8:34,151.2003936767578
DA064,2019-10-30,12:00,320.1044006347656
DA064,2019-10-30,17:00,156.5193939208984
DA064,2019-10-30,19:04,132.2400054931641
DA064,2019-10-31,7:22,173.2107849121094
DA064,2019-10-31,12:37,249.2139892578125
DA064,2019-10-31,17:00,266.6488952636719
DA064,2019-10-31,20:00,0.0
DA064,2019-11-01,08:00,149.3407745361328
DA064,2019-11-01,12:00,257.2728881835938
DA064,2019-11-01,17:00,194.1786956787109
DA064,2019-11-01,20:18,0.0
DA064,2019-11-10,6:15,0.0
DA064,2019-11-10,11:28,287.1512756347656
DA064,2019-11-10,16:03,279.1962890625
DA064,2019-11-10,20:00,0.0
DA064,2019-11-11,08:00,206.7951965332031
DA064,2019-11-11,12:45,288.9588928222656
DA064,2019-11-11,17:00,354.3979797363281
DA064,2019-11-11,19:52,0.0
DA064,2019-11-12,,165.3504028320312
DA064,2019-11-12,,532.15478515625
DA064,2019-11-12,,0.0
DA064,2019-11-02,08:00,149.3407745361328
DA064,2019-11-02,12:00,302.2686767578125
DA064,2019-11-02,17:00,171.9216918945312
DA064,2019-11-02,21:43,0.0
DA064,2019-11-03,08:00,211.8600006103516
DA064,2019-11-03,12:00,120.5403900146484
DA064,2019-11-03,17:00,172.4610900878906
DA064,2019-11-03,19:27,0.0
DA064,2019-11-04,6:52,0.0
DA064,2019-11-04,12:30,189.4338989257812
DA064,2019-11-04,17:48,255.0549926757812
DA064,2019-11-05,6:52,216.3952026367188
DA064,2019-11-05,12:32,448.0261840820312
DA064,2019-11-05,17:00,237.1233825683594
DA064,2019-11-05,20:00,0.0
DA064,2019-11-06,7:15,186.3907775878906
DA064,2019-11-06,12:07,120.5403900146484
DA064,2019-11-06,18:00,182.2050933837891
DA064,2019-11-06,21:22,0.0
DA064,2019-11-07,9:00,173.2107849121094
DA064,2019-11-07,12:58,307.802978515625
DA064,2019-11-07,17:00,425.0050048828125
DA064,2019-11-07,22:37,0.0
DA064,2019-11-08,08:00,149.3407745361328
DA064,2019-11-08,12:00,215.2503967285156
DA064,2019-11-08,17:48,181.5303955078125
DA064,2019-11-08,22:00,0.0
DA064,2019-11-09,7:57,198.4807739257812
DA064,2019-11-09,12:00,478.7266845703125
DA064,2019-11-09,17:42,174.7262878417969
DA064,2019-11-09,22:08,0.0
DA065,2019-10-29,,0.0
DA065,2019-10-29,,660.1156005859375
DA065,2019-10-29,,467.1234741210938
DA065,2019-10-30,,151.2003936767578
DA065,2019-10-30,,394.7747802734375
DA065,2019-10-30,,231.1897735595703
DA065,2019-10-31,,173.2107849121094
DA065,2019-10-31,,323.8843688964844
DA065,2019-10-31,,341.3192749023438
DA065,2019-10-31,,0.0
DA065,2019-11-01,,149.3407745361328
DA065,2019-11-01,,331.9432678222656
DA065,2019-11-01,,268.8490905761719
DA065,2019-11-01,,0.0
DA065,2019-11-10,,0.0
DA065,2019-11-10,,361.8216857910156
DA065,2019-11-10,,353.8666687011719
DA065,2019-11-10,,0.0
DA065,2019-11-11,,206.7951965332031
DA065,2019-11-11,,288.9588928222656
DA065,2019-11-11,,354.3979797363281
DA065,2019-11-11,,0.0
DA065,2019-11-12,,108.2751998901367
DA065,2019-11-12,,532.15478515625
DA065,2019-11-12,,0.0
DA065,2019-11-02,,195.5557861328125
DA065,2019-11-02,,376.9390869140625
DA065,2019-11-02,,246.5920867919922
DA065,2019-11-02,,0.0
DA065,2019-11-03,,211.8600006103516
DA065,2019-11-03,,195.2107849121094
DA065,2019-11-03,,247.1314849853516
DA065,2019-11-04,,0.0
DA065,2019-11-04,,264.1042785644531
DA065,2019-11-04,,329.7253723144531
DA065,2019-11-04,,0.0
DA065,2019-11-05,,216.3952026367188
DA065,2019-11-05,,522.6965942382812
DA065,2019-11-05,,311.7937927246094
DA065,2019-11-05,,0.0
DA065,2019-11-06,,186.3907775878906
DA065,2019-11-06,,195.2107849121094
DA065,2019-11-06,,256.87548828125
DA065,2019-11-06,,0.0
DA065,2019-11-07,,173.2107849121094
DA065,2019-11-07,,149.3407745361328
DA065,2019-11-07,,149.3407745361328
DA065,2019-11-07,,0.0
DA065,2019-11-08,,149.3407745361328
DA065,2019-11-08,,289.9207763671875
DA065,2019-11-08,,256.2007751464844
DA065,2019-11-08,,0.0
DA065,2019-11-09,,198.4807739257812
DA065,2019-11-09,,553.3970947265625
DA065,2019-11-09,,249.3966827392578
DA065,2019-11-09,,0.0
DA066,2019-10-29,08:00,0.0
DA066,2019-10-29,12:27,386.0605773925781
DA066,2019-10-29,16:25,355.1178894042969
DA066,2019-10-29,22:49,0.0
DA066,2019-10-30,7:27,151.2003936767578
DA066,2019-10-30,12:00,320.1044006347656
DA066,2019-10-30,17:00,156.5193939208984
DA066,2019-10-30,20:40,0.0
DA066,2019-10-31,6:30,98.54039001464844
DA066,2019-10-31,11:38,249.2139892578125
DA066,2019-10-31,17:15,266.6488952636719
DA066,2019-10-31,21:45,0.0
DA066,2019-11-01,7:49,149.3407745361328
DA066,2019-11-01,12:00,257.2728881835938
DA066,2019-11-01,17:00,194.1786956787109
DA066,2019-11-01,20:00,10.5
DA066,2019-11-10,8:42,0.0
DA066,2019-11-10,12:27,287.1512756347656
DA066,2019-11-10,17:00,279.1962890625
DA066,2019-11-10,20:00,0.0
DA066,2019-11-11,7:40,206.7951965332031
DA066,2019-11-11,12:15,288.9588928222656
DA066,2019-11-11,17:00,279.7276000976562
DA066,2019-11-11,21:12,0.0
DA066,2019-11-12,,108.2751998901367
DA066,2019-11-12,,532.15478515625
DA066,2019-11-12,,0.0
DA066,2019-11-02,08:00,195.5557861328125
DA066,2019-11-02,12:00,302.2686767578125
DA066,2019-11-02,17:00,171.9216918945312
DA066,2019-11-02,21:10,0.0
DA066,2019-11-03,08:00,211.8600006103516
DA066,2019-11-03,12:00,120.5403900146484
DA066,2019-11-03,17:00,172.4610900878906
DA066,2019-11-03,20:49,0.0
DA066,2019-11-04,7:50,0.0
DA066,2019-11-04,12:35,189.4338989257812
DA066,2019-11-04,17:00,255.0549926757812
DA066,2019-11-04,20:01,0.0
DA066,2019-11-05,08:00,216.3952026367188
DA066,2019-11-05,12:00,448.0261840820312
DA066,2019-11-05,16:19,237.1233825683594
DA066,2019-11-05,20:25,0.0
DA066,2019-11-06,08:00,186.3907775878906
DA066,2019-11-06,12:00,120.5403900146484
DA066,2019-11-06,17:00,182.2050933837891
DA066,2019-11-06,22:04,0.0
DA066,2019-11-07,08:00,98.54039001464844
DA066,2019-11-07,11:12,307.802978515625
DA066,2019-11-07,17:00,425.0050048828125
DA066,2019-11-07,21:27,0.0
DA066,2019-11-08,7:27,74.6703872680664
DA066,2019-11-08,12:00,215.2503967285156
DA066,2019-11-08,16:19,181.5303955078125
DA066,2019-11-08,21:00,0.0
DA066,2019-11-09,8:00,123.8103866577148
DA066,2019-11-09,12:00,478.7266845703125
DA066,2019-11-09,17:45,174.7262878417969
DA066,2019-11-09,21:19,0.0
DA067,2019-10-29,08:00,0.0
DA067,2019-10-29,12:00,348.7254028320312
DA067,2019-10-29,17:00,79.4456787109375
DA067,2019-10-29,20:56,130.1374053955078
DA067,2019-10-30,08:00,151.2003936767578
DA067,2019-10-30,12:00,320.1044006347656
DA067,2019-10-30,17:00,20.46224975585938
DA067,2019-10-30,20:00,130.1374053955078
DA067,2019-10-31,7:12,173.2107849121094
DA067,2019-10-31,11:56,249.2139892578125
DA067,2019-10-31,17:00,191.9785003662109
DA067,2019-10-31,20:06,409.9811096191406
DA067,2019-11-01,6:07,149.3407745361328
DA067,2019-11-01,11:31,257.2728881835938
DA067,2019-11-01,17:00,119.50830078125
DA067,2019-11-01,20:36,0.0
DA067,2019-11-10,,0.0
DA067,2019-11-10,,287.1512756347656
DA067,2019-11-10,,204.5258941650391
DA067,2019-11-10,,0.0
DA067,2019-11-11,,206.7951965332031
DA067,2019-11-11,,288.9588928222656
DA067,2019-11-11,,279.7276000976562
DA067,2019-11-11,,0.0
DA067,2019-11-12,,108.2751998901367
DA067,2019-11-12,,532.15478515625
DA067,2019-11-12,,0.0
DA067,2019-11-02,08:00,149.3407745361328
DA067,2019-11-02,12:00,302.2686767578125
DA067,2019-11-02,16:41,97.25129699707031
DA067,2019-11-02,21:34,0.0
DA067,2019-11-03,8:49,211.8600006103516
DA067,2019-11-03,12:00,120.5403900146484
DA067,2019-11-03,17:00,97.79070281982422
DA067,2019-11-03,20:15,0.0
DA067,2019-11-04,6:32,0.0
DA067,2019-11-04,12:11,189.4338989257812
DA067,2019-11-04,16:16,180.3845977783203
DA067,2019-11-04,20:21,0.0
DA067,2019-11-05,7:42,216.3952026367188
DA067,2019-11-05,12:56,448.0261840820312
DA067,2019-11-05,17:34,162.4530029296875
DA067,2019-11-05,21:26,0.0
DA067,2019-11-06,08:00,111.7203903198242
DA067,2019-11-06,12:00,120.5403900146484
DA067,2019-11-06,17:21,107.5346984863281
DA067,2019-11-06,21:19,0.0
DA067,2019-11-07,7:27,98.54039001464844
DA067,2019-11-07,12:11,307.802978515625
DA067,2019-11-07,17:00,350.3345947265625
DA067,2019-11-07,19:26,0.0
DA067,2019-11-08,08:00,74.6703872680664
DA067,2019-11-08,12:00,215.2503967285156
DA067,2019-11-08,17:00,106.8600006103516
DA067,2019-11-08,20:00,0.0
DA067,2019-11-09,,123.8103866577148
DA067,2019-11-09,,478.7266845703125
DA067,2019-11-09,,100.0559005737305
DA067,2019-11-09,,0.0
DA068,2019-10-29,08:00,0.0
DA068,2019-10-29,12:00,697.4508056640625
DA068,2019-10-29,17:02,158.891357421875
DA068,2019-10-29,19:47,0.0
DA068,2019-10-30,08:00,84.86270141601562
DA068,2019-10-30,12:00,258.7458801269531
DA068,2019-10-30,17:00,61.38674926757812
DA068,2019-10-31,6:32,98.54039001464844
DA068,2019-10-31,12:00,249.2139892578125
DA068,2019-10-31,17:00,191.9785003662109
DA068,2019-10-31,20:00,0.0
DA068,2019-11-01,8:07,74.6703872680664
DA068,2019-11-01,12:00,257.2728881835938
DA068,2019-11-01,17:00,119.50830078125
DA068,2019-11-01,20:17,0.0
DA068,2019-11-10,08:00,0.0
DA068,2019-11-10,12:00,287.1512756347656
DA068,2019-11-10,17:32,279.1962890625
DA068,2019-11-10,20:27,0.0
DA068,2019-11-11,8:31,206.7951965332031
DA068,2019-11-11,11:31,288.9588928222656
DA068,2019-11-11,17:47,354.3979797363281
DA068,2019-11-11,21:17,0.0
DA068,2019-11-12,7:46,108.2751998901367
DA068,2019-11-12,12:00,532.15478515625
DA068,2019-11-12,20:00,0.0
DA068,2019-11-02,8:24,120.8853912353516
DA068,2019-11-02,12:01,302.2686767578125
DA068,2019-11-02,17:32,97.25129699707031
DA068,2019-11-03,08:00,211.8600006103516
DA068,2019-11-03,12:00,120.5403900146484
DA068,2019-11-03,17:00,97.79070281982422
DA068,2019-11-03,19:32,130.1374053955078
DA068,2019-11-04,12:00,189.4338989257812
DA068,2019-11-04,17:47,255.0549926757812
DA068,2019-11-04,21:47,0.0
DA068,2019-11-05,08:00,216.3952026367188
DA068,2019-11-05,12:00,448.0261840820312
DA068,2019-11-05,17:00,237.1233825683594
DA068,2019-11-05,20:00,0.0
DA068,2019-11-06,6:17,111.7203903198242
DA068,2019-11-06,12:01,120.5403900146484
DA068,2019-11-06,17:00,182.2050933837891
DA068,2019-11-06,19:02,0.0
DA068,2019-11-07,7:16,98.54039001464844
DA068,2019-11-07,11:46,307.802978515625
DA068,2019-11-07,17:00,425.0050048828125
DA068,2019-11-07,21:39,0.0
DA068,2019-11-08,8:16,74.6703872680664
DA068,2019-11-08,12:46,215.2503967285156
DA068,2019-11-08,17:00,181.5303955078125
DA068,2019-11-08,20:00,0.0
DA068,2019-11-09,6:46,123.8103866577148
DA068,2019-11-09,12:00,478.7266845703125
DA068,2019-11-09,17:00,174.7262878417969
DA068,2019-11-09,20:22,0.0
DA069,2019-10-29,,0.0
DA069,2019-10-29,,772.1211547851562
DA069,2019-10-29,,467.1234741210938
DA069,2019-10-29,,0.0
DA069,2019-10-30,,151.2003936767578
DA069,2019-10-30,,394.7747802734375
DA069,2019-10-30,,231.1897735595703
DA069,2019-10-30,,0.0
DA069,2019-10-31,,173.2107849121094
DA069,2019-10-31,,323.8843688964844
DA069,2019-10-31,,341.3192749023438
DA069,2019-11-01,,149.3407745361328
DA069,2019-11-01,,331.9432678222656
DA069,2019-11-01,,268.8490905761719
DA069,2019-11-10,,0.0
DA069,2019-11-10,,361.8216857910156
DA069,2019-11-10,,353.8666687011719
DA069,2019-11-11,,206.7951965332031
DA069,2019-11-11,,363.6292724609375
DA069,2019-11-11,,429.0683898925781
DA069,2019-11-12,,165.3504028320312
DA069,2019-11-12,,606.8251953125
DA069,2019-11-02,,195.5557861328125
DA069,2019-11-02,,376.9390869140625
DA069,2019-11-02,,246.5920867919922
DA069,2019-11-03,,211.8600006103516
DA069,2019-11-03,,195.2107849121094
DA069,2019-11-03,,247.1314849853516
DA069,2019-11-04,,0.0
DA069,2019-11-04,,264.1042785644531
DA069,2019-11-04,,329.7253723144531
DA069,2019-11-05,,216.3952026367188
DA069,2019-11-05,,522.6965942382812
DA069,2019-11-05,,311.7937927246094
DA069,2019-11-05,,0.0
DA069,2019-11-06,,186.3907775878906
DA069,2019-11-06,,195.2107849121094
DA069,2019-11-06,,256.87548828125
DA069,2019-11-07,,173.2107849121094
DA069,2019-11-07,,382.473388671875
DA069,2019-11-07,,412.0917358398438
DA069,2019-11-08,,149.3407745361328
DA069,2019-11-08,,289.9207763671875
DA069,2019-11-08,,256.2007751464844
DA069,2019-11-09,,198.4807739257812
DA069,2019-11-09,,553.3970947265625
DA069,2019-11-09,,249.3966827392578
DA070,2019-10-29,08:00,0.0
DA070,2019-10-29,12:37,348.7254028320312
DA070,2019-10-29,17:15,275.6722106933594
DA070,2019-10-29,20:07,0.0
DA070,2019-10-30,6:27,94.12519836425781
DA070,2019-10-30,12:00,320.1044006347656
DA070,2019-10-30,17:00,231.1897735595703
DA070,2019-10-30,19:18,0.0
DA070,2019-10-31,7:00,173.2107849121094
DA070,2019-10-31,12:02,323.8843688964844
DA070,2019-10-31,17:00,266.6488952636719
DA070,2019-10-31,20:00,0.0
DA070,2019-11-01,7:15,149.3407745361328
DA070,2019-11-01,11:52,331.9432678222656
DA070,2019-11-01,17:00,194.1786956787109
DA070,2019-11-01,20:00,130.1374053955078
DA070,2019-11-10,8:13,0.0
DA070,2019-11-10,12:00,361.8216857910156
DA070,2019-11-10,17:00,279.1962890625
DA070,2019-11-10,22:07,0.0
DA070,2019-11-11,08:00,206.7951965332031
DA070,2019-11-11,12:00,288.9588928222656
DA070,2019-11-11,17:00,354.3979797363281
DA070,2019-11-11,20:00,0.0
DA070,2019-11-12,,108.2751998901367
DA070,2019-11-12,,532.15478515625
DA070,2019-11-12,,0.0
DA070,2019-11-02,7:07,195.5557861328125
DA070,2019-11-02,11:52,376.9390869140625
DA070,2019-11-02,17:00,171.9216918945312
DA070,2019-11-02,20:57,0.0
DA070,2019-11-03,7:26,211.8600006103516
DA070,2019-11-03,12:52,195.2107849121094
DA070,2019-11-03,17:00,172.4610900878906
DA070,2019-11-03,22:52,0.0
DA070,2019-11-04,7:08,0.0
DA070,2019-11-04,11:47,264.1042785644531
DA070,2019-11-04,17:00,329.7253723144531
DA070,2019-11-05,6:22,216.3952026367188
DA070,2019-11-05,11:22,522.6965942382812
DA070,2019-11-05,17:00,311.7937927246094
DA070,2019-11-05,20:00,0.0
DA070,2019-11-06,6:30,186.3907775878906
DA070,2019-11-06,12:00,195.2107849121094
DA070,2019-11-06,17:00,182.2050933837891
DA070,2019-11-06,20:00,130.1374053955078
DA070,2019-11-07,08:00,173.2107849121094
DA070,2019-11-07,12:00,382.473388671875
DA070,2019-11-07,17:00,425.0050048828125
DA070,2019-11-07,19:22,0.0
DA070,2019-11-08,7:37,149.3407745361328
DA070,2019-11-08,12:00,289.9207763671875
DA070,2019-11-08,17:00,181.5303955078125
DA070,2019-11-08,22:37,130.1374053955078
DA070,2019-11-09,7:15,198.4807739257812
DA070,2019-11-09,11:52,553.3970947265625
DA070,2019-11-09,17:00,174.7262878417969
DA070,2019-11-09,19:22,0.0
DA071,2019-10-29,08:00,0.0
DA071,2019-10-29,12:00,697.4508056640625
DA071,2019-10-29,17:00,154.1160583496094
DA071,2019-10-29,20:41,0.0
DA071,2019-10-30,08:00,151.2003936767578
DA071,2019-10-30,12:00,320.1044006347656
DA071,2019-10-30,17:00,156.5193939208984
DA071,2019-10-30,22:20,0.0
DA071,2019-10-31,08:00,173.2107849121094
DA071,2019-10-31,12:56,249.2139892578125
DA071,2019-10-31,17:00,266.6488952636719
DA071,2019-10-31,21:48,279.8436889648438
DA071,2019-11-01,7:11,149.3407745361328
DA071,2019-11-01,12:41,257.2728881835938
DA071,2019-11-01,17:11,194.1786956787109
DA071,2019-11-01,20:20,207.5700073242188
DA071,2019-11-10,,0.0
DA071,2019-11-10,,287.1512756347656
DA071,2019-11-10,,279.1962890625
DA071,2019-11-10,,0.0
DA071,2019-11-11,,206.7951965332031
DA071,2019-11-11,,288.9588928222656
DA071,2019-11-11,,354.3979797363281
DA071,2019-11-11,,0.0
DA071,2019-11-12,,108.2751998901367
DA071,2019-11-12,,532.15478515625
DA071,2019-11-02,08:00,195.5557861328125
DA071,2019-11-02,12:00,302.2686767578125
DA071,2019-11-02,17:18,171.9216918945312
DA071,2019-11-02,21:33,130.1374053955078
DA071,2019-11-03,08:00,211.8600006103516
DA071,2019-11-03,12:00,120.5403900146484
DA071,2019-11-03,17:00,172.4610900878906
DA071,2019-11-03,20:41,130.1374053955078
DA071,2019-11-04,6:41,0.0
DA071,2019-11-04,12:11,189.4338989257812
DA071,2019-11-04,17:00,375.9924926757812
DA071,2019-11-04,19:56,0.0
DA071,2019-11-05,7:56,216.3952026367188
DA071,2019-11-05,12:35,448.0261840820312
DA071,2019-11-05,17:56,237.1233825683594
DA071,2019-11-05,20:00,130.1374053955078
DA071,2019-11-06,,111.7203903198242
DA071,2019-11-06,,120.5403900146484
DA071,2019-11-06,,245.5346984863281
DA071,2019-11-06,,0.0
DA071,2019-11-07,,98.54039001464844
DA071,2019-11-07,,307.802978515625
DA071,2019-11-07,,425.0050048828125
DA071,2019-11-07,,0.0
DA071,2019-11-08,,74.6703872680664
DA071,2019-11-08,,215.2503967285156
DA071,2019-11-08,,181.5303955078125
DA071,2019-11-08,,0.0
DA071,2019-11-09,,123.8103866577148
DA071,2019-11-09,,478.7266845703125
DA071,2019-11-09,,174.7262878417969
DA071,2019-11-09,,130.1374053955078
DA072,2019-10-29,08:00,0.0
DA072,2019-10-29,12:00,386.0605773925781
DA072,2019-10-29,21:10,130.1374053955078
DA072,2019-10-30,08:00,94.12519836425781
DA072,2019-10-30,12:00,320.1044006347656
DA072,2019-10-30,16:10,156.5193939208984
DA072,2019-10-30,20:00,130.1374053955078
DA072,2019-10-31,08:00,98.54039001464844
DA072,2019-10-31,12:00,249.2139892578125
DA072,2019-10-31,17:00,266.6488952636719
DA072,2019-10-31,22:17,130.1374053955078
DA072,2019-11-01,7:25,74.6703872680664
DA072,2019-11-01,12:00,257.2728881835938
DA072,2019-11-01,16:40,194.1786956787109
DA072,2019-11-01,20:30,130.1374053955078
DA072,2019-11-10,8:24,0.0
DA072,2019-11-10,12:00,287.1512756347656
DA072,2019-11-10,17:00,279.1962890625
DA072,2019-11-10,19:02,0.0
DA072,2019-11-11,7:17,206.7951965332031
DA072,2019-11-11,11:00,288.9588928222656
DA072,2019-11-11,17:00,354.3979797363281
DA072,2019-11-11,22:25,0.0
DA072,2019-11-12,6:25,108.2751998901367
DA072,2019-11-12,12:00,532.15478515625
DA072,2019-11-02,08:00,120.8853912353516
DA072,2019-11-02,12:00,302.2686767578125
DA072,2019-11-02,17:00,171.9216918945312
DA072,2019-11-02,19:25,0.0
DA072,2019-11-03,8:24,211.8600006103516
DA072,2019-11-03,12:00,120.5403900146484
DA072,2019-11-03,16:47,172.4610900878906
DA072,2019-11-03,20:55,130.1374053955078
DA072,2019-11-04,08:00,0.0
DA072,2019-11-04,12:00,189.4338989257812
DA072,2019-11-04,17:55,255.0549926757812
DA072,2019-11-05,7:55,216.3952026367188
DA072,2019-11-05,12:47,448.0261840820312
DA072,2019-11-05,17:00,237.1233825683594
DA072,2019-11-05,21:10,130.1374053955078
DA072,2019-11-06,7:17,111.7203903198242
DA072,2019-11-06,12:00,120.5403900146484
DA072,2019-11-06,17:00,182.2050933837891
DA072,2019-11-06,21:47,130.1374053955078
DA072,2019-11-07,7:10,98.54039001464844
DA072,2019-11-07,11:54,307.802978515625
DA072,2019-11-07,17:00,425.0050048828125
DA072,2019-11-07,19:19,0.0
DA072,2019-11-08,7:10,74.6703872680664
DA072,2019-11-08,12:00,215.2503967285156
DA072,2019-11-08,17:00,181.5303955078125
DA072,2019-11-08,20:40,0.0
DA072,2019-11-09,7:32,123.8103866577148
DA072,2019-11-09,11:54,478.7266845703125
DA072,2019-11-09,17:00,174.7262878417969
DA072,2019-11-09,20:00,130.1374053955078
DA073,2019-10-29,,622.7803955078125
DA073,2019-10-29,,0.0
DA073,2019-10-30,08:00,94.12519836425781
DA073,2019-10-30,12:00,282.7691955566406
DA073,2019-10-30,16:13,81.8489990234375
DA073,2019-10-30,20:58,0.0
DA073,2019-10-31,6:47,98.54039001464844
DA073,2019-10-31,12:03,249.2139892578125
DA073,2019-10-31,17:18,191.9785003662109
DA073,2019-10-31,21:48,0.0
DA073,2019-11-01,08:00,74.6703872680664
DA073,2019-11-01,12:00,257.2728881835938
DA073,2019-11-01,16:18,119.50830078125
DA073,2019-11-01,21:08,0.0
DA073,2019-11-10,7:33,0.0
DA073,2019-11-10,12:00,287.1512756347656
DA073,2019-11-10,17:00,204.5258941650391
DA073,2019-11-10,19:18,0.0
DA073,2019-11-11,7:02,206.7951965332031
DA073,2019-11-11,12:00,288.9588928222656
DA073,2019-11-11,16:18,871.9879760742188
DA073,2019-11-11,20:43,0.0
DA073,2019-11-12,,108.2751998901367
DA073,2019-11-12,,532.15478515625
DA073,2019-11-02,08:00,74.6703872680664
DA073,2019-11-02,12:03,302.2686767578125
DA073,2019-11-02,17:00,97.25129699707031
DA073,2019-11-02,19:43,0.0
DA073,2019-11-03,08:00,211.8600006103516
DA073,2019-11-03,12:00,120.5403900146484
DA073,2019-11-03,16:33,97.79070281982422
DA073,2019-11-03,20:59,0.0
DA073,2019-11-04,08:00,0.0
DA073,2019-11-04,12:03,152.0987091064453
DA073,2019-11-04,17:00,301.3221130371094
DA073,2019-11-05,8:03,216.3952026367188
DA073,2019-11-05,12:18,448.0261840820312
DA073,2019-11-05,17:00,162.4530029296875
DA073,2019-11-05,20:00,0.0
DA073,2019-11-06,08:00,111.7203903198242
DA073,2019-11-06,12:00,120.5403900146484
DA073,2019-11-06,17:38,245.5346984863281
DA073,2019-11-06,22:03,0.0
DA073,2019-11-07,08:00,98.54039001464844
DA073,2019-11-07,12:00,307.802978515625
DA073,2019-11-07,17:00,350.3345947265625
DA073,2019-11-07,20:55,0.0
DA073,2019-11-08,8:05,74.6703872680664
DA073,2019-11-08,12:00,215.2503967285156
DA073,2019-11-08,16:18,106.8600006103516
DA073,2019-11-08,20:53,0.0
DA073,2019-11-09,08:00,123.8103866577148
DA073,2019-11-09,12:00,478.7266845703125
DA073,2019-11-09,17:00,100.0559005737305
DA073,2019-11-09,22:03,0.0
DA074,2019-10-29,08:00,0.0
DA074,2019-10-29,11:52,386.0605773925781
DA074,2019-10-29,17:00,196.2265472412109
DA074,2019-10-29,21:52,312.83740234375
DA074,2019-10-30,8:22,151.2003936767578
DA074,2019-10-30,12:00,394.7747802734375
DA074,2019-10-30,16:22,156.5193939208984
DA074,2019-10-30,20:42,0.0
DA074,2019-10-31,08:00,173.2107849121094
DA074,2019-10-31,12:00,323.8843688964844
DA074,2019-10-31,17:00,266.6488952636719
DA074,2019-10-31,20:33,279.8436889648438
DA074,2019-11-01,08:00,149.3407745361328
DA074,2019-11-01,12:00,331.9432678222656
DA074,2019-11-01,17:33,194.1786956787109
DA074,2019-11-01,21:37,337.7073974609375
DA074,2019-11-10,,0.0
DA074,2019-11-10,,287.1512756347656
DA074,2019-11-10,,279.1962890625
DA074,2019-11-10,,0.0
DA074,2019-11-11,,206.7951965332031
DA074,2019-11-11,,363.6292724609375
DA074,2019-11-11,,871.9879760742188
DA074,2019-11-11,,0.0
DA074,2019-11-12,,108.2751998901367
DA074,2019-11-12,,532.15478515625
DA074,2019-11-12,,0.0
DA074,2019-11-02,8:49,195.5557861328125
DA074,2019-11-02,12:00,302.2686767578125
DA074,2019-11-02,16:22,171.9216918945312
DA074,2019-11-02,20:48,130.1374053955078
DA074,2019-11-03,08:00,211.8600006103516
DA074,2019-11-03,12:00,195.2107849121094
DA074,2019-11-03,17:00,172.4610900878906
DA074,2019-11-03,20:37,130.1374053955078
DA074,2019-11-04,6:00,0.0
DA074,2019-11-04,11:15,264.1042785644531
DA074,2019-11-04,17:00,255.0549926757812
DA074,2019-11-04,20:00,130.1374053955078
DA074,2019-11-05,,216.3952026367188
DA074,2019-11-05,,448.0261840820312
DA074,2019-11-05,,237.1233825683594
DA074,2019-11-05,,130.1374053955078
DA074,2019-11-06,,186.3907775878906
DA074,2019-11-06,,195.2107849121094
DA074,2019-11-06,,144.8698883056641
DA074,2019-11-06,,0.0
DA074,2019-11-07,,173.2107849121094
DA074,2019-11-07,,382.473388671875
DA074,2019-11-07,,425.0050048828125
DA074,2019-11-07,,130.1374053955078
DA074,2019-11-08,,149.3407745361328
DA074,2019-11-08,,289.9207763671875
DA074,2019-11-08,,181.5303955078125
DA074,2019-11-08,,0.0
DA074,2019-11-09,,198.4807739257812
DA074,2019-11-09,,553.3970947265625
DA074,2019-11-09,,174.7262878417969
DA074,2019-11-09,,130.1374053955078
DA075,2019-10-29,08:00,0.0
DA075,2019-10-29,12:35,74.6703872680664
DA075,2019-10-29,17:00,467.1234741210938
DA075,2019-10-30,08:00,151.2003936767578
DA075,2019-10-30,12:24,394.7747802734375
DA075,2019-10-30,17:00,193.8545837402344
DA075,2019-10-30,20:00,0.0
DA075,2019-10-31,6:00,173.2107849121094
DA075,2019-10-31,12:00,323.8843688964844
DA075,2019-10-31,17:00,341.3192749023438
DA075,2019-10-31,22:13,0.0
DA075,2019-11-01,08:00,149.3407745361328
DA075,2019-11-01,12:00,331.9432678222656
DA075,2019-11-01,16:36,268.8490905761719
DA075,2019-11-01,21:58,0.0
DA075,2019-11-10,08:00,0.0
DA075,2019-11-10,11:20,361.8216857910156
DA075,2019-11-10,16:28,353.8666687011719
DA075,2019-11-10,20:41,0.0
DA075,2019-11-11,8:05,206.7951965332031
DA075,2019-11-11,12:20,288.9588928222656
DA075,2019-11-11,17:00,354.3979797363281
DA075,2019-11-11,21:06,0.0
DA075,2019-11-12,,108.2751998901367
DA075,2019-11-12,,532.15478515625
DA075,2019-11-02,8:43,195.5557861328125
DA075,2019-11-02,12:00,376.9390869140625
DA075,2019-11-02,17:00,246.5920867919922
DA075,2019-11-02,20:46,0.0
DA075,2019-11-03,08:00,211.8600006103516
DA075,2019-11-03,11:13,149.3407745361328
DA075,2019-11-03,17:06,149.3407745361328
DA075,2019-11-03,20:21,130.1374053955078
DA075,2019-11-04,12:00,264.1042785644531
DA075,2019-11-04,16:06,329.7253723144531
DA075,2019-11-05,8:20,216.3952026367188
DA075,2019-11-05,12:00,522.6965942382812
DA075,2019-11-05,17:00,311.7937927246094
DA075,2019-11-05,19:11,78.0
DA075,2019-11-06,08:00,186.3907775878906
DA075,2019-11-06,12:00,195.2107849121094
DA075,2019-11-06,17:00,256.87548828125
DA075,2019-11-06,21:36,0.0
DA075,2019-11-07,08:00,173.2107849121094
DA075,2019-11-07,12:00,382.473388671875
DA075,2019-11-07,17:00,499.6753845214844
DA075,2019-11-07,20:51,0.0
DA075,2019-11-08,08:00,149.3407745361328
DA075,2019-11-08,12:00,289.9207763671875
DA075,2019-11-08,17:00,256.2007751464844
DA075,2019-11-08,20:13,0.0
DA075,2019-11-09,08:00,198.4807739257812
DA075,2019-11-09,11:00,553.3970947265625
DA075,2019-11-09,16:26,249.3966827392578
DA075,2019-11-09,19:58,0.0
DA076,2019-10-29,08:00,0.0
DA076,2019-10-29,12:32,846.7915649414062
DA076,2019-10-29,17:55,541.7938842773438
DA076,2019-10-29,22:10,0.0
DA076,2019-10-30,08:00,208.2756042480469
DA076,2019-10-30,12:00,469.4451599121094
DA076,2019-10-30,17:00,305.8601684570312
DA076,2019-10-30,20:06,0.0
DA076,2019-10-31,6:54,247.8811645507812
DA076,2019-10-31,12:00,398.5547790527344
DA076,2019-10-31,17:00,415.9896850585938
DA076,2019-11-01,8:50,224.0111694335938
DA076,2019-11-01,12:00,406.6136779785156
DA076,2019-11-01,17:00,343.5194702148438
DA076,2019-11-10,08:00,0.0
DA076,2019-11-10,12:00,436.4920654296875
DA076,2019-11-10,17:45,428.5370788574219
DA076,2019-11-11,7:02,165.1952056884766
DA076,2019-11-11,12:24,438.2996826171875
DA076,2019-11-11,17:45,503.73876953125
DA076,2019-11-12,,222.4255981445312
DA076,2019-11-12,,681.4955444335938
DA076,2019-11-02,8:54,270.2261657714844
DA076,2019-11-02,12:00,451.6094665527344
DA076,2019-11-02,17:00,321.2624816894531
DA076,2019-11-03,8:32,211.8600006103516
DA076,2019-11-03,12:00,269.8811645507812
DA076,2019-11-03,17:00,321.8018798828125
DA076,2019-11-04,7:10,0.0
DA076,2019-11-04,11:02,338.7746887207031
DA076,2019-11-04,16:47,404.3957824707031
DA076,2019-11-05,7:10,165.1952056884766
DA076,2019-11-05,12:00,224.0111694335938
DA076,2019-11-05,17:00,224.0111694335938
DA076,2019-11-06,8:43,224.0111694335938
DA076,2019-11-06,12:00,224.0111694335938
DA076,2019-11-06,17:00,224.0111694335938
DA076,2019-11-07,7:49,247.8811645507812
DA076,2019-11-07,11:54,457.1437683105469
DA076,2019-11-07,17:25,574.3457641601562
DA076,2019-11-08,8:50,224.0111694335938
DA076,2019-11-08,12:00,224.0111694335938
DA076,2019-11-08,17:00,224.0111694335938
DA076,2019-11-09,7:10,273.1511840820312
DA076,2019-11-09,12:05,628.0674438476562
DA076,2019-11-09,17:10,324.0670776367188
DA077,2019-10-29,08:00,0.0
DA077,2019-10-29,12:00,541.7556762695312
DA077,2019-10-29,17:00,313.0074157714844
DA077,2019-10-29,20:42,0.0
DA077,2019-10-30,08:00,141.9378967285156
DA077,2019-10-30,12:00,320.1044006347656
DA077,2019-10-30,16:12,156.5193939208984
DA077,2019-10-30,20:57,0.0
DA077,2019-10-31,7:13,173.2107849121094
DA077,2019-10-31,12:07,249.2139892578125
DA077,2019-10-31,17:00,266.6488952636719
DA077,2019-10-31,19:50,0.0
DA077,2019-11-01,7:20,149.3407745361328
DA077,2019-11-01,12:00,257.2728881835938
DA077,2019-11-01,17:00,194.1786956787109
DA077,2019-11-01,20:32,0.0
DA077,2019-11-10,,0.0
DA077,2019-11-10,,361.8216857910156
DA077,2019-11-10,,353.8666687011719
DA077,2019-11-10,,130.1374053955078
DA077,2019-11-11,,206.7951965332031
DA077,2019-11-11,,288.9588928222656
DA077,2019-11-11,,354.3979797363281
DA077,2019-11-12,,108.2751998901367
DA077,2019-11-12,,532.15478515625
DA077,2019-11-02,7:13,195.5557861328125
DA077,2019-11-02,12:43,302.2686767578125
DA077,2019-11-02,17:42,171.9216918945312
DA077,2019-11-03,08:00,211.8600006103516
DA077,2019-11-03,12:00,120.5403900146484
DA077,2019-11-03,17:00,172.4610900878906
DA077,2019-11-03,22:20,0.0
DA077,2019-11-04,08:00,0.0
DA077,2019-11-04,12:00,264.1042785644531
DA077,2019-11-04,17:00,329.7253723144531
DA077,2019-11-04,21:35,0.0
DA077,2019-11-05,7:05,216.3952026367188
DA077,2019-11-05,12:00,522.6965942382812
DA077,2019-11-05,17:00,311.7937927246094
DA077,2019-11-06,7:20,186.3907775878906
DA077,2019-11-06,11:20,195.2107849121094
DA077,2019-11-06,17:00,256.87548828125
DA077,2019-11-06,20:00,130.1374053955078
DA077,2019-11-07,,173.2107849121094
DA077,2019-11-07,,382.473388671875
DA077,2019-11-07,,499.6753845214844
DA077,2019-11-07,,0.0
DA077,2019-11-08,,149.3407745361328
DA077,2019-11-08,,289.9207763671875
DA077,2019-11-08,,256.2007751464844
DA077,2019-11-08,,130.1374053955078
DA077,2019-11-09,,198.4807739257812
DA077,2019-11-09,,553.3970947265625
DA077,2019-11-09,,249.3966827392578
DA077,2019-11-09,,0.0
DA078,2019-10-29,08:00,0.0
DA078,2019-10-29,12:00,772.1211547851562
DA078,2019-10-29,17:00,467.1234741210938
DA078,2019-10-30,7:19,151.2003936767578
DA078,2019-10-30,12:00,394.7747802734375
DA078,2019-10-30,17:00,231.1897735595703
DA078,2019-10-30,20:15,0.0
DA078,2019-10-31,08:00,173.2107849121094
DA078,2019-10-31,12:00,323.8843688964844
DA078,2019-10-31,16:03,341.3192749023438
DA078,2019-10-31,20:27,0.0
DA078,2019-11-01,08:00,149.3407745361328
DA078,2019-11-01,12:00,331.9432678222656
DA078,2019-11-01,17:00,268.8490905761719
DA078,2019-11-01,20:57,0.0
DA078,2019-11-10,,0.0
DA078,2019-11-10,,361.8216857910156
DA078,2019-11-10,,353.8666687011719
DA078,2019-11-11,,206.7951965332031
DA078,2019-11-11,,363.6292724609375
DA078,2019-11-11,,429.0683898925781
DA078,2019-11-12,,165.3504028320312
DA078,2019-11-12,,606.8251953125
DA078,2019-11-02,8:45,195.5557861328125
DA078,2019-11-02,12:00,376.9390869140625
DA078,2019-11-02,17:00,246.5920867919922
DA078,2019-11-02,19:27,0.0
DA078,2019-11-03,8:02,211.8600006103516
DA078,2019-11-03,12:00,195.2107849121094
DA078,2019-11-03,17:00,247.1314849853516
DA078,2019-11-03,20:52,0.0
DA078,2019-11-04,08:00,0.0
DA078,2019-11-04,12:00,264.1042785644531
DA078,2019-11-04,17:00,329.7253723144531
DA078,2019-11-05,08:00,216.3952026367188
DA078,2019-11-05,12:00,522.6965942382812
DA078,2019-11-05,16:18,311.7937927246094
DA078,2019-11-06,08:00,186.3907775878906
DA078,2019-11-06,12:00,195.2107849121094
DA078,2019-11-06,17:27,256.87548828125
DA078,2019-11-07,08:00,173.2107849121094
DA078,2019-11-07,12:00,382.473388671875
DA078,2019-11-07,17:52,499.6753845214844
DA078,2019-11-08,8:07,149.3407745361328
DA078,2019-11-08,12:00,289.9207763671875
DA078,2019-11-08,17:42,256.2007751464844
DA078,2019-11-08,20:00,0.0
DA078,2019-11-09,,198.4807739257812
DA078,2019-11-09,,553.3970947265625
DA078,2019-11-09,,249.3966827392578
DA078,2019-11-09,,0.0
DA079,2019-10-29,08:00,0.0
DA079,2019-10-29,12:00,386.0605773925781
DA079,2019-10-29,17:42,233.5617370605469
DA079,2019-10-29,20:57,0.0
DA079,2019-10-30,8:52,75.6001968383789
DA079,2019-10-30,12:00,160.0522003173828
DA079,2019-10-30,17:12,115.5948867797852
DA079,2019-10-30,19:50,0.0
DA079,2019-10-31,8:02,98.54039001464844
DA079,2019-10-31,12:00,249.2139892578125
DA079,2019-10-31,17:47,266.6488952636719
DA079,2019-10-31,21:27,0.0
DA079,2019-11-01,7:28,74.6703872680664
DA079,2019-11-01,12:58,257.2728881835938
DA079,2019-11-01,17:00,194.1786956787109
DA079,2019-11-10,6:27,0.0
DA079,2019-11-10,12:00,287.1512756347656
DA079,2019-11-10,16:57,279.1962890625
DA079,2019-11-10,20:27,0.0
DA079,2019-11-11,7:13,206.7951965332031
DA079,2019-11-11,12:28,363.6292724609375
DA079,2019-11-11,17:52,429.0683898925781
DA079,2019-11-11,22:12,0.0
DA079,2019-11-12,,165.3504028320312
DA079,2019-11-12,,606.8251953125
DA079,2019-11-02,6:32,120.8853912353516
DA079,2019-11-02,11:58,302.2686767578125
DA079,2019-11-02,17:00,171.9216918945312
DA079,2019-11-02,20:00,0.0
DA079,2019-11-03,08:00,211.8600006103516
DA079,2019-11-03,12:00,120.5403900146484
DA079,2019-11-03,17:00,172.4610900878906
DA079,2019-11-04,7:13,0.0
DA079,2019-11-04,11:58,189.4338989257812
DA079,2019-11-04,17:20,255.0549926757812
DA079,2019-11-05,7:20,216.3952026367188
DA079,2019-11-05,12:28,448.0261840820312
DA079,2019-11-05,17:00,237.1233825683594
DA079,2019-11-05,21:12,0.0
DA079,2019-11-06,08:00,111.7203903198242
DA079,2019-11-06,12:00,120.5403900146484
DA079,2019-11-06,17:37,182.2050933837891
DA079,2019-11-06,21:50,0.0
DA079,2019-11-07,7:20,98.54039001464844
DA079,2019-11-07,12:13,307.802978515625
DA079,2019-11-07,17:20,425.0050048828125
DA079,2019-11-07,20:00,0.0
DA079,2019-11-08,8:02,74.6703872680664
DA079,2019-11-08,12:00,74.6703872680664
DA079,2019-11-08,17:00,181.5303955078125
DA079,2019-11-08,19:12,0.0
DA079,2019-11-09,7:20,123.8103866577148
DA079,2019-11-09,12:00,478.7266845703125
DA079,2019-11-09,17:00,174.7262878417969
DA079,2019-11-09,19:32,0.0
DA080,2019-10-29,08:00,0.0
DA080,2019-10-29,12:13,386.0605773925781
DA080,2019-10-29,17:00,313.0074157714844
DA080,2019-10-29,22:29,0.0
DA080,2019-10-30,08:00,151.2003936767578
DA080,2019-10-30,12:00,320.1044006347656
DA080,2019-10-30,17:03,136.0571441650391
DA080,2019-10-30,21:18,0.0
DA080,2019-10-31,7:13,173.2107849121094
DA080,2019-10-31,12:23,323.8843688964844
DA080,2019-10-31,17:00,266.6488952636719
DA080,2019-10-31,20:00,279.8436889648438
DA080,2019-11-01,7:21,149.3407745361328
DA080,2019-11-01,12:13,331.9432678222656
DA080,2019-11-01,17:00,119.50830078125
DA080,2019-11-01,20:00,207.5700073242188
DA080,2019-11-10,,0.0
DA080,2019-11-10,,361.8216857910156
DA080,2019-11-10,,279.1962890625
DA080,2019-11-10,,0.0
DA080,2019-11-11,,206.7951965332031
DA080,2019-11-11,,288.9588928222656
DA080,2019-11-11,,354.3979797363281
DA080,2019-11-11,,0.0
DA080,2019-11-12,,108.2751998901367
DA080,2019-11-12,,532.15478515625
DA080,2019-11-02,8:43,195.5557861328125
DA080,2019-11-02,12:00,376.9390869140625
DA080,2019-11-02,17:00,171.9216918945312
DA080,2019-11-02,19:06,0.0
DA080,2019-11-03,08:00,211.8600006103516
DA080,2019-11-03,12:00,195.2107849121094
DA080,2019-11-03,17:00,172.4610900878906
DA080,2019-11-03,20:00,0.0
DA080,2019-11-04,,264.1042785644531
DA080,2019-11-04,,255.0549926757812
DA080,2019-11-04,,0.0
DA080,2019-11-05,,216.3952026367188
DA080,2019-11-05,,522.6965942382812
DA080,2019-11-05,,237.1233825683594
DA080,2019-11-05,,0.0
DA080,2019-11-06,,186.3907775878906
DA080,2019-11-06,,195.2107849121094
DA080,2019-11-06,,182.2050933837891
DA080,2019-11-06,,0.0
DA080,2019-11-07,,173.2107849121094
DA080,2019-11-07,,382.473388671875
DA080,2019-11-07,,425.0050048828125
DA080,2019-11-07,,0.0
DA080,2019-11-08,,149.3407745361328
DA080,2019-11-08,,289.9207763671875
DA080,2019-11-08,,181.5303955078125
DA080,2019-11-08,,0.0
DA080,2019-11-09,,198.4807739257812
DA080,2019-11-09,,553.3970947265625
DA080,2019-11-09,,174.7262878417969
DA080,2019-11-09,,0.0
DA081,2019-11-10,11:46,545.2540283203125
DA081,2019-11-10,17:00,214.1218566894531
DA081,2019-11-10,22:15,0.0
DA081,2019-11-11,7:08,153.7687072753906
DA081,2019-11-11,12:00,274.8663940429688
DA081,2019-11-11,17:00,486.7505493164062
DA081,2019-11-11,20:23,0.0
DA081,2019-11-12,12:00,92.4000015258789
DA081,2019-11-12,16:45,147.9338684082031
DA081,2019-11-12,22:15,0.0
DA081,2019-11-13,11:01,295.1596984863281
DA081,2019-11-13,16:45,218.9605560302734
DA081,2019-11-13,22:15,0.0
DA081,2019-11-14,7:15,294.098388671875
DA081,2019-11-14,12:00,215.5653076171875
DA081,2019-11-14,17:00,424.5481567382812
DA081,2019-11-14,20:00,0.0
DA081,2019-11-15,8:49,88.63999938964844
DA081,2019-11-15,12:00,207.5194549560547
DA081,2019-11-15,16:45,982.8804931640625
DA081,2019-11-08,08:00,88.63999938964844
DA081,2019-11-08,12:00,210.1190185546875
DA081,2019-11-08,17:00,449.1135864257812
DA081,2019-11-08,20:45,0.0
DA081,2019-11-09,12:00,179.1246490478516
DA081,2019-11-09,17:08,1157.104125976562
DA081,2019-11-09,22:45,0.0
DA082,2019-11-10,8:25,0.0
DA082,2019-11-10,17:00,148.6365051269531
DA082,2019-11-10,20:58,0.0
DA082,2019-11-11,7:48,153.7687072753906
DA082,2019-11-11,17:00,583.11376953125
DA082,2019-11-11,20:51,0.0
DA082,2019-11-12,7:02,124.1999969482422
DA082,2019-11-12,17:00,245.5301208496094
DA082,2019-11-12,21:53,0.0
DA082,2019-11-13,08:00,124.1999969482422
DA082,2019-11-13,17:00,202.7125549316406
DA082,2019-11-13,22:03,92.4000015258789
DA082,2019-11-14,08:00,294.098388671875
DA082,2019-11-14,16:08,479.5809936523438
DA082,2019-11-14,21:43,0.0
DA082,2019-11-15,6:25,181.0399932861328
DA082,2019-11-15,16:33,936.6804809570312
DA082,2019-11-15,22:10,0.0
DA082,2019-11-08,08:00,88.63999938964844
DA082,2019-11-08,12:00,141.5587005615234
DA082,2019-11-08,17:00,506.4180908203125
DA082,2019-11-08,20:18,0.0
DA082,2019-11-09,16:55,863.1242065429688
DA082,2019-11-09,20:00,78.0
DA083,2019-11-10,8:11,0.0
DA083,2019-11-10,12:00,227.5094299316406
DA083,2019-11-10,17:00,119.1154251098633
DA083,2019-11-11,12:00,177.1641998291016
DA083,2019-11-11,17:00,266.4752807617188
DA083,2019-11-12,08:00,153.7687072753906
DA083,2019-11-12,12:00,125.9000244140625
DA083,2019-11-12,17:00,147.9338684082031
DA083,2019-11-12,22:00,0.0
DA083,2019-11-13,12:00,419.6370849609375
DA083,2019-11-13,22:37,0.0
DA083,2019-11-14,8:45,294.098388671875
DA083,2019-11-14,12:00,293.9045104980469
DA083,2019-11-14,17:00,285.9905090332031
DA083,2019-11-15,7:15,88.63999938964844
DA083,2019-11-15,12:00,212.8519287109375
DA083,2019-11-15,17:00,463.0465393066406
DA083,2019-11-08,8:17,153.7687072753906
DA083,2019-11-08,12:00,60.44824981689453
DA083,2019-11-08,17:00,195.9045257568359
DA083,2019-11-08,20:19,0.0
DA083,2019-11-09,8:45,182.3999938964844
DA083,2019-11-09,12:00,196.1461944580078
DA083,2019-11-09,17:00,1015.5732421875
DA083,2019-11-09,20:01,0.0
DA084,2019-11-10,12:00,362.6188354492188
DA084,2019-11-10,17:00,160.6909942626953
DA084,2019-11-10,21:31,0.0
DA084,2019-11-11,08:00,153.7687072753906
DA084,2019-11-11,12:00,268.9808044433594
DA084,2019-11-11,16:51,266.4752807617188
DA084,2019-11-12,7:43,153.7687072753906
DA084,2019-11-12,12:20,145.739501953125
DA084,2019-11-12,17:00,194.1338806152344
DA084,2019-11-13,08:00,22.15999984741211
DA084,2019-11-13,12:00,323.0735778808594
DA084,2019-11-13,17:00,143.7007446289062
DA084,2019-11-13,19:06,0.0
DA084,2019-11-14,08:00,294.098388671875
DA084,2019-11-14,12:00,223.9435729980469
DA084,2019-11-14,17:00,239.8116760253906
DA084,2019-11-14,21:28,0.0
DA084,2019-11-15,08:00,294.098388671875
DA084,2019-11-15,11:43,264.1307067871094
DA084,2019-11-15,16:36,447.3638610839844
DA084,2019-11-08,08:00,147.0491943359375
DA084,2019-11-08,12:00,181.3447570800781
DA084,2019-11-08,17:00,195.9045257568359
DA084,2019-11-08,20:31,0.0
DA084,2019-11-09,08:00,182.3999938964844
DA084,2019-11-09,12:00,259.3677368164062
DA084,2019-11-09,16:36,983.7963256835938
DA084,2019-11-09,20:31,0.0
DA085,2019-11-10,08:00,0.0
DA085,2019-11-10,12:00,319.909423828125
DA085,2019-11-10,17:14,253.0910034179688
DA085,2019-11-10,21:03,0.0
DA085,2019-11-11,08:00,23.10000038146973
DA085,2019-11-11,11:08,223.3641967773438
DA085,2019-11-11,17:00,312.6752624511719
DA085,2019-11-12,08:00,153.7687072753906
DA085,2019-11-12,12:00,185.7605743408203
DA085,2019-11-12,17:00,194.1338806152344
DA085,2019-11-12,20:44,0.0
DA085,2019-11-13,08:00,46.20000076293945
DA085,2019-11-13,12:00,276.8735656738281
DA085,2019-11-13,17:00,129.1708526611328
DA085,2019-11-14,08:00,88.63999938964844
DA085,2019-11-14,12:00,193.1522521972656
DA085,2019-11-14,17:00,189.1952514648438
DA085,2019-11-15,11:58,264.1307067871094
DA085,2019-11-15,17:00,463.0465393066406
DA085,2019-11-08,6:29,92.4000015258789
DA085,2019-11-08,12:00,181.3447570800781
DA085,2019-11-08,17:00,295.353271484375
DA085,2019-11-08,20:29,0.0
DA085,2019-11-09,8:28,92.4000015258789
DA085,2019-11-09,12:00,259.3677368164062
DA085,2019-11-09,17:00,584.2981567382812
DA085,2019-11-09,21:59,0.0
DA086,2019-11-10,8:28,0.0
DA086,2019-11-10,12:00,453.6930847167969
DA086,2019-11-10,17:00,218.9454956054688
DA086,2019-11-11,7:25,23.10000038146973
DA086,2019-11-11,12:33,268.9808044433594
DA086,2019-11-11,16:33,312.6752624511719
DA086,2019-11-12,08:00,153.7687072753906
DA086,2019-11-12,12:00,251.800048828125
DA086,2019-11-12,16:48,203.4677429199219
DA086,2019-11-12,21:48,0.0
DA086,2019-11-13,7:10,138.6000061035156
DA086,2019-11-13,12:25,323.0735778808594
DA086,2019-11-13,16:48,229.2819061279297
DA086,2019-11-14,8:55,147.0491943359375
DA086,2019-11-14,12:00,417.0958251953125
DA086,2019-11-14,16:33,429.0069274902344
DA086,2019-11-14,22:03,0.0
DA086,2019-11-15,12:00,356.5307006835938
DA086,2019-11-15,17:33,447.3638610839844
DA086,2019-11-08,6:32,46.20000076293945
DA086,2019-11-08,12:00,287.9930114746094
DA086,2019-11-08,17:00,387.7532653808594
DA086,2019-11-08,20:48,0.0
DA086,2019-11-09,08:00,92.4000015258789
DA086,2019-11-09,12:00,198.9838714599609
DA086,2019-11-09,17:48,485.6260375976562
DA086,2019-11-09,21:40,0.0
DA087,2019-11-10,08:00,0.0
DA087,2019-11-10,12:00,496.4024963378906
DA087,2019-11-10,16:34,172.7454986572266
DA087,2019-11-10,22:10,0.0
DA087,2019-11-11,7:17,92.4000015258789
DA087,2019-11-11,12:32,223.3641967773438
DA087,2019-11-11,17:47,366.516357421875
DA087,2019-11-12,7:39,153.7687072753906
DA087,2019-11-12,11:35,172.1000213623047
DA087,2019-11-12,17:40,194.1338806152344
DA087,2019-11-13,7:55,88.63999938964844
DA087,2019-11-13,12:32,276.8735656738281
DA087,2019-11-13,16:10,175.370849609375
DA087,2019-11-13,19:47,0.0
DA087,2019-11-14,08:00,294.098388671875
DA087,2019-11-14,12:00,239.3522491455078
DA087,2019-11-14,17:40,235.3952484130859
DA087,2019-11-15,08:00,294.098388671875
DA087,2019-11-15,12:00,212.8519287109375
DA087,2019-11-15,17:00,395.8701171875
DA087,2019-11-08,7:24,92.4000015258789
DA087,2019-11-08,12:39,181.3447570800781
DA087,2019-11-08,17:00,249.1532745361328
DA087,2019-11-08,19:28,0.0
DA087,2019-11-09,7:17,92.4000015258789
DA087,2019-11-09,12:32,189.6646575927734
DA087,2019-11-09,17:00,361.4490661621094
DA087,2019-11-09,20:00,0.0
DA088,2019-11-10,08:00,0.0
DA088,2019-11-10,12:00,190.1031036376953
DA088,2019-11-10,17:00,291.6617126464844
DA088,2019-11-11,7:38,355.2000122070312
DA088,2019-11-11,11:46,367.2663879394531
DA088,2019-11-11,17:45,665.73681640625
DA088,2019-11-12,12:16,217.9579010009766
DA088,2019-11-12,17:38,314.3374938964844
DA088,2019-11-13,7:23,294.098388671875
DA088,2019-11-13,12:00,387.5596923828125
DA088,2019-11-13,17:00,242.9196014404297
DA088,2019-11-14,7:31,294.098388671875
DA088,2019-11-14,12:46,307.9653015136719
DA088,2019-11-14,17:00,369.5152893066406
DA088,2019-11-15,7:15,92.4000015258789
DA088,2019-11-15,11:36,461.4926147460938
DA088,2019-11-15,17:00,823.1055908203125
DA088,2019-11-08,6:12,364.7999877929688
DA088,2019-11-08,12:00,195.5930023193359
DA088,2019-11-08,17:00,385.8230895996094
DA088,2019-11-09,8:22,182.3999938964844
DA088,2019-11-09,12:00,312.0492858886719
DA088,2019-11-09,17:08,1076.1962890625
DA089,2019-11-10,6:02,0.0
DA089,2019-11-10,12:00,275.0351867675781
DA089,2019-11-10,17:00,126.5455017089844
DA089,2019-11-10,21:11,0.0
DA089,2019-11-11,7:34,176.8686981201172
DA089,2019-11-11,12:00,308.1283874511719
DA089,2019-11-11,17:00,266.4752807617188
DA089,2019-11-12,08:00,153.7687072753906
DA089,2019-11-12,12:00,125.9000244140625
DA089,2019-11-12,17:00,240.3338775634766
DA089,2019-11-13,6:42,88.63999938964844
DA089,2019-11-13,12:04,276.8735656738281
DA089,2019-11-13,16:01,151.4118041992188
DA089,2019-11-13,22:26,0.0
DA089,2019-11-14,7:02,294.098388671875
DA089,2019-11-14,11:49,223.9435729980469
DA089,2019-11-14,17:19,235.3952484130859
DA089,2019-11-15,12:00,212.8519287109375
DA089,2019-11-15,17:00,354.9638366699219
DA089,2019-11-08,8:21,153.7687072753906
DA089,2019-11-08,12:00,181.3447570800781
DA089,2019-11-08,17:00,195.9045257568359
DA089,2019-11-08,22:19,0.0
DA089,2019-11-09,7:04,182.3999938964844
DA089,2019-11-09,12:00,152.7838745117188
DA089,2019-11-09,17:00,983.7963256835938
DA089,2019-11-09,20:56,0.0
DA090,2019-11-10,08:00,0.0
DA090,2019-11-10,12:00,282.5031127929688
DA090,2019-11-10,17:00,291.6617126464844
DA090,2019-11-11,8:51,92.4000015258789
DA090,2019-11-11,12:00,274.8663940429688
DA090,2019-11-11,17:00,573.3367919921875
DA090,2019-11-12,6:55,92.4000015258789
DA090,2019-11-12,12:00,171.7579040527344
DA090,2019-11-12,17:00,221.9375
DA090,2019-11-13,7:49,92.4000015258789
DA090,2019-11-13,12:17,442.7345886230469
DA090,2019-11-13,17:00,150.5196075439453
DA090,2019-11-14,7:49,92.4000015258789
DA090,2019-11-14,12:02,372.2437133789062
DA090,2019-11-14,17:00,277.1152954101562
DA090,2019-11-15,8:28,92.4000015258789
DA090,2019-11-15,12:00,369.0925903320312
DA090,2019-11-15,17:00,298.3749084472656
DA090,2019-11-08,08:00,92.4000015258789
DA090,2019-11-08,12:00,149.3930053710938
DA090,2019-11-08,16:19,293.423095703125
DA090,2019-11-09,7:30,92.4000015258789
DA090,2019-11-09,12:00,358.2492980957031
DA090,2019-11-09,17:00,1076.1962890625
DA091,2019-11-10,12:00,374.9031066894531
DA091,2019-11-10,16:07,291.6617126464844
DA091,2019-11-10,20:37,0.0
DA091,2019-11-14,12:00,307.9653015136719
DA091,2019-11-14,17:27,369.5152893066406
DA091,2019-11-15,08:00,92.4000015258789
DA091,2019-11-15,12:00,469.9598999023438
DA091,2019-11-15,17:00,823.1055908203125
DA091,2019-11-08,08:00,92.4000015258789
DA091,2019-11-08,12:28,92.4000015258789
DA091,2019-11-08,16:05,92.4000015258789
DA091,2019-11-08,20:42,0.0
DA091,2019-11-09,6:35,92.4000015258789
DA091,2019-11-09,12:05,92.4000015258789
DA091,2019-11-09,17:35,92.4000015258789
DA091,2019-11-09,21:27,33.59999847412109
DA092,2019-11-10,12:00,374.9031066894531
DA092,2019-11-10,16:25,291.6617126464844
DA092,2019-11-10,20:45,0.0
DA092,2019-11-11,11:45,274.8663940429688
DA092,2019-11-11,17:00,573.3367919921875
DA092,2019-11-11,19:00,0.0
DA092,2019-11-12,12:00,171.7579040527344
DA092,2019-11-12,17:00,221.9375
DA092,2019-11-12,20:45,0.0
DA092,2019-11-13,08:00,92.4000015258789
DA092,2019-11-13,12:00,350.3345947265625
DA092,2019-11-13,16:10,150.5196075439453
DA092,2019-11-14,7:55,92.4000015258789
DA092,2019-11-14,12:00,215.5653076171875
DA092,2019-11-14,17:00,277.1152954101562
DA092,2019-11-15,08:00,92.4000015258789
DA092,2019-11-15,12:00,574.2077026367188
DA092,2019-11-15,17:00,730.7056274414062
DA092,2019-11-08,08:00,92.4000015258789
DA092,2019-11-08,12:00,135.1447448730469
DA092,2019-11-08,16:07,385.8230895996094
DA092,2019-11-08,21:15,0.0
DA092,2019-11-09,8:52,92.4000015258789
DA092,2019-11-09,12:00,265.8493041992188
DA092,2019-11-09,17:30,1076.1962890625
DA092,2019-11-09,22:00,111.5999984741211
DA093,2019-11-10,6:27,0.0
DA093,2019-11-10,12:00,282.5031127929688
DA093,2019-11-10,17:00,199.2617034912109
DA093,2019-11-11,6:32,92.4000015258789
DA093,2019-11-11,12:33,274.8663940429688
DA093,2019-11-11,17:00,573.3367919921875
DA093,2019-11-12,08:00,92.4000015258789
DA093,2019-11-12,12:00,147.0422058105469
DA093,2019-11-12,17:00,221.9375
DA093,2019-11-13,08:00,92.4000015258789
DA093,2019-11-13,12:00,442.7345886230469
DA093,2019-11-13,17:25,150.5196075439453
DA093,2019-11-14,7:51,92.4000015258789
DA093,2019-11-14,12:00,372.2437133789062
DA093,2019-11-14,17:00,277.1152954101562
DA093,2019-11-15,6:37,92.4000015258789
DA093,2019-11-15,11:38,369.0925903320312
DA093,2019-11-15,16:28,298.3749084472656
DA093,2019-11-08,7:37,92.4000015258789
DA093,2019-11-08,12:33,241.7929992675781
DA093,2019-11-08,16:53,385.8230895996094
DA093,2019-11-09,6:44,92.4000015258789
DA093,2019-11-09,12:03,265.8493041992188
DA093,2019-11-09,17:00,1076.1962890625
DA094,2019-11-10,12:00,374.9031066894531
DA094,2019-11-10,16:11,172.5462799072266
DA094,2019-11-10,21:51,0.0
DA094,2019-11-11,12:00,274.8663940429688
DA094,2019-11-11,16:41,573.3367919921875
DA094,2019-11-12,9:00,92.4000015258789
DA094,2019-11-12,12:00,171.7579040527344
DA094,2019-11-12,17:46,221.9375
DA094,2019-11-13,08:00,92.4000015258789
DA094,2019-11-13,12:00,202.7597045898438
DA094,2019-11-13,17:00,150.5196075439453
DA094,2019-11-14,8:43,92.4000015258789
DA094,2019-11-14,11:35,215.5653076171875
DA094,2019-11-14,17:00,277.1152954101562
DA094,2019-11-15,08:00,92.4000015258789
DA094,2019-11-15,11:20,297.5151062011719
DA094,2019-11-15,17:06,730.7056274414062
DA094,2019-11-08,8:28,92.4000015258789
DA094,2019-11-08,12:00,149.3930053710938
DA094,2019-11-08,17:00,385.8230895996094
DA094,2019-11-08,20:41,0.0
DA094,2019-11-09,08:00,92.4000015258789
DA094,2019-11-09,12:00,265.8493041992188
DA094,2019-11-09,16:09,1076.1962890625
DA094,2019-11-09,21:21,111.5999984741211
DA095,2019-11-10,12:00,374.9031066894531
DA095,2019-11-10,17:00,291.6617126464844
DA095,2019-11-10,20:37,0.0
DA095,2019-11-11,12:00,433.7904052734375
DA095,2019-11-11,17:00,749.0811767578125
DA095,2019-11-11,21:07,0.0
DA095,2019-11-12,12:00,356.5578918457031
DA095,2019-11-12,17:00,406.7374877929688
DA095,2019-11-12,20:37,0.0
DA095,2019-11-13,12:00,627.5346069335938
DA095,2019-11-13,17:45,388.6542053222656
DA095,2019-11-13,22:15,0.0
DA095,2019-11-14,12:00,277.2000122070312
DA095,2019-11-14,17:22,461.9153137207031
DA095,2019-11-14,21:58,0.0
DA095,2019-11-15,12:37,553.892578125
DA095,2019-11-15,16:37,915.505615234375
DA095,2019-11-15,21:12,0.0
DA095,2019-11-08,12:00,135.1447448730469
DA095,2019-11-08,17:30,385.8230895996094
DA095,2019-11-08,22:15,0.0
DA095,2019-11-09,12:00,265.8493041992188
DA095,2019-11-09,17:07,983.7963256835938
DA095,2019-11-09,21:33,0.0
DA096,2019-11-10,7:25,0.0
DA096,2019-11-10,11:35,374.9031066894531
DA096,2019-11-10,16:19,214.5202941894531
DA096,2019-11-10,20:45,0.0
DA096,2019-11-11,08:00,88.63999938964844
DA096,2019-11-11,11:00,367.2663879394531
DA096,2019-11-11,17:00,665.73681640625
DA096,2019-11-11,21:55,0.0
DA096,2019-11-12,7:02,170.3999938964844
DA096,2019-11-12,11:54,264.1578979492188
DA096,2019-11-12,17:25,314.3374938964844
DA096,2019-11-12,22:19,0.0
DA096,2019-11-13,6:19,120.9375
DA096,2019-11-13,12:32,535.1345825195312
DA096,2019-11-13,17:00,335.3196105957031
DA096,2019-11-13,19:49,0.0
DA096,2019-11-14,08:00,182.3999938964844
DA096,2019-11-14,12:00,307.9653015136719
DA096,2019-11-14,17:25,461.9153137207031
DA096,2019-11-14,21:19,0.0
DA096,2019-11-15,08:00,294.098388671875
DA096,2019-11-15,12:00,461.4926147460938
DA096,2019-11-15,17:00,823.1055908203125
DA096,2019-11-15,21:25,0.0
DA096,2019-11-08,8:51,294.098388671875
DA096,2019-11-08,12:00,241.7929992675781
DA096,2019-11-08,17:00,385.8230895996094
DA096,2019-11-08,21:00,0.0
DA096,2019-11-09,08:00,170.3999938964844
DA096,2019-11-09,11:24,450.6492919921875
DA096,2019-11-09,17:00,1168.596313476562
DA097,2019-11-10,08:00,0.0
DA097,2019-11-10,12:00,328.7030944824219
DA097,2019-11-10,17:00,245.4617004394531
DA097,2019-11-11,7:59,138.6000061035156
DA097,2019-11-11,12:06,138.6000061035156
DA097,2019-11-11,17:00,138.6000061035156
DA097,2019-11-12,08:00,138.6000061035156
DA097,2019-11-12,12:00,138.6000061035156
DA097,2019-11-12,16:14,138.6000061035156
DA097,2019-11-13,7:44,138.6000061035156
DA097,2019-11-13,12:21,138.6000061035156
DA097,2019-11-13,17:51,138.6000061035156
DA097,2019-11-14,08:00,138.6000061035156
DA097,2019-11-14,12:00,138.6000061035156
DA097,2019-11-14,17:00,138.6000061035156
DA097,2019-11-15,08:00,138.6000061035156
DA097,2019-11-15,12:00,138.6000061035156
DA097,2019-11-15,17:00,138.6000061035156
DA097,2019-11-08,8:43,138.6000061035156
DA097,2019-11-08,11:28,138.6000061035156
DA097,2019-11-08,17:44,138.6000061035156
DA097,2019-11-09,8:43,138.6000061035156
DA097,2019-11-09,12:38,138.6000061035156
DA097,2019-11-09,16:59,138.6000061035156
DA098,2019-11-10,11:46,328.7030944824219
DA098,2019-11-10,16:30,245.4617004394531
DA098,2019-11-11,7:31,138.6000061035156
DA098,2019-11-11,11:31,138.6000061035156
DA098,2019-11-11,17:45,138.6000061035156
DA098,2019-11-12,08:00,92.4000015258789
DA098,2019-11-12,12:00,171.7579040527344
DA098,2019-11-12,17:00,221.9375
DA098,2019-11-12,20:30,0.0
DA098,2019-11-13,7:08,120.9375
DA098,2019-11-13,12:23,442.7345886230469
DA098,2019-11-13,17:38,92.4000015258789
DA098,2019-11-14,7:16,182.3999938964844
DA098,2019-11-14,12:16,215.5653076171875
DA098,2019-11-14,17:53,369.5152893066406
DA098,2019-11-15,8:03,294.098388671875
DA098,2019-11-15,12:00,369.0925903320312
DA098,2019-11-15,17:30,776.9055786132812
DA098,2019-11-08,8:41,138.6000061035156
DA098,2019-11-08,12:00,138.6000061035156
DA098,2019-11-08,16:30,138.6000061035156
DA098,2019-11-09,08:00,138.6000061035156
DA098,2019-11-09,12:00,138.6000061035156
DA098,2019-11-09,16:15,1029.996337890625
DA099,2019-11-10,12:00,374.9031066894531
DA099,2019-11-10,17:00,291.6617126464844
DA099,2019-11-11,6:17,92.4000015258789
DA099,2019-11-11,12:16,92.4000015258789
DA099,2019-11-11,17:00,92.4000015258789
DA099,2019-11-12,08:00,92.4000015258789
DA099,2019-11-12,12:00,92.4000015258789
DA099,2019-11-12,17:00,92.4000015258789
DA099,2019-11-13,8:27,92.4000015258789
DA099,2019-11-13,12:00,92.4000015258789
DA099,2019-11-13,17:39,92.4000015258789
DA099,2019-11-14,7:01,92.4000015258789
DA099,2019-11-14,12:54,92.4000015258789
DA099,2019-11-14,17:00,92.4000015258789
DA099,2019-11-15,8:35,92.4000015258789
DA099,2019-11-15,12:00,92.4000015258789
DA099,2019-11-15,16:02,92.4000015258789
DA099,2019-11-08,6:54,92.4000015258789
DA099,2019-11-08,12:00,241.7929992675781
DA099,2019-11-08,17:00,339.6231079101562
DA099,2019-11-08,20:52,0.0
DA099,2019-11-09,08:00,92.4000015258789
DA099,2019-11-09,11:31,312.0492858886719
DA099,2019-11-09,17:00,1076.1962890625
DA100,2019-11-10,08:00,0.0
DA100,2019-11-10,12:00,282.5031127929688
DA100,2019-11-10,17:00,199.2617034912109
DA100,2019-11-10,21:26,0.0
DA100,2019-11-11,8:39,88.63999938964844
DA100,2019-11-11,12:00,274.8663940429688
DA100,2019-11-11,17:00,573.3367919921875
DA100,2019-11-11,21:33,0.0
DA100,2019-11-12,6:26,170.3999938964844
DA100,2019-11-12,12:29,171.7579040527344
DA100,2019-11-12,16:14,221.9375
DA100,2019-11-13,08:00,120.9375
DA100,2019-11-13,11:04,350.3345947265625
DA100,2019-11-13,17:33,150.5196075439453
DA100,2019-11-13,21:44,0.0
DA100,2019-11-14,08:00,182.3999938964844
DA100,2019-11-14,12:00,215.5653076171875
DA100,2019-11-14,16:33,277.1152954101562
DA100,2019-11-15,8:03,294.098388671875
DA100,2019-11-15,11:34,369.0925903320312
DA100,2019-11-15,17:48,730.7056274414062
DA100,2019-11-15,22:03,0.0
DA100,2019-11-08,08:00,294.098388671875
DA100,2019-11-08,11:00,149.3930053710938
DA100,2019-11-08,17:33,293.423095703125
DA100,2019-11-08,21:26,0.0
DA100,2019-11-09,7:03,92.4000015258789
DA100,2019-11-09,11:56,160.4862060546875
DA100,2019-11-09,17:03,983.7963256835938
DA101,2019-11-10,12:00,282.5031127929688
DA101,2019-11-10,17:27,199.2617034912109
DA101,2019-11-10,21:15,0.0
DA101,2019-11-11,13:00,274.8663940429688
DA101,2019-11-11,17:00,332.868408203125
DA101,2019-11-11,19:31,0.0
DA101,2019-11-12,12:00,171.7579040527344
DA101,2019-11-12,17:00,221.9375
DA101,2019-11-12,19:27,0.0
DA101,2019-11-13,12:00,442.7345886230469
DA101,2019-11-13,16:10,150.5196075439453
DA101,2019-11-13,22:04,0.0
DA101,2019-11-14,7:20,182.3999938964844
DA101,2019-11-14,12:12,215.5653076171875
DA101,2019-11-14,17:19,277.1152954101562
DA101,2019-11-14,21:57,0.0
DA101,2019-11-15,12:00,276.6925964355469
DA101,2019-11-15,17:00,638.3056030273438
DA101,2019-11-15,19:57,0.0
DA101,2019-11-08,8:23,220.5738067626953
DA101,2019-11-08,12:00,149.3930053710938
DA101,2019-11-08,17:00,293.423095703125
DA101,2019-11-08,20:19,0.0
DA101,2019-11-09,11:20,265.8493041992188
DA101,2019-11-09,17:00,983.7963256835938
DA101,2019-11-09,19:08,0.0
DA102,2019-11-10,6:34,0.0
DA102,2019-11-10,12:09,92.4000015258789
DA102,2019-11-10,17:00,92.4000015258789
DA102,2019-11-11,12:24,92.4000015258789
DA102,2019-11-11,17:00,92.4000015258789
DA102,2019-11-11,19:36,0.0
DA102,2019-11-12,12:00,92.4000015258789
DA102,2019-11-12,16:34,92.4000015258789
DA102,2019-11-13,11:24,92.4000015258789
DA102,2019-11-13,17:00,92.4000015258789
DA102,2019-11-14,12:24,92.4000015258789
DA102,2019-11-14,17:49,92.4000015258789
DA102,2019-11-14,22:19,0.0
DA102,2019-11-15,12:00,92.4000015258789
DA102,2019-11-15,17:00,92.4000015258789
DA102,2019-11-15,19:51,0.0
DA102,2019-11-08,19:43,0.0
DA102,2019-11-09,12:00,92.4000015258789
DA102,2019-11-09,17:47,92.4000015258789
DA103,2019-11-10,08:00,0.0
DA103,2019-11-10,12:00,92.4000015258789
DA103,2019-11-10,16:26,92.4000015258789
DA103,2019-11-10,21:56,0.0
DA103,2019-11-11,7:11,182.3999938964844
DA103,2019-11-11,12:00,92.4000015258789
DA103,2019-11-11,17:00,92.4000015258789
DA103,2019-11-11,20:00,0.0
DA103,2019-11-12,6:11,153.7687072753906
DA103,2019-11-12,12:48,92.4000015258789
DA103,2019-11-12,17:18,92.4000015258789
DA103,2019-11-12,21:14,0.0
DA103,2019-11-13,8:01,88.63999938964844
DA103,2019-11-13,12:00,92.4000015258789
DA103,2019-11-13,17:00,92.4000015258789
DA103,2019-11-13,19:00,0.0
DA103,2019-11-14,08:00,120.9375
DA103,2019-11-14,12:00,92.4000015258789
DA103,2019-11-14,16:00,92.4000015258789
DA103,2019-11-14,21:56,0.0
DA103,2019-11-15,08:00,294.098388671875
DA103,2019-11-15,12:00,92.4000015258789
DA103,2019-11-15,17:00,92.4000015258789
DA103,2019-11-15,22:03,0.0
DA103,2019-11-08,20:56,0.0
DA103,2019-11-09,7:18,294.098388671875
DA103,2019-11-09,12:11,92.4000015258789
DA103,2019-11-09,17:00,184.8000030517578
DA103,2019-11-09,19:26,0.0
DA104,2019-11-10,08:00,0.0
DA104,2019-11-10,12:00,138.6000061035156
DA104,2019-11-10,17:00,92.4000015258789
DA104,2019-11-11,8:37,182.3999938964844
DA104,2019-11-11,12:00,184.8000030517578
DA104,2019-11-11,17:00,138.6000061035156
DA104,2019-11-12,7:05,153.7687072753906
DA104,2019-11-12,12:13,92.4000015258789
DA104,2019-11-12,16:42,92.4000015258789
DA104,2019-11-13,6:50,88.63999938964844
DA104,2019-11-13,11:37,138.6000061035156
DA104,2019-11-13,17:42,138.6000061035156
DA104,2019-11-14,08:00,120.9375
DA104,2019-11-14,12:00,138.6000061035156
DA104,2019-11-14,17:00,92.4000015258789
DA104,2019-11-15,08:00,294.098388671875
DA104,2019-11-15,11:02,184.8000030517578
DA104,2019-11-15,16:07,138.6000061035156
DA104,2019-11-09,6:17,294.098388671875
DA104,2019-11-09,11:43,92.4000015258789
DA104,2019-11-09,17:57,92.4000015258789
DA105,2019-11-10,7:14,0.0
DA105,2019-11-10,11:38,92.4000015258789
DA105,2019-11-10,16:29,92.4000015258789
DA105,2019-11-10,21:18,0.0
DA105,2019-11-11,08:00,182.3999938964844
DA105,2019-11-11,11:09,92.4000015258789
DA105,2019-11-11,16:44,184.8000030517578
DA105,2019-11-11,21:44,0.0
DA105,2019-11-12,7:06,153.7687072753906
DA105,2019-11-12,12:00,92.4000015258789
DA105,2019-11-12,17:29,92.4000015258789
DA105,2019-11-12,22:14,0.0
DA105,2019-11-13,7:06,88.63999938964844
DA105,2019-11-13,12:13,92.4000015258789
DA105,2019-11-13,16:59,184.8000030517578
DA105,2019-11-13,21:09,0.0
DA105,2019-11-14,7:21,120.9375
DA105,2019-11-14,12:00,92.4000015258789
DA105,2019-11-14,17:00,184.8000030517578
DA105,2019-11-14,20:21,0.0
DA105,2019-11-15,6:59,294.098388671875
DA105,2019-11-15,12:28,92.4000015258789
DA105,2019-11-15,17:00,92.4000015258789
DA105,2019-11-15,22:21,0.0
DA105,2019-11-08,8:55,294.098388671875
DA105,2019-11-08,12:00,184.8000030517578
DA105,2019-11-08,17:00,184.8000030517578
DA105,2019-11-09,7:14,294.098388671875
DA105,2019-11-09,11:43,92.4000015258789
DA105,2019-11-09,17:29,184.8000030517578
DA106,2019-11-10,17:00,92.4000015258789
DA106,2019-11-10,20:00,0.0
DA106,2019-11-11,6:39,0.0
DA106,2019-11-11,17:42,92.4000015258789
DA106,2019-11-11,21:47,0.0
DA106,2019-11-12,7:37,182.3999938964844
DA106,2019-11-12,12:24,92.4000015258789
DA106,2019-11-12,16:26,92.4000015258789
DA106,2019-11-12,20:00,0.0
DA106,2019-11-13,8:31,153.7687072753906
DA106,2019-11-13,12:00,92.4000015258789
DA106,2019-11-13,17:00,92.4000015258789
DA106,2019-11-14,7:37,88.63999938964844
DA106,2019-11-14,12:27,92.4000015258789
DA106,2019-11-14,17:37,92.4000015258789
DA106,2019-11-15,7:32,120.9375
DA106,2019-11-15,12:09,92.4000015258789
DA106,2019-11-15,17:02,92.4000015258789
DA106,2019-11-15,20:00,0.0
DA106,2019-11-09,7:27,294.098388671875
DA106,2019-11-09,12:00,92.4000015258789
DA106,2019-11-09,17:00,92.4000015258789
DA106,2019-11-09,20:00,0.0
DA107,2019-11-10,08:00,0.0
DA107,2019-11-10,12:00,92.4000015258789
DA107,2019-11-10,16:53,92.4000015258789
DA107,2019-11-11,8:03,182.3999938964844
DA107,2019-11-11,12:55,92.4000015258789
DA107,2019-11-11,16:10,92.4000015258789
DA107,2019-11-11,21:48,0.0
DA107,2019-11-12,8:33,153.7687072753906
DA107,2019-11-12,12:03,92.4000015258789
DA107,2019-11-12,17:25,92.4000015258789
DA107,2019-11-13,08:00,88.63999938964844
DA107,2019-11-13,12:00,92.4000015258789
DA107,2019-11-13,17:00,92.4000015258789
DA107,2019-11-14,8:03,120.9375
DA107,2019-11-14,12:40,184.8000030517578
DA107,2019-11-14,17:18,184.8000030517578
DA107,2019-11-14,21:55,0.0
DA107,2019-11-15,7:10,294.098388671875
DA107,2019-11-15,12:03,92.4000015258789
DA107,2019-11-15,17:00,92.4000015258789
DA107,2019-11-15,21:03,0.0
DA107,2019-11-08,21:08,0.0
DA107,2019-11-09,8:03,294.098388671875
DA107,2019-11-09,11:48,92.4000015258789
DA107,2019-11-09,17:18,92.4000015258789
DA108,2019-11-10,8:42,0.0
DA108,2019-11-10,11:35,442.7345886230469
DA108,2019-11-10,17:00,172.6499938964844
DA108,2019-11-10,20:49,0.0
DA108,2019-11-11,7:04,294.098388671875
DA108,2019-11-11,11:35,248.9904022216797
DA108,2019-11-11,17:00,573.3367919921875
DA108,2019-11-11,20:49,0.0
DA108,2019-11-12,7:04,447.8670959472656
DA108,2019-11-12,12:57,147.0422058105469
DA108,2019-11-12,17:45,221.9375
DA108,2019-11-12,22:15,0.0
DA108,2019-11-13,7:04,294.098388671875
DA108,2019-11-13,12:00,442.7345886230469
DA108,2019-11-13,17:00,181.3638000488281
DA108,2019-11-13,21:04,0.0
DA108,2019-11-14,6:57,120.9375
DA108,2019-11-14,12:00,279.8436889648438
DA108,2019-11-14,17:00,202.4656982421875
DA108,2019-11-14,22:19,0.0
DA108,2019-11-15,6:49,294.098388671875
DA108,2019-11-15,11:50,369.0925903320312
DA108,2019-11-15,17:42,730.7056274414062
DA108,2019-11-15,22:12,0.0
DA108,2019-11-08,08:00,294.098388671875
DA108,2019-11-08,12:00,197.0664978027344
DA108,2019-11-08,16:27,293.423095703125
DA108,2019-11-08,21:04,0.0
DA108,2019-11-09,7:04,294.098388671875
DA108,2019-11-09,11:35,92.4000015258789
DA108,2019-11-09,16:34,983.7963256835938
DA108,2019-11-09,20:00,0.0
DA109,2019-11-10,9:00,0.0
DA109,2019-11-10,12:00,282.5031127929688
DA109,2019-11-10,17:00,176.1616973876953
DA109,2019-11-11,6:25,92.4000015258789
DA109,2019-11-11,12:37,251.7664031982422
DA109,2019-11-11,16:52,550.23681640625
DA109,2019-11-12,6:49,182.3999938964844
DA109,2019-11-12,13:00,171.7579040527344
DA109,2019-11-12,17:30,221.9375
DA109,2019-11-13,7:22,294.098388671875
DA109,2019-11-13,12:37,272.0596923828125
DA109,2019-11-13,17:30,127.4196014404297
DA109,2019-11-14,8:48,88.63999938964844
DA109,2019-11-14,12:00,215.5653076171875
DA109,2019-11-14,17:00,277.1152954101562
DA109,2019-11-15,7:30,120.9375
DA109,2019-11-15,11:35,377.5599060058594
DA109,2019-11-15,17:30,730.7056274414062
DA109,2019-11-08,08:00,182.3999938964844
DA109,2019-11-08,12:15,112.0447463989258
DA109,2019-11-08,17:45,169.8115539550781
DA109,2019-11-09,7:37,153.7687072753906
DA109,2019-11-09,12:30,137.3861999511719
DA109,2019-11-09,17:00,937.5963134765625
DA110,2019-11-10,11:42,190.1031036376953
DA110,2019-11-10,16:02,199.2617034912109
DA110,2019-11-10,20:17,0.0
DA110,2019-11-11,08:00,92.4000015258789
DA110,2019-11-11,11:12,275.4497985839844
DA110,2019-11-11,16:32,300.1232299804688
DA110,2019-11-12,11:22,165.9210968017578
DA110,2019-11-12,16:56,203.3687438964844
DA110,2019-11-13,7:24,220.5738067626953
DA110,2019-11-13,12:00,152.0697784423828
DA110,2019-11-13,17:00,135.9897003173828
DA110,2019-11-14,7:31,66.4800033569336
DA110,2019-11-14,12:00,302.2827758789062
DA110,2019-11-14,17:00,230.9364776611328
DA110,2019-11-15,08:00,220.5738067626953
DA110,2019-11-15,12:00,246.236328125
DA110,2019-11-15,17:09,571.1292114257812
DA110,2019-11-08,08:00,364.7999877929688
DA110,2019-11-08,12:00,120.8964996337891
DA110,2019-11-08,17:47,243.1673278808594
DA110,2019-11-09,12:39,160.4862060546875
DA110,2019-11-09,17:00,983.7963256835938
DA111,2019-11-10,08:00,0.0
DA111,2019-11-10,11:19,190.1031036376953
DA111,2019-11-10,17:33,29.72030067443848
DA111,2019-11-10,21:03,0.0
DA111,2019-11-11,6:03,78.0
DA111,2019-11-11,12:00,367.2663879394531
DA111,2019-11-11,17:00,665.73681640625
DA111,2019-11-11,20:48,0.0
DA111,2019-11-12,08:00,182.3999938964844
DA111,2019-11-12,12:00,411.2001037597656
DA111,2019-11-12,17:00,314.3374938964844
DA111,2019-11-12,21:33,0.0
DA111,2019-11-13,6:18,294.098388671875
DA111,2019-11-13,12:00,202.7597045898438
DA111,2019-11-13,17:56,147.0834045410156
DA111,2019-11-14,08:00,88.63999938964844
DA111,2019-11-14,12:00,464.6437072753906
DA111,2019-11-14,17:00,369.5152893066406
DA111,2019-11-15,7:33,120.9375
DA111,2019-11-15,12:00,461.4926147460938
DA111,2019-11-15,17:48,823.1055908203125
DA111,2019-11-08,08:00,307.5374145507812
DA111,2019-11-08,11:11,101.9914245605469
DA111,2019-11-08,16:18,385.8230895996094
DA111,2019-11-08,22:03,0.0
DA111,2019-11-09,7:18,153.7687072753906
DA111,2019-11-09,11:11,358.2492980957031
DA111,2019-11-09,17:00,1076.1962890625
DA111,2019-11-09,22:18,0.0
DA112,2019-11-10,08:00,0.0
DA112,2019-11-10,12:00,282.5031127929688
DA112,2019-11-10,16:30,199.2617034912109
DA112,2019-11-10,21:15,0.0
DA112,2019-11-11,08:00,170.3999938964844
DA112,2019-11-11,12:00,274.8663940429688
DA112,2019-11-11,16:49,215.3643035888672
DA112,2019-11-11,22:04,0.0
DA112,2019-11-12,7:12,182.3999938964844
DA112,2019-11-12,11:50,239.4421997070312
DA112,2019-11-12,17:34,221.9375
DA112,2019-11-12,21:19,0.0
DA112,2019-11-13,7:20,294.098388671875
DA112,2019-11-13,12:00,295.1596984863281
DA112,2019-11-13,17:00,242.9196014404297
DA112,2019-11-14,7:04,294.098388671875
DA112,2019-11-14,12:05,372.2437133789062
DA112,2019-11-14,17:00,369.5152893066406
DA112,2019-11-15,,88.63999938964844
DA112,2019-11-15,,369.0925903320312
DA112,2019-11-15,,823.1055908203125
DA112,2019-11-08,08:00,364.7999877929688
DA112,2019-11-08,12:20,223.1656951904297
DA112,2019-11-08,17:34,385.8230895996094
DA112,2019-11-09,8:57,153.7687072753906
DA112,2019-11-09,12:00,160.4862060546875
DA112,2019-11-09,17:00,1122.396240234375
DA112,2019-11-09,22:10,65.0
DA113,2019-11-10,08:00,93.19999694824219
DA113,2019-11-10,12:00,282.5031127929688
DA113,2019-11-10,17:00,145.8308563232422
DA113,2019-11-10,20:41,72.5999984741211
DA113,2019-11-11,6:17,0.0
DA113,2019-11-11,12:00,274.8663940429688
DA113,2019-11-11,17:00,573.3367919921875
DA113,2019-11-11,20:56,247.6999969482422
DA113,2019-11-12,7:48,182.3999938964844
DA113,2019-11-12,12:00,166.8816680908203
DA113,2019-11-12,16:56,309.7823791503906
DA113,2019-11-12,21:59,31.5
DA113,2019-11-13,7:14,294.098388671875
DA113,2019-11-13,11:46,295.1596984863281
DA113,2019-11-13,16:22,143.7007446289062
DA113,2019-11-13,21:17,0.0
DA113,2019-11-14,08:00,88.63999938964844
DA113,2019-11-14,12:00,418.4436950683594
DA113,2019-11-14,17:00,373.9317321777344
DA113,2019-11-14,21:02,65.0
DA113,2019-11-15,6:33,120.9375
DA113,2019-11-15,12:00,369.0925903320312
DA113,2019-11-15,17:00,823.1055908203125
DA113,2019-11-15,20:37,28.20000076293945
DA113,2019-11-08,08:00,364.7999877929688
DA113,2019-11-08,12:00,130.7657012939453
DA113,2019-11-08,17:52,385.8230895996094
DA113,2019-11-08,22:07,22.5
DA113,2019-11-09,6:32,153.7687072753906
DA113,2019-11-09,12:37,160.4862060546875
DA113,2019-11-09,17:41,1076.1962890625
DA113,2019-11-09,22:14,91.19999694824219
DA114,2019-11-10,6:22,0.0
DA114,2019-11-10,12:00,282.5031127929688
DA114,2019-11-10,17:00,172.5462799072266
DA114,2019-11-10,19:22,6.0
DA114,2019-11-11,8:15,78.0
DA114,2019-11-11,12:45,229.2498016357422
DA114,2019-11-11,17:27,332.868408203125
DA114,2019-11-11,22:15,0.0
DA114,2019-11-12,7:15,182.3999938964844
DA114,2019-11-12,11:28,151.9184265136719
DA114,2019-11-12,16:33,189.5531311035156
DA114,2019-11-12,21:45,0.0
DA114,2019-11-13,7:52,294.098388671875
DA114,2019-11-13,11:43,295.1596984863281
DA114,2019-11-13,17:45,135.9897003173828
DA114,2019-11-13,22:15,0.0
DA114,2019-11-14,08:00,88.63999938964844
DA114,2019-11-14,12:00,184.7739715576172
DA114,2019-11-14,17:37,184.7576446533203
DA114,2019-11-14,21:52,0.0
DA114,2019-11-15,7:15,120.9375
DA114,2019-11-15,11:52,194.9575500488281
DA114,2019-11-15,17:37,571.1292114257812
DA114,2019-11-15,22:15,0.0
DA114,2019-11-08,08:00,364.7999877929688
DA114,2019-11-08,12:07,135.1447448730469
DA114,2019-11-08,17:37,243.1673278808594
DA114,2019-11-08,20:22,103.0
DA114,2019-11-09,8:49,153.7687072753906
DA114,2019-11-09,12:00,222.4869689941406
DA114,2019-11-09,17:00,1076.1962890625
DA114,2019-11-09,21:52,0.0
DA115,2019-11-10,11:09,282.5031127929688
DA115,2019-11-10,17:17,199.2617034912109
DA115,2019-11-10,22:02,0.0
DA115,2019-11-11,6:19,92.4000015258789
DA115,2019-11-11,12:00,274.8663940429688
DA115,2019-11-11,17:00,573.3367919921875
DA115,2019-11-11,21:10,0.0
DA115,2019-11-12,8:30,182.3999938964844
DA115,2019-11-12,12:00,147.0422058105469
DA115,2019-11-12,17:55,221.9375
DA115,2019-11-12,21:55,0.0
DA115,2019-11-13,08:00,220.5738067626953
DA115,2019-11-13,11:02,295.1596984863281
DA115,2019-11-13,17:15,150.5196075439453
DA115,2019-11-13,21:30,0.0
DA115,2019-11-14,8:51,220.5738067626953
DA115,2019-11-14,12:00,215.5653076171875
DA115,2019-11-14,17:00,277.1152954101562
DA115,2019-11-14,21:25,0.0
DA115,2019-11-15,6:30,120.9375
DA115,2019-11-15,12:00,299.9194641113281
DA115,2019-11-15,17:00,776.9055786132812
DA115,2019-11-08,08:00,364.7999877929688
DA115,2019-11-08,11:32,111.5828475952148
DA115,2019-11-08,17:00,339.6231079101562
DA115,2019-11-08,22:10,0.0
DA115,2019-11-09,6:45,153.7687072753906
DA115,2019-11-09,12:00,179.1246490478516
DA115,2019-11-09,17:00,1029.996337890625
DA115,2019-11-09,22:02,0.0
DA116,2019-11-10,7:07,0.0
DA116,2019-11-10,12:00,535.1345825195312
DA116,2019-11-10,17:00,291.6617126464844
DA116,2019-11-10,20:45,132.2400054931641
DA116,2019-11-11,08:00,170.3999938964844
DA116,2019-11-11,12:00,367.2663879394531
DA116,2019-11-11,17:00,265.0499877929688
DA116,2019-11-11,20:37,0.0
DA116,2019-11-12,8:26,274.7999877929688
DA116,2019-11-12,12:00,239.4421997070312
DA116,2019-11-12,16:11,314.3374938964844
DA116,2019-11-12,22:26,0.0
DA116,2019-11-13,08:00,294.098388671875
DA116,2019-11-13,12:00,535.1345825195312
DA116,2019-11-13,17:48,242.9196014404297
DA116,2019-11-13,22:03,0.0
DA116,2019-11-14,8:35,88.63999938964844
DA116,2019-11-14,12:00,464.6437072753906
DA116,2019-11-14,17:00,369.5152893066406
DA116,2019-11-14,20:41,0.0
DA116,2019-11-15,08:00,120.9375
DA116,2019-11-15,11:15,461.4926147460938
DA116,2019-11-15,17:26,823.1055908203125
DA116,2019-11-15,21:48,0.0
DA116,2019-11-08,08:00,364.7999877929688
DA116,2019-11-08,12:00,223.1656951904297
DA116,2019-11-08,17:11,385.8230895996094
DA116,2019-11-08,22:56,0.0
DA116,2019-11-09,08:00,246.168701171875
DA116,2019-11-09,12:00,358.2492980957031
DA116,2019-11-09,17:26,1168.596313476562
DA116,2019-11-09,21:45,0.0
DA117,2019-11-10,08:00,0.0
DA117,2019-11-10,12:00,282.5031127929688
DA117,2019-11-10,17:00,199.2617034912109
DA117,2019-11-10,22:05,0.0
DA117,2019-11-11,8:39,170.3999938964844
DA117,2019-11-11,12:00,274.8663940429688
DA117,2019-11-11,17:00,573.3367919921875
DA117,2019-11-12,7:05,182.3999938964844
DA117,2019-11-12,12:35,147.0422058105469
DA117,2019-11-12,17:00,129.5375061035156
DA117,2019-11-13,7:43,294.098388671875
DA117,2019-11-13,11:58,295.1596984863281
DA117,2019-11-13,16:57,150.5196075439453
DA117,2019-11-13,21:12,0.0
DA117,2019-11-14,7:28,92.4000015258789
DA117,2019-11-14,12:00,215.5653076171875
DA117,2019-11-14,16:12,277.1152954101562
DA117,2019-11-15,7:28,120.9375
DA117,2019-11-15,11:58,369.0925903320312
DA117,2019-11-15,17:22,730.7056274414062
DA117,2019-11-08,08:00,182.3999938964844
DA117,2019-11-08,12:43,38.36569976806641
DA117,2019-11-08,16:20,201.0231018066406
DA117,2019-11-08,21:20,0.0
DA117,2019-11-09,08:00,153.7687072753906
DA117,2019-11-09,12:00,265.8493041992188
DA117,2019-11-09,17:00,983.7963256835938
DA118,2019-11-10,12:00,282.5031127929688
DA118,2019-11-10,17:00,199.2617034912109
DA118,2019-11-10,21:15,65.0
DA118,2019-11-11,7:15,170.3999938964844
DA118,2019-11-11,12:00,274.8663940429688
DA118,2019-11-11,17:00,573.3367919921875
DA118,2019-11-11,21:22,132.2400054931641
DA118,2019-11-12,6:19,364.7999877929688
DA118,2019-11-12,12:54,171.7579040527344
DA118,2019-11-12,17:22,221.9375
DA118,2019-11-12,21:00,247.6999969482422
DA118,2019-11-13,6:30,294.098388671875
DA118,2019-11-13,11:24,295.1596984863281
DA118,2019-11-13,17:52,150.5196075439453
DA118,2019-11-13,21:45,0.0
DA118,2019-11-14,08:00,134.8399963378906
DA118,2019-11-14,12:00,215.5653076171875
DA118,2019-11-14,17:30,277.1152954101562
DA118,2019-11-14,21:30,132.2400054931641
DA118,2019-11-15,7:22,120.9375
DA118,2019-11-15,12:00,297.5151062011719
DA118,2019-11-15,17:15,823.1055908203125
DA118,2019-11-15,21:49,132.2400054931641
DA118,2019-11-08,08:00,364.7999877929688
DA118,2019-11-08,12:00,84.5656967163086
DA118,2019-11-08,17:00,385.8230895996094
DA118,2019-11-08,21:30,132.2400054931641
DA118,2019-11-09,6:19,246.168701171875
DA118,2019-11-09,12:07,126.4430999755859
DA118,2019-11-09,17:52,1076.1962890625
DA118,2019-11-09,21:52,0.0
DA119,2019-11-10,08:00,0.0
DA119,2019-11-10,12:00,442.7345886230469
DA119,2019-11-10,16:02,106.861701965332
DA119,2019-11-10,21:57,0.0
DA119,2019-11-11,08:00,78.0
DA119,2019-11-11,11:31,248.9904022216797
DA119,2019-11-11,17:09,215.3643035888672
DA119,2019-11-11,21:17,0.0
DA119,2019-11-12,08:00,182.3999938964844
DA119,2019-11-12,12:00,171.7579040527344
DA119,2019-11-12,16:47,129.5375061035156
DA119,2019-11-12,22:02,0.0
DA119,2019-11-13,08:00,294.098388671875
DA119,2019-11-13,12:00,202.7597045898438
DA119,2019-11-13,17:54,150.5196075439453
DA119,2019-11-13,22:02,0.0
DA119,2019-11-14,08:00,88.63999938964844
DA119,2019-11-14,12:00,215.5653076171875
DA119,2019-11-14,17:00,277.1152954101562
DA119,2019-11-14,21:24,0.0
DA119,2019-11-15,8:54,120.9375
DA119,2019-11-15,11:24,369.0925903320312
DA119,2019-11-15,17:00,205.9748992919922
DA119,2019-11-15,19:07,0.0
DA119,2019-11-08,08:00,364.7999877929688
DA119,2019-11-08,12:00,149.3930053710938
DA119,2019-11-08,17:00,201.0231018066406
DA119,2019-11-08,22:02,154.5
DA119,2019-11-09,08:00,153.7687072753906
DA119,2019-11-09,12:00,265.8493041992188
DA119,2019-11-09,17:17,891.3963012695312
DA119,2019-11-09,22:32,0.0
DA120,2019-11-10,12:00,190.1031036376953
DA120,2019-11-10,17:00,291.6617126464844
DA120,2019-11-11,12:48,78.29519653320312
DA120,2019-11-11,16:33,665.73681640625
DA120,2019-11-12,8:03,153.7687072753906
DA120,2019-11-12,11:48,27.32110023498535
DA120,2019-11-12,17:00,314.3374938964844
DA120,2019-11-13,12:18,262.7509460449219
DA120,2019-11-13,17:00,213.8598022460938
DA120,2019-11-14,12:00,92.37397766113281
DA120,2019-11-14,17:00,323.3364868164062
DA120,2019-11-15,11:38,207.5194549560547
DA120,2019-11-15,17:00,823.1055908203125
DA120,2019-11-08,08:00,120.9375
DA120,2019-11-08,12:00,203.9828491210938
DA120,2019-11-08,17:33,385.8230895996094
DA120,2019-11-08,19:18,0.0
DA120,2019-11-09,8:44,153.7687072753906
DA120,2019-11-09,12:00,86.72464752197266
DA120,2019-11-09,17:55,1076.1962890625
DA121,2019-11-10,08:00,0.0
DA121,2019-11-10,12:00,190.1031036376953
DA121,2019-11-10,17:00,106.861701965332
DA121,2019-11-10,22:11,25.20000076293945
DA121,2019-11-11,6:48,78.0
DA121,2019-11-11,12:41,274.8663940429688
DA121,2019-11-11,17:48,665.73681640625
DA121,2019-11-11,21:03,0.0
DA121,2019-11-12,08:00,182.3999938964844
DA121,2019-11-12,12:00,226.4001007080078
DA121,2019-11-12,17:41,314.3374938964844
DA121,2019-11-12,22:09,0.0
DA121,2019-11-13,8:56,294.098388671875
DA121,2019-11-13,12:00,202.7597045898438
DA121,2019-11-13,17:18,239.4833984375
DA121,2019-11-13,22:26,0.0
DA121,2019-11-14,6:48,88.63999938964844
DA121,2019-11-14,12:00,180.2433013916016
DA121,2019-11-14,17:00,369.5152893066406
DA121,2019-11-14,21:54,0.0
DA121,2019-11-15,08:00,120.9375
DA121,2019-11-15,11:09,415.2926025390625
DA121,2019-11-15,16:24,823.1055908203125
DA121,2019-11-08,08:00,364.7999877929688
DA121,2019-11-08,12:00,84.5656967163086
DA121,2019-11-08,17:33,339.6231079101562
DA121,2019-11-08,22:18,0.0
DA121,2019-11-09,08:00,153.7687072753906
DA121,2019-11-09,11:33,206.6862030029297
DA121,2019-11-09,17:00,1122.396240234375
DA121,2019-11-09,19:48,0.0
DA122,2019-11-10,12:00,328.7030944824219
DA122,2019-11-10,16:41,195.0357208251953
DA122,2019-11-10,22:06,0.0
DA122,2019-11-11,08:00,78.0
DA122,2019-11-11,12:43,301.6593933105469
DA122,2019-11-11,16:36,438.7232360839844
DA122,2019-11-11,21:16,0.0
DA122,2019-11-12,7:20,136.8000030517578
DA122,2019-11-12,11:50,198.1184234619141
DA122,2019-11-12,16:58,254.2485046386719
DA122,2019-11-12,21:01,0.0
DA122,2019-11-13,08:00,294.098388671875
DA122,2019-11-13,11:48,341.3597106933594
DA122,2019-11-13,17:58,288.293701171875
DA122,2019-11-13,21:36,0.0
DA122,2019-11-14,6:45,88.63999938964844
DA122,2019-11-14,12:43,261.7652893066406
DA122,2019-11-14,17:16,369.5152893066406
DA122,2019-11-14,22:36,0.0
DA122,2019-11-15,08:00,90.703125
DA122,2019-11-15,12:00,343.715087890625
DA122,2019-11-15,17:00,823.1055908203125
DA122,2019-11-08,08:00,182.3999938964844
DA122,2019-11-08,12:00,195.5930023193359
DA122,2019-11-08,17:51,439.0718383789062
DA122,2019-11-08,22:51,0.0
DA122,2019-11-09,8:55,153.7687072753906
DA122,2019-11-09,12:00,252.8861999511719
DA122,2019-11-09,17:00,1076.1962890625
DA122,2019-11-09,22:28,0.0
DA123,2019-11-10,12:00,282.5031127929688
DA123,2019-11-10,17:00,199.2617034912109
DA123,2019-11-11,7:52,78.0
DA123,2019-11-11,12:37,274.8663940429688
DA123,2019-11-11,16:22,573.3367919921875
DA123,2019-11-12,8:07,182.3999938964844
DA123,2019-11-12,11:52,171.7579040527344
DA123,2019-11-12,17:00,221.9375
DA123,2019-11-13,,294.098388671875
DA123,2019-11-13,,295.1596984863281
DA123,2019-11-13,,150.5196075439453
DA123,2019-11-14,,88.63999938964844
DA123,2019-11-14,,123.1652984619141
DA123,2019-11-14,,369.5152893066406
DA123,2019-11-15,,294.098388671875
DA123,2019-11-15,,297.5151062011719
DA123,2019-11-15,,823.1055908203125
DA123,2019-11-08,08:00,364.7999877929688
DA123,2019-11-08,12:37,149.3930053710938
DA123,2019-11-08,16:22,293.423095703125
DA123,2019-11-09,7:47,153.7687072753906
DA123,2019-11-09,12:15,160.4862060546875
DA123,2019-11-09,17:00,1076.1962890625
DA124,2019-11-10,6:59,0.0
DA124,2019-11-10,12:31,282.5031127929688
DA124,2019-11-10,16:48,199.2617034912109
DA124,2019-11-10,21:58,165.8399963378906
DA124,2019-11-11,7:44,156.0
DA124,2019-11-11,12:39,274.8663940429688
DA124,2019-11-11,16:08,573.3367919921875
DA124,2019-11-11,21:16,65.0
DA124,2019-11-12,8:09,182.3999938964844
DA124,2019-11-12,12:00,147.0422058105469
DA124,2019-11-12,21:12,0.0
DA124,2019-11-13,7:39,294.098388671875
DA124,2019-11-13,12:24,272.0596923828125
DA124,2019-11-13,17:53,127.4196014404297
DA124,2019-11-13,22:16,65.0
DA124,2019-11-14,6:39,88.63999938964844
DA124,2019-11-14,11:29,215.5653076171875
DA124,2019-11-14,16:48,277.1152954101562
DA124,2019-11-15,6:24,120.9375
DA124,2019-11-15,11:49,369.0925903320312
DA124,2019-11-15,17:00,730.7056274414062
DA124,2019-11-15,22:08,0.0
DA124,2019-11-08,08:00,364.7999877929688
DA124,2019-11-08,12:39,149.3930053710938
DA124,2019-11-08,17:00,293.423095703125
DA124,2019-11-08,22:08,137.0
DA124,2019-11-09,7:16,153.7687072753906
DA124,2019-11-09,11:24,265.8493041992188
DA124,2019-11-09,17:23,1076.1962890625
DA124,2019-11-09,21:46,65.0
DA125,2019-11-10,6:11,33.59999847412109
DA125,2019-11-10,12:00,488.9346008300781
DA125,2019-11-10,16:03,168.3202972412109
DA125,2019-11-11,6:56,78.0
DA125,2019-11-11,11:56,431.456787109375
DA125,2019-11-11,16:56,353.9642944335938
DA125,2019-11-12,7:18,92.4000015258789
DA125,2019-11-12,12:33,272.60009765625
DA125,2019-11-12,17:18,360.7355041503906
DA125,2019-11-13,7:18,92.4000015258789
DA125,2019-11-13,12:26,691.6942749023438
DA125,2019-11-13,17:11,227.5637969970703
DA125,2019-11-14,7:03,92.4000015258789
DA125,2019-11-14,11:26,226.4432983398438
DA125,2019-11-14,16:26,341.0657043457031
DA125,2019-11-15,08:00,92.4000015258789
DA125,2019-11-15,12:00,461.4926147460938
DA125,2019-11-15,17:41,344.5748901367188
DA125,2019-11-08,08:00,182.3999938964844
DA125,2019-11-08,12:11,223.1656951904297
DA125,2019-11-08,17:26,397.7950134277344
DA125,2019-11-09,6:26,92.4000015258789
DA125,2019-11-09,12:11,358.2492980957031
DA125,2019-11-09,17:00,265.7077941894531
DA126,2019-11-10,08:00,33.59999847412109
DA126,2019-11-10,12:00,535.1345825195312
DA126,2019-11-10,17:00,168.3202972412109
DA126,2019-11-11,08:00,78.0
DA126,2019-11-11,12:00,477.6567993164062
DA126,2019-11-11,16:42,400.164306640625
DA126,2019-11-12,8:35,92.4000015258789
DA126,2019-11-12,11:58,272.60009765625
DA126,2019-11-12,17:27,231.197998046875
DA126,2019-11-13,08:00,92.4000015258789
DA126,2019-11-13,12:00,691.6942749023438
DA126,2019-11-13,17:00,227.5637969970703
DA126,2019-11-14,6:58,92.4000015258789
DA126,2019-11-14,11:07,226.4432983398438
DA126,2019-11-14,17:05,341.0657043457031
DA126,2019-11-15,7:28,92.4000015258789
DA126,2019-11-15,12:24,461.4926147460938
DA126,2019-11-15,17:07,390.77490234375
DA126,2019-11-08,08:00,182.3999938964844
DA126,2019-11-08,12:13,223.1656951904297
DA126,2019-11-08,17:00,397.7950134277344
DA126,2019-11-09,8:35,92.4000015258789
DA126,2019-11-09,11:43,358.2492980957031
DA126,2019-11-09,16:52,265.7077941894531
DA127,2019-11-10,8:03,0.0
DA127,2019-11-10,12:00,374.9031066894531
DA127,2019-11-10,17:00,291.6617126464844
DA127,2019-11-10,21:29,0.0
DA127,2019-11-11,8:54,184.8000030517578
DA127,2019-11-11,12:00,367.2663879394531
DA127,2019-11-11,17:09,665.73681640625
DA127,2019-11-12,6:53,170.3999938964844
DA127,2019-11-12,12:00,217.9579010009766
DA127,2019-11-12,17:00,360.5375061035156
DA127,2019-11-13,7:14,294.098388671875
DA127,2019-11-13,12:00,387.5596923828125
DA127,2019-11-13,17:00,242.9196014404297
DA127,2019-11-13,19:09,0.0
DA127,2019-11-14,08:00,294.098388671875
DA127,2019-11-14,12:00,307.9653015136719
DA127,2019-11-14,16:48,415.7153015136719
DA127,2019-11-15,08:00,92.4000015258789
DA127,2019-11-15,12:00,461.4926147460938
DA127,2019-11-15,17:00,823.1055908203125
DA127,2019-11-08,08:00,364.7999877929688
DA127,2019-11-08,12:00,195.5930023193359
DA127,2019-11-08,16:18,385.8230895996094
DA127,2019-11-08,22:41,0.0
DA127,2019-11-09,7:26,92.4000015258789
DA127,2019-11-09,12:03,312.0492858886719
DA127,2019-11-09,17:00,1076.1962890625
DA128,2019-11-10,08:00,0.0
DA128,2019-11-10,11:05,421.1030883789062
DA128,2019-11-10,17:00,291.6617126464844
DA128,2019-11-10,19:51,0.0
DA128,2019-11-11,8:10,184.8000030517578
DA128,2019-11-11,12:35,367.2663879394531
DA128,2019-11-11,17:00,665.73681640625
DA128,2019-11-12,6:20,170.3999938964844
DA128,2019-11-12,12:43,217.9579010009766
DA128,2019-11-12,16:36,360.5375061035156
DA128,2019-11-12,19:36,0.0
DA128,2019-11-13,8:00,294.098388671875
DA128,2019-11-13,12:50,387.5596923828125
DA128,2019-11-13,17:00,242.9196014404297
DA128,2019-11-14,08:00,294.098388671875
DA128,2019-11-14,12:00,354.1653137207031
DA128,2019-11-14,17:36,369.5152893066406
DA128,2019-11-14,21:06,0.0
DA128,2019-11-15,7:20,92.4000015258789
DA128,2019-11-15,12:00,461.4926147460938
DA128,2019-11-15,17:51,869.3056030273438
DA128,2019-11-15,21:58,0.0
DA128,2019-11-08,08:00,364.7999877929688
DA128,2019-11-08,12:00,149.3930053710938
DA128,2019-11-08,16:36,432.0231018066406
DA128,2019-11-09,6:50,92.4000015258789
DA128,2019-11-09,11:50,312.0492858886719
DA128,2019-11-09,17:00,1076.1962890625
DA128,2019-11-09,19:41,0.0
DA131,2019-11-10,08:00,0.0
DA131,2019-11-10,12:00,421.1030883789062
DA131,2019-11-10,17:00,291.6617126464844
DA131,2019-11-11,6:54,184.8000030517578
DA131,2019-11-11,12:09,367.2663879394531
DA131,2019-11-11,16:23,665.73681640625
DA131,2019-11-12,7:24,170.3999938964844
DA131,2019-11-12,12:00,217.9579010009766
DA131,2019-11-12,17:00,360.5375061035156
DA131,2019-11-12,19:43,0.0
DA131,2019-11-13,6:24,294.098388671875
DA131,2019-11-13,12:09,387.5596923828125
DA131,2019-11-13,16:08,242.9196014404297
DA131,2019-11-14,6:44,294.098388671875
DA131,2019-11-14,12:09,354.1653137207031
DA131,2019-11-14,16:03,369.5152893066406
DA131,2019-11-14,20:38,0.0
DA131,2019-11-15,8:19,92.4000015258789
DA131,2019-11-15,12:00,461.4926147460938
DA131,2019-11-15,17:00,869.3056030273438
DA131,2019-11-15,21:31,0.0
DA131,2019-11-08,08:00,364.7999877929688
DA131,2019-11-08,12:00,149.3930053710938
DA131,2019-11-08,17:31,432.0231018066406
DA131,2019-11-09,08:00,92.4000015258789
DA131,2019-11-09,12:00,312.0492858886719
DA131,2019-11-09,17:00,1076.1962890625
DA131,2019-11-09,21:08,0.0
DA132,2019-11-10,8:48,0.0
DA132,2019-11-10,12:00,421.1030883789062
DA132,2019-11-10,17:00,291.6617126464844
DA132,2019-11-11,7:09,184.8000030517578
DA132,2019-11-11,12:17,367.2663879394531
DA132,2019-11-11,17:00,665.73681640625
DA132,2019-11-12,8:54,170.3999938964844
DA132,2019-11-12,12:00,217.9579010009766
DA132,2019-11-12,17:10,360.5375061035156
DA132,2019-11-12,21:47,0.0
DA132,2019-11-13,08:00,294.098388671875
DA132,2019-11-13,11:20,387.5596923828125
DA132,2019-11-13,17:34,242.9196014404297
DA132,2019-11-14,7:24,294.098388671875
DA132,2019-11-14,12:32,354.1653137207031
DA132,2019-11-14,17:00,369.5152893066406
DA132,2019-11-14,21:17,0.0
DA132,2019-11-15,08:00,92.4000015258789
DA132,2019-11-15,11:51,461.4926147460938
DA132,2019-11-15,16:45,869.3056030273438
DA132,2019-11-15,21:47,0.0
DA132,2019-11-08,08:00,364.7999877929688
DA132,2019-11-08,11:39,149.3930053710938
DA132,2019-11-08,17:00,432.0231018066406
DA132,2019-11-09,7:24,92.4000015258789
DA132,2019-11-09,12:00,312.0492858886719
DA132,2019-11-09,17:00,1076.1962890625
DA132,2019-11-09,19:49,0.0
DA133,2019-11-10,7:49,0.0
DA133,2019-11-10,12:00,328.7030944824219
DA133,2019-11-10,17:00,245.4617004394531
DA133,2019-11-11,6:57,138.6000061035156
DA133,2019-11-11,11:54,182.4664001464844
DA133,2019-11-11,17:26,665.73681640625
DA133,2019-11-11,22:04,0.0
DA133,2019-11-12,12:00,310.35791015625
DA133,2019-11-12,17:41,360.5375061035156
DA133,2019-11-12,22:01,0.0
DA133,2019-11-13,8:07,88.63999938964844
DA133,2019-11-13,12:49,387.5596923828125
DA133,2019-11-13,17:00,289.1195983886719
DA133,2019-11-14,08:00,294.098388671875
DA133,2019-11-14,12:00,272.643310546875
DA133,2019-11-14,16:56,369.5152893066406
DA133,2019-11-14,22:26,0.0
DA133,2019-11-15,8:56,88.63999938964844
DA133,2019-11-15,12:49,343.715087890625
DA133,2019-11-15,17:26,223.1656951904297
DA133,2019-11-15,21:51,0.0
DA133,2019-11-08,08:00,364.7999877929688
DA133,2019-11-08,12:00,130.7657012939453
DA133,2019-11-08,16:41,385.8230895996094
DA133,2019-11-08,19:11,0.0
DA133,2019-11-09,8:01,182.3999938964844
DA133,2019-11-09,12:00,358.2492980957031
DA133,2019-11-09,17:00,891.3963012695312
DA134,2019-11-10,08:00,0.0
DA134,2019-11-10,12:00,328.7030944824219
DA134,2019-11-10,16:10,245.4617004394531
DA134,2019-11-10,22:14,0.0
DA134,2019-11-11,7:25,138.6000061035156
DA134,2019-11-11,12:43,182.4664001464844
DA134,2019-11-11,17:29,619.5368041992188
DA134,2019-11-11,22:59,0.0
DA134,2019-11-12,12:36,310.35791015625
DA134,2019-11-12,16:54,360.5375061035156
DA134,2019-11-12,21:09,0.0
DA134,2019-11-13,7:59,88.63999938964844
DA134,2019-11-13,12:00,479.9596862792969
DA134,2019-11-13,17:00,289.1195983886719
DA134,2019-11-13,22:44,0.0
DA134,2019-11-14,8:13,294.098388671875
DA134,2019-11-14,12:36,272.643310546875
DA134,2019-11-14,17:00,369.5152893066406
DA134,2019-11-14,19:36,0.0
DA134,2019-11-15,08:00,88.63999938964844
DA134,2019-11-15,12:00,343.715087890625
DA134,2019-11-15,17:00,223.1656951904297
DA134,2019-11-15,19:59,0.0
DA134,2019-11-08,08:00,364.7999877929688
DA134,2019-11-08,12:43,130.7657012939453
DA134,2019-11-08,16:59,478.2231140136719
DA134,2019-11-09,7:14,182.3999938964844
DA134,2019-11-09,12:00,312.0492858886719
DA134,2019-11-09,17:00,891.3963012695312
DA135,2019-11-10,08:00,0.0
DA135,2019-11-10,12:00,328.7030944824219
DA135,2019-11-10,17:00,245.4617004394531
DA135,2019-11-10,19:55,0.0
DA135,2019-11-11,7:37,138.6000061035156
DA135,2019-11-11,12:00,182.4664001464844
DA135,2019-11-11,17:00,619.5368041992188
DA135,2019-11-11,19:45,0.0
DA135,2019-11-12,12:00,310.35791015625
DA135,2019-11-12,17:00,360.5375061035156
DA135,2019-11-12,21:30,0.0
DA135,2019-11-13,7:30,88.63999938964844
DA135,2019-11-13,12:00,479.9596862792969
DA135,2019-11-13,16:52,289.1195983886719
DA135,2019-11-14,08:00,294.098388671875
DA135,2019-11-14,12:00,272.643310546875
DA135,2019-11-14,17:45,369.5152893066406
DA135,2019-11-14,21:15,0.0
DA135,2019-11-15,08:00,88.63999938964844
DA135,2019-11-15,12:00,343.715087890625
DA135,2019-11-15,16:30,223.1656951904297
DA135,2019-11-15,22:37,0.0
DA135,2019-11-08,08:00,364.7999877929688
DA135,2019-11-08,12:00,130.7657012939453
DA135,2019-11-08,16:45,478.2231140136719
DA135,2019-11-08,21:37,0.0
DA135,2019-11-09,6:25,182.3999938964844
DA135,2019-11-09,13:00,312.0492858886719
DA135,2019-11-09,16:45,891.3963012695312
DA136,2019-11-10,08:00,0.0
DA136,2019-11-10,11:41,421.1030883789062
DA136,2019-11-10,16:50,291.6617126464844
DA136,2019-11-11,08:00,184.8000030517578
DA136,2019-11-11,12:00,367.2663879394531
DA136,2019-11-11,17:00,665.73681640625
DA136,2019-11-12,8:16,170.3999938964844
DA136,2019-11-12,12:31,217.9579010009766
DA136,2019-11-12,17:30,360.5375061035156
DA136,2019-11-12,21:53,0.0
DA136,2019-11-13,7:08,294.098388671875
DA136,2019-11-13,11:46,387.5596923828125
DA136,2019-11-13,17:00,242.9196014404297
DA136,2019-11-14,08:00,294.098388671875
DA136,2019-11-14,11:01,354.1653137207031
DA136,2019-11-14,17:11,369.5152893066406
DA136,2019-11-14,21:23,0.0
DA136,2019-11-15,08:00,92.4000015258789
DA136,2019-11-15,12:00,461.4926147460938
DA136,2019-11-15,16:19,869.3056030273438
DA136,2019-11-15,21:34,0.0
DA136,2019-11-08,08:00,364.7999877929688
DA136,2019-11-08,12:23,149.3930053710938
DA136,2019-11-08,18:00,432.0231018066406
DA136,2019-11-09,8:49,92.4000015258789
DA136,2019-11-09,12:00,312.0492858886719
DA136,2019-11-09,17:00,1076.1962890625
DA136,2019-11-09,21:53,0.0
DA137,2019-11-10,7:46,0.0
DA137,2019-11-10,12:00,328.7030944824219
DA137,2019-11-10,17:00,245.4617004394531
DA137,2019-11-10,20:00,0.0
DA137,2019-11-11,8:16,138.6000061035156
DA137,2019-11-11,12:54,182.4664001464844
DA137,2019-11-11,17:00,619.5368041992188
DA137,2019-11-11,19:02,0.0
DA137,2019-11-12,12:00,310.35791015625
DA137,2019-11-12,17:32,360.5375061035156
DA137,2019-11-12,21:02,0.0
DA137,2019-11-13,7:09,88.63999938964844
DA137,2019-11-13,12:46,479.9596862792969
DA137,2019-11-13,17:00,289.1195983886719
DA137,2019-11-14,08:00,294.098388671875
DA137,2019-11-14,12:00,272.643310546875
DA137,2019-11-14,17:00,369.5152893066406
DA137,2019-11-14,21:24,0.0
DA137,2019-11-15,8:50,88.63999938964844
DA137,2019-11-15,12:00,343.715087890625
DA137,2019-11-15,16:52,223.1656951904297
DA137,2019-11-15,22:17,0.0
DA137,2019-11-08,08:00,364.7999877929688
DA137,2019-11-08,12:00,130.7657012939453
DA137,2019-11-08,16:32,478.2231140136719
DA137,2019-11-08,20:24,0.0
DA137,2019-11-09,08:00,182.3999938964844
DA137,2019-11-09,12:00,312.0492858886719
DA137,2019-11-09,16:39,891.3963012695312
DA138,2019-11-10,08:00,0.0
DA138,2019-11-10,12:00,421.1030883789062
DA138,2019-11-10,17:00,291.6617126464844
DA138,2019-11-11,08:00,184.8000030517578
DA138,2019-11-11,12:00,367.2663879394531
DA138,2019-11-11,17:00,665.73681640625
DA138,2019-11-12,6:44,170.3999938964844
DA138,2019-11-12,11:49,217.9579010009766
DA138,2019-11-12,17:41,360.5375061035156
DA138,2019-11-12,22:03,0.0
DA138,2019-11-13,08:00,294.098388671875
DA138,2019-11-13,11:03,387.5596923828125
DA138,2019-11-13,17:00,242.9196014404297
DA138,2019-11-14,08:00,294.098388671875
DA138,2019-11-14,12:00,354.1653137207031
DA138,2019-11-14,17:00,369.5152893066406
DA138,2019-11-14,22:09,0.0
DA138,2019-11-15,08:00,92.4000015258789
DA138,2019-11-15,12:00,461.4926147460938
DA138,2019-11-15,17:00,869.3056030273438
DA138,2019-11-15,20:39,0.0
DA138,2019-11-08,08:00,364.7999877929688
DA138,2019-11-08,12:48,149.3930053710938
DA138,2019-11-08,16:33,432.0231018066406
DA138,2019-11-09,7:59,92.4000015258789
DA138,2019-11-09,12:00,312.0492858886719
DA138,2019-11-09,17:00,1076.1962890625
DA138,2019-11-09,19:44,0.0
DA139,2019-11-10,08:00,0.0
DA139,2019-11-10,12:00,374.9031066894531
DA139,2019-11-10,16:40,291.6617126464844
DA139,2019-11-11,7:50,92.4000015258789
DA139,2019-11-11,12:42,367.2663879394531
DA139,2019-11-11,17:00,665.73681640625
DA139,2019-11-12,08:00,170.3999938964844
DA139,2019-11-12,12:00,217.9579010009766
DA139,2019-11-12,17:00,314.3374938964844
DA139,2019-11-13,7:35,294.098388671875
DA139,2019-11-13,12:57,387.5596923828125
DA139,2019-11-13,17:00,242.9196014404297
DA139,2019-11-14,08:00,294.098388671875
DA139,2019-11-14,11:09,307.9653015136719
DA139,2019-11-14,17:00,369.5152893066406
DA139,2019-11-15,08:00,92.4000015258789
DA139,2019-11-15,12:00,461.4926147460938
DA139,2019-11-15,16:08,823.1055908203125
DA139,2019-11-08,08:00,364.7999877929688
DA139,2019-11-08,11:50,195.5930023193359
DA139,2019-11-08,17:00,385.8230895996094
DA139,2019-11-09,7:50,92.4000015258789
DA139,2019-11-09,12:00,312.0492858886719
DA139,2019-11-09,17:00,1076.1962890625
DA140,2019-11-10,7:43,0.0
DA140,2019-11-10,11:50,328.7030944824219
DA140,2019-11-10,17:00,245.4617004394531
DA140,2019-11-10,20:00,0.0
DA140,2019-11-11,7:13,138.6000061035156
DA140,2019-11-11,12:43,182.4664001464844
DA140,2019-11-11,17:00,619.5368041992188
DA140,2019-11-11,19:26,0.0
DA140,2019-11-12,12:00,310.35791015625
DA140,2019-11-12,17:21,360.5375061035156
DA140,2019-11-12,21:11,0.0
DA140,2019-11-13,08:00,88.63999938964844
DA140,2019-11-13,12:00,479.9596862792969
DA140,2019-11-13,17:00,289.1195983886719
DA140,2019-11-14,08:00,294.098388671875
DA140,2019-11-14,12:00,272.643310546875
DA140,2019-11-14,16:31,369.5152893066406
DA140,2019-11-14,20:51,0.0
DA140,2019-11-15,7:35,88.63999938964844
DA140,2019-11-15,12:00,343.715087890625
DA140,2019-11-15,16:17,223.1656951904297
DA140,2019-11-15,22:28,0.0
DA140,2019-11-08,08:00,364.7999877929688
DA140,2019-11-08,11:20,130.7657012939453
DA140,2019-11-08,17:06,478.2231140136719
DA140,2019-11-08,19:28,0.0
DA140,2019-11-09,8:45,182.3999938964844
DA140,2019-11-09,12:00,312.0492858886719
DA140,2019-11-09,16:21,891.3963012695312
DA141,2019-11-15,12:00,131.875
DA141,2019-11-15,16:18,487.6851806640625
DA141,2019-11-15,21:32,0.0
DA141,2019-11-16,08:00,226.8925933837891
DA141,2019-11-16,12:00,325.2031860351562
DA141,2019-11-16,17:42,233.9990997314453
DA141,2019-11-16,21:35,0.0
DA141,2019-11-17,08:00,107.0
DA141,2019-11-17,12:00,211.9334106445312
DA141,2019-11-17,17:00,218.3650054931641
DA141,2019-11-17,21:02,0.0
DA141,2019-11-18,08:00,227.7425994873047
DA141,2019-11-18,11:01,191.7855072021484
DA141,2019-11-18,17:18,189.8471984863281
DA141,2019-11-18,22:12,0.0
DA141,2019-11-19,08:00,223.1175994873047
DA141,2019-11-19,12:00,281.3742065429688
DA141,2019-11-19,17:00,855.0272827148438
DA141,2019-11-19,21:12,0.0
DA141,2019-11-20,8:07,452.6990966796875
DA141,2019-11-20,12:00,313.2965087890625
DA141,2019-11-20,17:00,281.7868957519531
DA141,2019-11-20,22:12,0.0
DA141,2019-11-21,08:00,252.4925994873047
DA141,2019-11-21,12:00,333.3724060058594
DA141,2019-11-21,17:05,679.2858276367188
DA141,2019-11-21,20:00,0.0
DA141,2019-11-22,7:05,255.4925994873047
DA141,2019-11-22,12:00,117.0342025756836
DA141,2019-11-22,17:00,310.4280090332031
DA141,2019-11-23,7:05,273.0925903320312
DA141,2019-11-23,11:37,328.2439880371094
DA141,2019-11-23,17:00,233.9990997314453
DA141,2019-11-24,8:37,107.0
DA141,2019-11-24,12:00,279.1334228515625
DA141,2019-11-24,16:52,395.7109985351562
DA141,2019-11-25,7:05,227.7425994873047
DA141,2019-11-25,12:00,224.3694000244141
DA141,2019-11-25,17:00,284.9700927734375
DA141,2019-11-26,08:00,257.9926147460938
DA141,2019-11-26,12:00,281.3742065429688
DA141,2019-11-26,17:00,855.0272827148438
DA141,2019-11-26,20:05,33.59999847412109
DA141,2019-11-27,7:28,481.9566040039062
DA141,2019-11-27,12:22,313.2965087890625
DA141,2019-11-27,17:48,356.6365051269531
DA141,2019-11-27,22:35,0.0
DA141,2019-11-28,,231.9925994873047
DA141,2019-11-28,,190.7875061035156
DA141,2019-11-28,,629.4515991210938
DA141,2019-11-28,,33.59999847412109
DA141,2019-11-29,,255.4925994873047
DA141,2019-11-29,,131.875
DA141,2019-11-29,,574.856201171875
DA142,2019-11-15,12:05,115.7062530517578
DA142,2019-11-15,17:00,436.1647033691406
DA142,2019-11-15,20:00,0.0
DA142,2019-11-16,08:00,226.8925933837891
DA142,2019-11-16,12:00,307.3301086425781
DA142,2019-11-16,17:00,179.0625
DA142,2019-11-16,21:04,0.0
DA142,2019-11-17,8:15,107.0
DA142,2019-11-17,12:00,154.5479125976562
DA142,2019-11-17,17:00,193.4479064941406
DA142,2019-11-17,21:30,0.0
DA142,2019-11-18,8:30,211.4925994873047
DA142,2019-11-18,12:00,62.29275131225586
DA142,2019-11-18,17:00,161.8587036132812
DA142,2019-11-18,19:22,0.0
DA142,2019-11-19,7:37,211.4925994873047
DA142,2019-11-19,12:45,268.9156494140625
DA142,2019-11-19,17:15,855.0272827148438
DA142,2019-11-19,22:15,0.0
DA142,2019-11-20,7:45,462.4515991210938
DA142,2019-11-20,12:45,285.3080139160156
DA142,2019-11-20,17:00,231.9526977539062
DA142,2019-11-21,7:37,252.4925994873047
DA142,2019-11-21,12:45,297.7261657714844
DA142,2019-11-21,17:00,641.91015625
DA142,2019-11-21,20:00,0.0
DA142,2019-11-22,7:37,244.4925994873047
DA142,2019-11-22,12:45,79.6585464477539
DA142,2019-11-22,17:45,282.4395141601562
DA142,2019-11-23,7:52,257.6925964355469
DA142,2019-11-23,12:00,292.497802734375
DA142,2019-11-23,17:00,220.2649536132812
DA142,2019-11-24,7:00,107.0
DA142,2019-11-24,12:00,279.1334228515625
DA142,2019-11-24,17:00,370.7939147949219
DA142,2019-11-24,19:30,0.0
DA142,2019-11-25,7:45,276.4926147460938
DA142,2019-11-25,12:00,145.7846984863281
DA142,2019-11-25,17:19,256.9815979003906
DA142,2019-11-25,22:37,0.0
DA142,2019-11-26,7:45,223.1175994873047
DA142,2019-11-26,12:37,256.4570922851562
DA142,2019-11-26,17:00,855.0272827148438
DA142,2019-11-26,21:07,33.59999847412109
DA142,2019-11-27,7:52,462.4515991210938
DA142,2019-11-27,12:45,285.3080139160156
DA142,2019-11-27,17:00,331.7193908691406
DA142,2019-11-27,22:15,0.0
DA142,2019-11-28,,231.9925994873047
DA142,2019-11-28,,262.0799560546875
DA142,2019-11-28,,654.3687133789062
DA142,2019-11-28,,33.59999847412109
DA142,2019-11-29,,233.4925994873047
DA142,2019-11-29,,99.5374984741211
DA142,2019-11-29,,540.5092163085938
DA142,2019-11-29,,0.0
DA143,2019-11-15,12:00,131.875
DA143,2019-11-15,17:00,487.6851806640625
DA143,2019-11-16,08:00,132.1638031005859
DA143,2019-11-16,12:00,325.2031860351562
DA143,2019-11-16,16:32,233.9990997314453
DA143,2019-11-17,8:57,107.0
DA143,2019-11-17,12:00,279.1334228515625
DA143,2019-11-17,17:57,218.3650054931641
DA143,2019-11-18,6:31,132.1638031005859
DA143,2019-11-18,12:00,191.7855072021484
DA143,2019-11-18,17:00,189.8471984863281
DA143,2019-11-19,8:16,125.8287963867188
DA143,2019-11-19,12:39,281.3742065429688
DA143,2019-11-19,17:47,855.0272827148438
DA143,2019-11-20,08:00,462.4515991210938
DA143,2019-11-20,12:00,285.3080139160156
DA143,2019-11-20,17:47,281.7868957519531
DA143,2019-11-21,6:16,252.4925994873047
DA143,2019-11-21,12:00,333.3724060058594
DA143,2019-11-21,17:00,679.2858276367188
DA143,2019-11-22,8:01,255.4925994873047
DA143,2019-11-22,12:31,117.0342025756836
DA143,2019-11-22,17:00,310.4280090332031
DA143,2019-11-23,8:39,273.0925903320312
DA143,2019-11-23,12:39,328.2439880371094
DA143,2019-11-23,17:00,233.9990997314453
DA143,2019-11-24,,107.0
DA143,2019-11-24,,279.1334228515625
DA143,2019-11-24,,395.7109985351562
DA143,2019-11-25,,227.7425994873047
DA143,2019-11-25,,67.19999694824219
DA143,2019-11-25,,284.9700927734375
DA143,2019-11-26,,257.9926147460938
DA143,2019-11-26,,281.3742065429688
DA143,2019-11-26,,855.0272827148438
DA143,2019-11-26,,33.59999847412109
DA143,2019-11-27,,481.9566040039062
DA143,2019-11-27,,313.2965087890625
DA143,2019-11-27,,356.6365051269531
DA143,2019-11-28,,231.9925994873047
DA143,2019-11-28,,262.0799560546875
DA143,2019-11-28,,654.3687133789062
DA143,2019-11-28,,33.59999847412109
DA143,2019-11-29,,255.4925994873047
DA143,2019-11-29,,131.875
DA143,2019-11-29,,574.856201171875
DA143,2019-11-29,,0.0
DA144,2019-11-15,08:00,123.3697509765625
DA144,2019-11-15,12:00,83.3687515258789
DA144,2019-11-15,16:48,84.37349700927734
DA144,2019-11-16,08:00,127.7697525024414
DA144,2019-11-16,12:00,113.8276977539062
DA144,2019-11-16,17:00,95.1656265258789
DA144,2019-11-17,8:33,214.0
DA144,2019-11-17,12:56,98.34637451171875
DA144,2019-11-17,17:00,104.9912490844727
DA144,2019-11-18,7:48,128.6197509765625
DA144,2019-11-18,12:00,98.34637451171875
DA144,2019-11-18,17:00,97.86180114746094
DA144,2019-11-19,08:00,123.9947509765625
DA144,2019-11-19,12:00,120.7435531616211
DA144,2019-11-19,16:24,76.94999694824219
DA144,2019-11-20,8:58,259.3145446777344
DA144,2019-11-20,12:00,128.72412109375
DA144,2019-11-20,17:00,120.8467254638672
DA144,2019-11-20,20:39,0.0
DA144,2019-11-21,7:22,201.9485473632812
DA144,2019-11-21,12:48,133.7431030273438
DA144,2019-11-21,17:00,79.6585464477539
DA144,2019-11-22,7:33,123.3697509765625
DA144,2019-11-22,11:33,79.6585464477539
DA144,2019-11-22,17:00,128.0070037841797
DA144,2019-11-22,20:00,78.0
DA144,2019-11-23,6:48,127.7697525024414
DA144,2019-11-23,12:00,132.4609985351562
DA144,2019-11-23,17:00,108.899772644043
DA144,2019-11-24,7:18,214.0
DA144,2019-11-24,12:00,120.183349609375
DA144,2019-11-24,17:00,79.6585464477539
DA144,2019-11-24,19:33,78.0
DA144,2019-11-25,6:44,128.6197509765625
DA144,2019-11-25,12:00,67.19999694824219
DA144,2019-11-25,17:00,81.19425201416016
DA144,2019-11-26,08:00,123.9947509765625
DA144,2019-11-26,12:00,120.7435531616211
DA144,2019-11-26,17:00,264.1568298339844
DA144,2019-11-26,22:11,33.59999847412109
DA144,2019-11-27,08:00,120.4891510009766
DA144,2019-11-27,12:00,128.72412109375
DA144,2019-11-27,17:00,139.5591278076172
DA144,2019-11-28,,122.6197509765625
DA144,2019-11-28,,133.7431030273438
DA144,2019-11-28,,220.2214508056641
DA144,2019-11-28,,33.59999847412109
DA144,2019-11-29,,123.3697509765625
DA144,2019-11-29,,83.3687515258789
DA144,2019-11-29,,194.1140441894531
DA145,2019-11-15,7:35,386.3146057128906
DA145,2019-11-15,12:00,86.85099792480469
DA145,2019-11-15,17:00,442.6611938476562
DA145,2019-11-16,7:28,330.7896118164062
DA145,2019-11-16,12:58,325.2031860351562
DA145,2019-11-16,17:00,188.97509765625
DA145,2019-11-17,7:20,214.0
DA145,2019-11-17,12:15,234.1094055175781
DA145,2019-11-17,17:51,173.3410034179688
DA145,2019-11-18,7:35,407.3146057128906
DA145,2019-11-18,11:43,146.7615051269531
DA145,2019-11-18,17:00,144.8231964111328
DA145,2019-11-19,6:35,489.4465942382812
DA145,2019-11-19,12:20,236.3502044677734
DA145,2019-11-19,17:51,22.17600059509277
DA145,2019-11-20,08:00,179.9857482910156
DA145,2019-11-20,12:00,83.70012664794922
DA145,2019-11-20,16:21,133.3052825927734
DA145,2019-11-21,8:45,155.6607055664062
DA145,2019-11-21,12:00,133.7431030273438
DA145,2019-11-21,17:00,92.11710357666016
DA145,2019-11-22,7:00,167.4107055664062
DA145,2019-11-22,12:00,92.11710357666016
DA145,2019-11-22,17:06,173.1885070800781
DA145,2019-11-23,6:55,160.8106994628906
DA145,2019-11-23,12:28,197.7220001220703
DA145,2019-11-23,16:36,206.5308074951172
DA145,2019-11-24,08:00,321.0
DA145,2019-11-24,11:32,86.5833511352539
DA145,2019-11-24,17:51,46.05855178833008
DA145,2019-11-24,21:41,78.0
DA145,2019-11-25,08:00,161.6607055664062
DA145,2019-11-25,12:00,67.19999694824219
DA145,2019-11-25,16:24,95.1884994506836
DA145,2019-11-26,08:00,190.0766448974609
DA145,2019-11-26,12:00,174.2870941162109
DA145,2019-11-26,16:16,670.6567993164062
DA145,2019-11-26,20:58,33.59999847412109
DA145,2019-11-27,7:35,222.7792053222656
DA145,2019-11-27,11:35,142.6540069580078
DA145,2019-11-27,17:00,176.9347686767578
DA145,2019-11-28,,155.6607055664062
DA145,2019-11-28,,133.7431030273438
DA145,2019-11-28,,220.2214508056641
DA145,2019-11-28,,33.59999847412109
DA145,2019-11-29,,156.4107055664062
DA145,2019-11-29,,83.3687515258789
DA145,2019-11-29,,303.8545837402344
DA146,2019-11-15,11:37,99.5374984741211
DA146,2019-11-15,17:00,453.3381958007812
DA146,2019-11-15,20:37,0.0
DA146,2019-11-16,7:37,226.8925933837891
DA146,2019-11-16,12:30,289.4570007324219
DA146,2019-11-16,17:18,206.5308074951172
DA146,2019-11-16,21:22,0.0
DA146,2019-11-17,8:30,107.0
DA146,2019-11-17,12:00,216.8406524658203
DA146,2019-11-17,16:12,193.4479064941406
DA146,2019-11-18,08:00,227.7425994873047
DA146,2019-11-18,12:00,129.4927520751953
DA146,2019-11-18,16:34,161.8587036132812
DA146,2019-11-18,21:48,0.0
DA146,2019-11-19,08:00,454.5715942382812
DA146,2019-11-19,11:13,256.4570922851562
DA146,2019-11-19,17:00,855.0272827148438
DA146,2019-11-19,19:37,0.0
DA146,2019-11-20,7:22,462.4515991210938
DA146,2019-11-20,12:47,285.3080139160156
DA146,2019-11-20,17:07,244.4112548828125
DA146,2019-11-21,08:00,221.7425994873047
DA146,2019-11-21,12:00,262.0799560546875
DA146,2019-11-21,17:00,666.8272705078125
DA146,2019-11-21,19:48,0.0
DA146,2019-11-22,08:00,233.4925994873047
DA146,2019-11-22,11:07,79.6585464477539
DA146,2019-11-22,17:00,268.4452514648438
DA146,2019-11-23,8:58,257.6925964355469
DA146,2019-11-23,12:00,256.7515869140625
DA146,2019-11-23,17:52,220.2649536132812
DA146,2019-11-24,8:00,107.0
DA146,2019-11-24,12:00,247.9870300292969
DA146,2019-11-24,16:52,370.7939147949219
DA146,2019-11-24,19:37,0.0
DA146,2019-11-25,8:22,276.4926147460938
DA146,2019-11-25,12:00,67.19999694824219
DA146,2019-11-25,17:00,256.9815979003906
DA146,2019-11-26,6:30,257.9926147460938
DA146,2019-11-26,12:22,256.4570922851562
DA146,2019-11-26,17:00,793.5704956054688
DA146,2019-11-26,21:53,33.59999847412109
DA146,2019-11-27,08:00,462.4515991210938
DA146,2019-11-27,12:00,285.3080139160156
DA146,2019-11-27,17:00,331.7193908691406
DA146,2019-11-27,21:12,0.0
DA146,2019-11-28,,221.7425994873047
DA146,2019-11-28,,262.0799560546875
DA146,2019-11-28,,654.3687133789062
DA146,2019-11-28,,33.59999847412109
DA146,2019-11-29,,233.4925994873047
DA146,2019-11-29,,99.5374984741211
DA146,2019-11-29,,540.5092163085938
DA147,2019-11-15,08:00,233.4925994873047
DA147,2019-11-15,12:00,49.76874923706055
DA147,2019-11-15,16:15,366.1373901367188
DA147,2019-11-16,08:00,273.0925903320312
DA147,2019-11-16,12:00,198.3477935791016
DA147,2019-11-16,16:30,200.3990936279297
DA147,2019-11-17,08:00,214.0
DA147,2019-11-17,11:05,170.7130737304688
DA147,2019-11-17,17:34,135.9653472900391
DA147,2019-11-18,8:15,227.7425994873047
DA147,2019-11-18,12:00,158.1855010986328
DA147,2019-11-18,17:00,94.92359924316406
DA147,2019-11-19,08:00,223.1175994873047
DA147,2019-11-19,12:00,222.8571014404297
DA147,2019-11-19,16:30,22.17600059509277
DA147,2019-11-20,6:49,386.6171875
DA147,2019-11-20,12:45,95.1241226196289
DA147,2019-11-20,17:10,87.2467269897461
DA147,2019-11-21,08:00,122.6197509765625
DA147,2019-11-21,12:00,100.1430969238281
DA147,2019-11-21,17:10,46.05855178833008
DA147,2019-11-22,7:39,123.3697509765625
DA147,2019-11-22,12:54,46.05855178833008
DA147,2019-11-22,17:00,125.5942535400391
DA147,2019-11-23,8:15,127.7697525024414
DA147,2019-11-23,12:00,87.43699645996094
DA147,2019-11-23,17:00,47.33414840698242
DA147,2019-11-24,08:00,214.0
DA147,2019-11-24,12:00,75.15935516357422
DA147,2019-11-24,17:00,46.05855178833008
DA147,2019-11-24,20:32,78.0
DA147,2019-11-25,8:15,128.6197509765625
DA147,2019-11-25,12:30,33.59999847412109
DA147,2019-11-25,17:15,47.5942497253418
DA147,2019-11-26,08:00,123.9947509765625
DA147,2019-11-26,12:00,87.14354705810547
DA147,2019-11-26,17:00,637.0568237304688
DA147,2019-11-27,8:24,179.9857482910156
DA147,2019-11-27,12:00,95.1241226196289
DA147,2019-11-27,17:49,94.53512573242188
DA147,2019-11-28,,122.6197509765625
DA147,2019-11-28,,100.1430969238281
DA147,2019-11-28,,175.1974487304688
DA147,2019-11-28,,33.59999847412109
DA147,2019-11-29,,123.3697509765625
DA147,2019-11-29,,38.34474945068359
DA147,2019-11-29,,160.5140533447266
DA147,2019-11-29,,0.0
DA149,2019-11-15,6:42,52.87314987182617
DA149,2019-11-15,12:02,32.96875
DA149,2019-11-15,17:00,33.9734992980957
DA149,2019-11-15,20:20,0.0
DA149,2019-11-16,7:28,52.87314987182617
DA149,2019-11-16,12:13,50.40000152587891
DA149,2019-11-16,17:01,116.9995498657227
DA149,2019-11-16,20:00,0.0
DA149,2019-11-17,08:00,107.0
DA149,2019-11-17,11:17,161.4036865234375
DA149,2019-11-17,17:00,180.5737457275391
DA149,2019-11-18,08:00,207.3694458007812
DA149,2019-11-18,12:00,191.7855072021484
DA149,2019-11-18,17:00,122.6472015380859
DA149,2019-11-19,8:28,257.9926147460938
DA149,2019-11-19,11:43,268.9156494140625
DA149,2019-11-19,17:00,787.8272705078125
DA149,2019-11-20,7:43,409.9056396484375
DA149,2019-11-20,11:43,299.30224609375
DA149,2019-11-20,17:00,117.0342025756836
DA149,2019-11-20,22:57,0.0
DA149,2019-11-21,8:13,211.4925994873047
DA149,2019-11-21,12:00,209.7848968505859
DA149,2019-11-21,17:00,385.7014465332031
DA149,2019-11-21,20:00,0.0
DA149,2019-11-22,8:28,112.3287963867188
DA149,2019-11-22,12:13,117.0342025756836
DA149,2019-11-22,17:00,296.4337463378906
DA149,2019-11-22,20:00,0.0
DA149,2019-11-23,7:35,209.2516479492188
DA149,2019-11-23,11:58,310.3709106445312
DA149,2019-11-23,17:00,220.2649536132812
DA149,2019-11-24,08:00,107.0
DA149,2019-11-24,11:13,226.1500549316406
DA149,2019-11-24,17:00,243.9140472412109
DA149,2019-11-25,7:43,158.6194458007812
DA149,2019-11-25,12:13,185.0770568847656
DA149,2019-11-25,17:00,109.182746887207
DA149,2019-11-26,7:28,125.578498840332
DA149,2019-11-26,12:13,281.3742065429688
DA149,2019-11-26,17:12,793.5704956054688
DA149,2019-11-26,19:27,33.59999847412109
DA149,2019-11-27,7:43,310.7828063964844
DA149,2019-11-27,11:50,109.182746887207
DA149,2019-11-27,17:00,344.1779479980469
DA149,2019-11-27,20:00,0.0
DA149,2019-11-28,,188.7016448974609
DA149,2019-11-28,,297.7261657714844
DA149,2019-11-28,,666.8272705078125
DA149,2019-11-28,,33.59999847412109
DA149,2019-11-29,,211.4516448974609
DA149,2019-11-29,,115.7062530517578
DA149,2019-11-29,,557.6826782226562
DA150,2019-11-15,7:31,145.4107055664062
DA150,2019-11-15,12:00,83.3687515258789
DA150,2019-11-15,17:00,102.2939987182617
DA150,2019-11-15,19:48,0.0
DA150,2019-11-16,08:00,242.2926025390625
DA150,2019-11-16,11:29,253.7108001708984
DA150,2019-11-16,17:48,122.1365966796875
DA150,2019-11-16,22:31,0.0
DA150,2019-11-17,08:00,107.0
DA150,2019-11-17,12:00,191.7855072021484
DA150,2019-11-17,17:00,180.9893493652344
DA150,2019-11-17,19:23,0.0
DA150,2019-11-18,08:00,211.4925994873047
DA150,2019-11-18,12:00,160.6391296386719
DA150,2019-11-18,17:00,147.8644561767578
DA150,2019-11-18,19:13,0.0
DA150,2019-11-19,7:39,211.4925994873047
DA150,2019-11-19,12:09,243.9985504150391
DA150,2019-11-19,17:08,732.1136474609375
DA150,2019-11-19,21:13,0.0
DA150,2019-11-20,08:00,320.5353088378906
DA150,2019-11-20,12:00,204.1137542724609
DA150,2019-11-20,17:00,12.45855045318604
DA150,2019-11-20,21:08,0.0
DA150,2019-11-21,6:39,167.9423065185547
DA150,2019-11-21,12:09,133.7431030273438
DA150,2019-11-21,17:00,24.91710090637207
DA150,2019-11-21,20:28,0.0
DA150,2019-11-22,8:39,200.4516448974609
DA150,2019-11-22,12:09,79.6585464477539
DA150,2019-11-22,17:00,174.8197479248047
DA150,2019-11-22,19:16,0.0
DA150,2019-11-23,7:31,127.7697525024414
DA150,2019-11-23,12:00,292.497802734375
DA150,2019-11-23,17:00,94.66829681396484
DA150,2019-11-23,19:38,0.0
DA150,2019-11-24,08:00,107.0
DA150,2019-11-24,12:00,151.3297271728516
DA150,2019-11-24,17:00,92.11710357666016
DA150,2019-11-24,21:03,0.0
DA150,2019-11-25,6:59,112.3697509765625
DA150,2019-11-25,12:00,67.19999694824219
DA150,2019-11-25,17:00,81.19425201416016
DA150,2019-11-25,22:13,0.0
DA150,2019-11-26,8:39,145.4107055664062
DA150,2019-11-26,12:00,78.46064758300781
DA150,2019-11-26,17:53,732.1136474609375
DA150,2019-11-26,20:00,33.59999847412109
DA150,2019-11-27,7:39,396.3696899414062
DA150,2019-11-27,12:00,223.7838745117188
DA150,2019-11-27,17:00,331.7193908691406
DA150,2019-11-27,22:23,0.0
DA150,2019-11-28,,155.6607055664062
DA150,2019-11-28,,226.4337310791016
DA150,2019-11-28,,641.91015625
DA150,2019-11-28,,33.59999847412109
DA150,2019-11-29,,200.4516448974609
DA150,2019-11-29,,83.3687515258789
DA150,2019-11-29,,557.6826782226562
DA150,2019-11-29,,0.0
DA151,2019-11-15,08:00,386.3146057128906
DA151,2019-11-15,12:00,131.875
DA151,2019-11-15,17:00,487.6851806640625
DA151,2019-11-15,21:27,126.0
DA151,2019-11-16,7:31,330.7896118164062
DA151,2019-11-16,12:00,325.2031860351562
DA151,2019-11-16,17:45,233.9990997314453
DA151,2019-11-16,22:15,0.0
DA151,2019-11-17,8:20,107.0
DA151,2019-11-17,12:00,279.1334228515625
DA151,2019-11-17,17:00,218.3650054931641
DA151,2019-11-18,08:00,407.3146057128906
DA151,2019-11-18,11:46,191.7855072021484
DA151,2019-11-18,17:11,189.8471984863281
DA151,2019-11-18,21:26,0.0
DA151,2019-11-19,7:38,489.4465942382812
DA151,2019-11-19,12:00,281.3742065429688
DA151,2019-11-19,17:00,855.0272827148438
DA151,2019-11-20,08:00,481.9566040039062
DA151,2019-11-20,11:31,313.2965087890625
DA151,2019-11-20,16:35,281.7868957519531
DA151,2019-11-21,08:00,483.9465942382812
DA151,2019-11-21,11:31,333.3724060058594
DA151,2019-11-21,17:00,679.2858276367188
DA151,2019-11-21,21:53,0.0
DA151,2019-11-22,7:46,486.9465942382812
DA151,2019-11-22,12:01,117.0342025756836
DA151,2019-11-22,17:00,310.4280090332031
DA151,2019-11-23,8:16,504.5466003417969
DA151,2019-11-23,12:16,328.2439880371094
DA151,2019-11-23,17:00,233.9990997314453
DA151,2019-11-23,19:26,0.0
DA151,2019-11-24,08:00,107.0
DA151,2019-11-24,12:00,279.1334228515625
DA151,2019-11-24,17:00,395.7109985351562
DA151,2019-11-25,08:00,507.9465942382812
DA151,2019-11-25,12:00,224.3694000244141
DA151,2019-11-25,17:00,284.9700927734375
DA151,2019-11-25,19:11,0.0
DA151,2019-11-26,08:00,489.4465942382812
DA151,2019-11-26,11:06,281.3742065429688
DA151,2019-11-26,17:35,855.0272827148438
DA151,2019-11-26,22:15,33.59999847412109
DA151,2019-11-27,7:31,481.9566040039062
DA151,2019-11-27,12:00,313.2965087890625
DA151,2019-11-27,17:00,356.6365051269531
DA151,2019-11-27,20:56,0.0
DA151,2019-11-28,8:16,483.9465942382812
DA151,2019-11-28,12:00,333.3724060058594
DA151,2019-11-28,17:00,679.2858276367188
DA151,2019-11-28,20:00,33.59999847412109
DA151,2019-11-29,,486.9465942382812
DA151,2019-11-29,,131.875
DA151,2019-11-29,,574.856201171875
DA151,2019-11-29,,0.0
DA152,2019-11-15,20:05,0.0
DA152,2019-11-16,08:00,178.4516448974609
DA152,2019-11-16,12:00,325.2031860351562
DA152,2019-11-16,17:00,166.7991027832031
DA152,2019-11-16,21:12,0.0
DA152,2019-11-17,08:00,107.0
DA152,2019-11-17,11:01,279.1334228515625
DA152,2019-11-17,17:52,218.3650054931641
DA152,2019-11-17,21:47,0.0
DA152,2019-11-18,08:00,79.32879638671875
DA152,2019-11-18,11:27,191.7855072021484
DA152,2019-11-18,17:02,189.8471984863281
DA152,2019-11-18,22:17,0.0
DA152,2019-11-19,8:01,39.66439819335938
DA152,2019-11-19,12:31,281.3742065429688
DA152,2019-11-19,17:00,67.19999694824219
DA152,2019-11-19,20:05,0.0
DA152,2019-11-20,7:46,442.9465942382812
DA152,2019-11-20,12:00,313.2965087890625
DA152,2019-11-20,17:00,281.7868957519531
DA152,2019-11-20,20:41,0.0
DA152,2019-11-21,7:54,120.3287963867188
DA152,2019-11-21,11:46,333.3724060058594
DA152,2019-11-21,17:32,117.0342025756836
DA152,2019-11-21,21:12,87.5
DA152,2019-11-22,08:00,255.4925994873047
DA152,2019-11-22,12:00,117.0342025756836
DA152,2019-11-22,17:00,310.4280090332031
DA152,2019-11-22,22:39,87.5
DA152,2019-11-23,7:35,273.0925903320312
DA152,2019-11-23,12:00,328.2439880371094
DA152,2019-11-23,17:00,233.9990997314453
DA152,2019-11-23,19:58,0.0
DA152,2019-11-24,12:16,279.1334228515625
DA152,2019-11-24,17:00,395.7109985351562
DA152,2019-11-25,08:00,128.6197509765625
DA152,2019-11-25,11:01,67.19999694824219
DA152,2019-11-25,17:00,81.19425201416016
DA152,2019-11-26,08:00,123.9947509765625
DA152,2019-11-26,11:57,120.7435531616211
DA152,2019-11-26,17:47,264.1568298339844
DA152,2019-11-26,22:32,33.59999847412109
DA152,2019-11-27,7:46,120.4891510009766
DA152,2019-11-27,12:00,128.72412109375
DA152,2019-11-27,17:00,139.5591278076172
DA152,2019-11-28,8:16,252.4925994873047
DA152,2019-11-28,12:00,333.3724060058594
DA152,2019-11-28,17:00,612.0858154296875
DA152,2019-11-28,20:00,33.59999847412109
DA152,2019-11-29,,154.7776031494141
DA152,2019-11-29,,99.5374984741211
DA152,2019-11-29,,557.6826782226562
DA153,2019-11-15,08:00,123.3697509765625
DA153,2019-11-15,12:00,66.5687484741211
DA153,2019-11-15,17:59,155.5213012695312
DA153,2019-11-16,08:00,127.7697525024414
DA153,2019-11-16,12:00,114.9008026123047
DA153,2019-11-16,17:00,217.1990966796875
DA153,2019-11-17,7:59,107.0
DA153,2019-11-17,12:34,279.1334228515625
DA153,2019-11-17,17:29,218.3650054931641
DA153,2019-11-18,8:43,276.4926147460938
DA153,2019-11-18,12:00,191.7855072021484
DA153,2019-11-18,17:00,189.8471984863281
DA153,2019-11-19,6:53,257.9926147460938
DA153,2019-11-19,12:48,281.3742065429688
DA153,2019-11-19,17:00,855.0272827148438
DA153,2019-11-20,8:58,481.9566040039062
DA153,2019-11-20,12:00,313.2965087890625
DA153,2019-11-20,17:00,281.7868957519531
DA153,2019-11-21,08:00,483.9465942382812
DA153,2019-11-21,12:00,333.3724060058594
DA153,2019-11-21,16:03,679.2858276367188
DA153,2019-11-22,6:41,255.4925994873047
DA153,2019-11-22,12:04,117.0342025756836
DA153,2019-11-22,17:00,310.4280090332031
DA153,2019-11-23,7:48,273.0925903320312
DA153,2019-11-23,12:00,328.2439880371094
DA153,2019-11-23,17:00,233.9990997314453
DA153,2019-11-24,08:00,107.0
DA153,2019-11-24,12:00,279.1334228515625
DA153,2019-11-24,17:00,395.7109985351562
DA153,2019-11-25,08:00,128.6197509765625
DA153,2019-11-25,12:00,67.19999694824219
DA153,2019-11-25,17:00,81.19425201416016
DA153,2019-11-26,6:22,123.9947509765625
DA153,2019-11-26,12:00,120.7435531616211
DA153,2019-11-26,17:00,264.1568298339844
DA153,2019-11-27,8:11,120.4891510009766
DA153,2019-11-27,12:00,128.72412109375
DA153,2019-11-27,17:00,139.5591278076172
DA153,2019-11-28,,63.12314987182617
DA153,2019-11-28,,83.34310150146484
DA153,2019-11-28,,169.8214569091797
DA153,2019-11-29,,255.4925994873047
DA153,2019-11-29,,131.875
DA153,2019-11-29,,574.856201171875
DA154,2019-11-15,7:05,222.4925994873047
DA154,2019-11-15,11:40,83.3687515258789
DA154,2019-11-15,17:58,453.3381958007812
DA154,2019-11-15,22:21,0.0
DA154,2019-11-16,08:00,226.8925933837891
DA154,2019-11-16,11:02,271.5838928222656
DA154,2019-11-16,17:56,192.7966461181641
DA154,2019-11-16,22:13,0.0
DA154,2019-11-17,7:05,107.0
DA154,2019-11-17,11:28,185.6942901611328
DA154,2019-11-17,17:00,193.4479064941406
DA154,2019-11-17,22:06,0.0
DA154,2019-11-18,7:28,211.4925994873047
DA154,2019-11-18,12:00,191.7855072021484
DA154,2019-11-18,16:36,133.8701934814453
DA154,2019-11-18,20:56,0.0
DA154,2019-11-19,7:28,223.1175994873047
DA154,2019-11-19,12:43,256.4570922851562
DA154,2019-11-19,16:58,67.19999694824219
DA154,2019-11-19,21:36,0.0
DA154,2019-11-20,7:35,330.2878112792969
DA154,2019-11-20,12:05,271.3137512207031
DA154,2019-11-20,17:51,203.2230682373047
DA154,2019-11-20,21:58,0.0
DA154,2019-11-21,8:15,221.7425994873047
DA154,2019-11-21,12:43,138.4924468994141
DA154,2019-11-21,17:00,92.11710357666016
DA154,2019-11-21,20:21,0.0
DA154,2019-11-22,8:15,222.4925994873047
DA154,2019-11-22,12:25,92.11710357666016
DA154,2019-11-22,17:00,268.4452514648438
DA154,2019-11-22,21:51,0.0
DA154,2019-11-23,7:28,242.2926025390625
DA154,2019-11-23,11:35,274.6246948242188
DA154,2019-11-23,17:00,192.7966461181641
DA154,2019-11-23,20:51,182.6999969482422
DA154,2019-11-24,7:35,107.0
DA154,2019-11-24,12:05,200.0406646728516
DA154,2019-11-24,17:09,62.85855102539062
DA154,2019-11-24,22:51,0.0
DA154,2019-11-25,08:00,227.7425994873047
DA154,2019-11-25,12:00,67.19999694824219
DA154,2019-11-25,17:00,30.79425048828125
DA154,2019-11-25,22:11,0.0
DA154,2019-11-26,6:28,223.1175994873047
DA154,2019-11-26,12:50,256.4570922851562
DA154,2019-11-26,16:51,732.1136474609375
DA154,2019-11-26,21:01,33.59999847412109
DA154,2019-11-27,6:58,386.6171875
DA154,2019-11-27,12:15,271.3137512207031
DA154,2019-11-27,17:51,306.8023071289062
DA154,2019-11-27,21:41,0.0
DA154,2019-11-28,,231.9925994873047
DA154,2019-11-28,,262.0799560546875
DA154,2019-11-28,,654.3687133789062
DA154,2019-11-28,,33.59999847412109
DA154,2019-11-29,,222.4925994873047
DA154,2019-11-29,,83.3687515258789
DA154,2019-11-29,,540.5092163085938
DA154,2019-11-29,,0.0
DA156,2019-11-15,7:32,123.3287963867188
DA156,2019-11-15,12:00,83.3687515258789
DA156,2019-11-15,17:00,365.390380859375
DA156,2019-11-16,8:54,242.2926025390625
DA156,2019-11-16,12:00,178.3285064697266
DA156,2019-11-16,17:00,233.9990997314453
DA156,2019-11-17,08:00,214.0
DA156,2019-11-17,12:00,204.3130798339844
DA156,2019-11-17,17:00,193.0323028564453
DA156,2019-11-18,08:00,260.2426147460938
DA156,2019-11-18,12:00,191.7855072021484
DA156,2019-11-18,17:00,189.8471984863281
DA156,2019-11-19,6:40,257.9926147460938
DA156,2019-11-19,12:20,268.9156494140625
DA156,2019-11-19,17:47,855.0272827148438
DA156,2019-11-20,7:55,250.5025939941406
DA156,2019-11-20,12:00,299.30224609375
DA156,2019-11-20,17:00,256.8698120117188
DA156,2019-11-21,08:00,394.3677978515625
DA156,2019-11-21,11:09,333.3724060058594
DA156,2019-11-21,17:40,666.8272705078125
DA156,2019-11-22,8:54,167.4107055664062
DA156,2019-11-22,12:24,117.0342025756836
DA156,2019-11-22,16:17,285.6300048828125
DA156,2019-11-23,08:00,226.8925933837891
DA156,2019-11-23,12:00,138.6923980712891
DA156,2019-11-23,17:00,235.0395050048828
DA156,2019-11-24,08:00,214.0
DA156,2019-11-24,12:00,279.1334228515625
DA156,2019-11-24,17:00,106.1999969482422
DA156,2019-11-25,08:00,210.4107055664062
DA156,2019-11-25,12:00,224.3694000244141
DA156,2019-11-25,17:45,270.975830078125
DA156,2019-11-26,08:00,191.9107055664062
DA156,2019-11-26,11:43,243.9985504150391
DA156,2019-11-26,17:19,719.5272827148438
DA156,2019-11-27,8:09,184.4207000732422
DA156,2019-11-27,12:00,299.30224609375
DA156,2019-11-27,17:25,344.1779479980469
DA156,2019-11-28,,338.535888671875
DA156,2019-11-28,,333.3724060058594
DA156,2019-11-28,,666.8272705078125
DA156,2019-11-29,,255.4925994873047
DA156,2019-11-29,,115.7062530517578
DA156,2019-11-29,,557.6826782226562
DA157,2019-11-15,8:47,255.4925994873047
DA157,2019-11-15,12:00,131.875
DA157,2019-11-15,17:22,487.6851806640625
DA157,2019-11-16,7:05,273.0925903320312
DA157,2019-11-16,11:32,325.2031860351562
DA157,2019-11-16,17:00,233.9990997314453
DA157,2019-11-17,6:50,107.0
DA157,2019-11-17,12:43,279.1334228515625
DA157,2019-11-17,17:00,218.3650054931641
DA157,2019-11-18,7:58,276.4926147460938
DA157,2019-11-18,11:28,191.7855072021484
DA157,2019-11-18,16:03,189.8471984863281
DA157,2019-11-19,8:47,257.9926147460938
DA157,2019-11-19,12:00,281.3742065429688
DA157,2019-11-19,17:12,855.0272827148438
DA157,2019-11-20,7:13,481.9566040039062
DA157,2019-11-20,12:13,313.2965087890625
DA157,2019-11-20,17:57,281.7868957519531
DA157,2019-11-21,7:05,483.9465942382812
DA157,2019-11-21,12:00,333.3724060058594
DA157,2019-11-21,17:42,679.2858276367188
DA157,2019-11-22,7:13,486.9465942382812
DA157,2019-11-22,12:32,117.0342025756836
DA157,2019-11-22,17:22,310.4280090332031
DA157,2019-11-23,7:20,273.0925903320312
DA157,2019-11-23,12:02,328.2439880371094
DA157,2019-11-23,17:42,233.9990997314453
DA157,2019-11-24,08:00,107.0
DA157,2019-11-24,11:43,279.1334228515625
DA157,2019-11-24,17:00,395.7109985351562
DA157,2019-11-25,7:20,507.9465942382812
DA157,2019-11-25,11:58,224.3694000244141
DA157,2019-11-25,16:27,284.9700927734375
DA157,2019-11-26,7:28,489.4465942382812
DA157,2019-11-26,12:00,281.3742065429688
DA157,2019-11-26,17:00,855.0272827148438
DA157,2019-11-27,7:20,250.5025939941406
DA157,2019-11-27,12:43,313.2965087890625
DA157,2019-11-27,17:57,356.6365051269531
DA157,2019-11-28,,252.4925994873047
DA157,2019-11-28,,333.3724060058594
DA157,2019-11-28,,679.2858276367188
DA157,2019-11-29,,255.4925994873047
DA157,2019-11-29,,131.875
DA157,2019-11-29,,574.856201171875
DA158,2019-11-15,6:49,255.4925994873047
DA158,2019-11-15,11:20,115.7062530517578
DA158,2019-11-15,16:00,487.6851806640625
DA158,2019-11-16,6:30,273.0925903320312
DA158,2019-11-16,12:00,325.2031860351562
DA158,2019-11-16,17:10,233.9990997314453
DA158,2019-11-17,08:00,214.0
DA158,2019-11-17,11:00,226.1500549316406
DA158,2019-11-17,17:00,218.3650054931641
DA158,2019-11-18,8:45,210.4107055664062
DA158,2019-11-18,12:00,160.6391296386719
DA158,2019-11-18,17:30,189.8471984863281
DA158,2019-11-19,7:30,257.9926147460938
DA158,2019-11-19,12:00,281.3742065429688
DA158,2019-11-19,17:00,855.0272827148438
DA158,2019-11-20,8:22,250.5025939941406
DA158,2019-11-20,11:52,313.2965087890625
DA158,2019-11-20,17:15,269.3283386230469
DA158,2019-11-21,7:22,219.4516448974609
DA158,2019-11-21,12:00,235.9324188232422
DA158,2019-11-21,17:00,679.2858276367188
DA158,2019-11-22,6:30,244.4925994873047
DA158,2019-11-22,12:07,104.5756530761719
DA158,2019-11-22,17:00,285.6300048828125
DA158,2019-11-22,20:00,87.5
DA158,2019-11-23,08:00,160.8106994628906
DA158,2019-11-23,12:00,138.6923980712891
DA158,2019-11-23,17:15,235.0395050048828
DA158,2019-11-23,20:45,87.5
DA158,2019-11-24,08:00,214.0
DA158,2019-11-24,12:00,226.1500549316406
DA158,2019-11-24,16:25,145.1999969482422
DA158,2019-11-24,20:34,87.5
DA158,2019-11-25,7:22,276.4926147460938
DA158,2019-11-25,12:22,224.3694000244141
DA158,2019-11-25,17:00,190.0792999267578
DA158,2019-11-25,19:37,0.0
DA158,2019-11-26,7:30,224.9516448974609
DA158,2019-11-26,12:50,256.4570922851562
DA158,2019-11-26,16:25,855.0272827148438
DA158,2019-11-27,6:45,250.5025939941406
DA158,2019-11-27,11:39,313.2965087890625
DA158,2019-11-27,16:41,356.6365051269531
DA158,2019-11-28,,450.9056396484375
DA158,2019-11-28,,333.3724060058594
DA158,2019-11-28,,654.3687133789062
DA158,2019-11-29,,255.4925994873047
DA158,2019-11-29,,131.875
DA158,2019-11-29,,557.6826782226562
DA159,2019-11-15,7:31,255.4925994873047
DA159,2019-11-15,12:11,131.875
DA159,2019-11-15,17:00,487.6851806640625
DA159,2019-11-15,20:05,0.0
DA159,2019-11-16,7:16,273.0925903320312
DA159,2019-11-16,12:00,325.2031860351562
DA159,2019-11-16,17:00,233.9990997314453
DA159,2019-11-16,20:15,0.0
DA159,2019-11-17,08:00,107.0
DA159,2019-11-17,12:00,279.1334228515625
DA159,2019-11-17,17:00,218.3650054931641
DA159,2019-11-17,20:41,132.2400054931641
DA159,2019-11-18,08:00,276.4926147460938
DA159,2019-11-18,12:00,191.7855072021484
DA159,2019-11-18,16:41,189.8471984863281
DA159,2019-11-18,21:08,0.0
DA159,2019-11-19,7:41,257.9926147460938
DA159,2019-11-19,12:08,281.3742065429688
DA159,2019-11-19,17:30,855.0272827148438
DA159,2019-11-19,21:23,0.0
DA159,2019-11-20,7:42,240.7501068115234
DA159,2019-11-20,12:00,313.2965087890625
DA159,2019-11-20,17:00,281.7868957519531
DA159,2019-11-20,20:45,0.0
DA159,2019-11-21,7:00,463.4465942382812
DA159,2019-11-21,11:46,333.3724060058594
DA159,2019-11-21,17:00,679.2858276367188
DA159,2019-11-21,19:50,0.0
DA159,2019-11-22,8:31,255.4925994873047
DA159,2019-11-22,12:00,117.0342025756836
DA159,2019-11-22,17:00,310.4280090332031
DA159,2019-11-22,21:30,132.2400054931641
DA159,2019-11-23,08:00,273.0925903320312
DA159,2019-11-23,12:00,328.2439880371094
DA159,2019-11-23,17:00,233.9990997314453
DA159,2019-11-23,20:41,132.2400054931641
DA159,2019-11-24,7:46,107.0
DA159,2019-11-24,12:00,279.1334228515625
DA159,2019-11-24,17:00,395.7109985351562
DA159,2019-11-24,21:15,132.2400054931641
DA159,2019-11-25,08:00,276.4926147460938
DA159,2019-11-25,12:00,224.3694000244141
DA159,2019-11-25,17:30,284.9700927734375
DA159,2019-11-25,20:35,0.0
DA159,2019-11-26,8:56,257.9926147460938
DA159,2019-11-26,12:00,281.3742065429688
DA159,2019-11-26,17:00,855.0272827148438
DA159,2019-11-26,21:41,0.0
DA159,2019-11-27,8:46,250.5025939941406
DA159,2019-11-27,12:00,313.2965087890625
DA159,2019-11-27,17:00,356.6365051269531
DA159,2019-11-27,20:00,0.0
DA159,2019-11-28,,483.9465942382812
DA159,2019-11-28,,333.3724060058594
DA159,2019-11-28,,679.2858276367188
DA159,2019-11-28,,0.0
DA159,2019-11-29,,255.4925994873047
DA159,2019-11-29,,131.875
DA159,2019-11-29,,574.856201171875
DA159,2019-11-29,,0.0
DA160,2019-11-15,08:00,255.4925994873047
DA160,2019-11-15,11:36,131.875
DA160,2019-11-15,17:18,487.6851806640625
DA160,2019-11-15,20:33,0.0
DA160,2019-11-16,08:00,273.0925903320312
DA160,2019-11-16,12:00,325.2031860351562
DA160,2019-11-16,16:18,233.9990997314453
DA160,2019-11-16,22:48,0.0
DA160,2019-11-17,08:00,107.0
DA160,2019-11-17,11:03,279.1334228515625
DA160,2019-11-17,16:13,218.3650054931641
DA160,2019-11-17,21:14,91.3499984741211
DA160,2019-11-18,8:53,276.4926147460938
DA160,2019-11-18,12:00,191.7855072021484
DA160,2019-11-18,17:33,189.8471984863281
DA160,2019-11-18,22:10,0.0
DA160,2019-11-19,08:00,257.9926147460938
DA160,2019-11-19,11:03,281.3742065429688
DA160,2019-11-19,17:18,855.0272827148438
DA160,2019-11-19,20:38,0.0
DA160,2019-11-20,7:33,250.5025939941406
DA160,2019-11-20,12:00,313.2965087890625
DA160,2019-11-20,17:00,281.7868957519531
DA160,2019-11-20,20:00,0.0
DA160,2019-11-21,08:00,483.9465942382812
DA160,2019-11-21,12:00,333.3724060058594
DA160,2019-11-21,17:03,679.2858276367188
DA160,2019-11-21,21:55,0.0
DA160,2019-11-22,7:33,255.4925994873047
DA160,2019-11-22,11:48,117.0342025756836
DA160,2019-11-22,16:40,310.4280090332031
DA160,2019-11-22,22:10,0.0
DA160,2019-11-23,8:53,273.0925903320312
DA160,2019-11-23,12:00,328.2439880371094
DA160,2019-11-23,17:00,233.9990997314453
DA160,2019-11-23,21:48,91.3499984741211
DA160,2019-11-24,7:47,107.0
DA160,2019-11-24,12:33,279.1334228515625
DA160,2019-11-24,17:00,395.7109985351562
DA160,2019-11-24,19:03,0.0
DA160,2019-11-25,7:40,211.4925994873047
DA160,2019-11-25,12:03,224.3694000244141
DA160,2019-11-25,17:00,284.9700927734375
DA160,2019-11-25,22:33,0.0
DA160,2019-11-26,08:00,257.9926147460938
DA160,2019-11-26,11:33,281.3742065429688
DA160,2019-11-26,17:00,855.0272827148438
DA160,2019-11-26,19:03,0.0
DA160,2019-11-27,08:00,250.5025939941406
DA160,2019-11-27,12:00,313.2965087890625
DA160,2019-11-27,17:33,356.6365051269531
DA160,2019-11-27,20:58,0.0
DA160,2019-11-28,,483.9465942382812
DA160,2019-11-28,,333.3724060058594
DA160,2019-11-28,,117.0342025756836
DA160,2019-11-28,,0.0
DA160,2019-11-29,,255.4925994873047
DA160,2019-11-29,,131.875
DA160,2019-11-29,,574.856201171875
DA160,2019-11-29,,0.0
DA161,2019-11-15,08:00,255.4925994873047
DA161,2019-11-15,12:00,99.5374984741211
DA161,2019-11-15,16:54,470.5116882324219
DA161,2019-11-16,8:48,240.0516510009766
DA161,2019-11-16,12:00,271.5838928222656
DA161,2019-11-16,17:33,206.0334777832031
DA161,2019-11-17,7:41,214.0
DA161,2019-11-17,12:00,216.8406524658203
DA161,2019-11-17,17:33,180.5737457275391
DA161,2019-11-18,7:18,210.4107055664062
DA161,2019-11-18,11:54,160.6391296386719
DA161,2019-11-18,17:33,189.8471984863281
DA161,2019-11-19,7:33,191.9107055664062
DA161,2019-11-19,12:56,215.3721008300781
DA161,2019-11-19,17:18,855.0272827148438
DA161,2019-11-20,8:58,250.5025939941406
DA161,2019-11-20,12:00,313.2965087890625
DA161,2019-11-20,17:03,281.7868957519531
DA161,2019-11-21,7:03,186.4107055664062
DA161,2019-11-21,11:33,235.9324188232422
DA161,2019-11-21,17:18,666.8272705078125
DA161,2019-11-22,8:03,189.4107055664062
DA161,2019-11-22,11:48,92.11710357666016
DA161,2019-11-22,17:18,285.6300048828125
DA161,2019-11-22,21:03,0.0
DA161,2019-11-23,7:26,112.3697509765625
DA161,2019-11-23,12:00,138.6923980712891
DA161,2019-11-23,17:00,235.0395050048828
DA161,2019-11-23,21:41,0.0
DA161,2019-11-24,7:48,214.0
DA161,2019-11-24,11:48,279.1334228515625
DA161,2019-11-24,17:18,111.5999984741211
DA161,2019-11-24,19:54,0.0
DA161,2019-11-25,7:48,79.32879638671875
DA161,2019-11-25,12:26,224.3694000244141
DA161,2019-11-25,17:00,230.5275726318359
DA161,2019-11-25,20:03,0.0
DA161,2019-11-26,8:03,191.9107055664062
DA161,2019-11-26,12:29,256.4570922851562
DA161,2019-11-26,17:33,855.0272827148438
DA161,2019-11-27,8:03,184.4207000732422
DA161,2019-11-27,12:00,299.30224609375
DA161,2019-11-27,16:41,331.7193908691406
DA161,2019-11-28,,417.8646850585938
DA161,2019-11-28,,333.3724060058594
DA161,2019-11-28,,679.2858276367188
DA161,2019-11-29,,255.4925994873047
DA161,2019-11-29,,131.875
DA161,2019-11-29,,540.5092163085938
DA162,2019-11-15,08:00,255.4925994873047
DA162,2019-11-15,12:00,99.5374984741211
DA162,2019-11-15,17:00,470.5116882324219
DA162,2019-11-16,08:00,240.0516510009766
DA162,2019-11-16,12:00,271.5838928222656
DA162,2019-11-16,17:00,206.0334777832031
DA162,2019-11-17,7:34,214.0
DA162,2019-11-17,12:27,216.8406524658203
DA162,2019-11-17,17:00,180.5737457275391
DA162,2019-11-18,6:34,210.4107055664062
DA162,2019-11-18,12:00,160.6391296386719
DA162,2019-11-18,16:04,189.8471984863281
DA162,2019-11-19,08:00,191.9107055664062
DA162,2019-11-19,12:00,215.3721008300781
DA162,2019-11-19,16:45,855.0272827148438
DA162,2019-11-20,08:00,250.5025939941406
DA162,2019-11-20,12:00,313.2965087890625
DA162,2019-11-20,17:34,281.7868957519531
DA162,2019-11-21,08:00,186.4107055664062
DA162,2019-11-21,12:00,235.9324188232422
DA162,2019-11-21,17:19,666.8272705078125
DA162,2019-11-22,6:42,189.4107055664062
DA162,2019-11-22,11:50,92.11710357666016
DA162,2019-11-22,17:00,285.6300048828125
DA162,2019-11-22,22:04,0.0
DA162,2019-11-23,7:04,112.3697509765625
DA162,2019-11-23,11:54,138.6923980712891
DA162,2019-11-23,17:19,235.0395050048828
DA162,2019-11-23,20:49,0.0
DA162,2019-11-24,8:05,214.0
DA162,2019-11-24,11:35,279.1334228515625
DA162,2019-11-24,17:57,111.5999984741211
DA162,2019-11-24,20:00,0.0
DA162,2019-11-25,,79.32879638671875
DA162,2019-11-25,,224.3694000244141
DA162,2019-11-25,,230.5275726318359
DA162,2019-11-25,,0.0
DA162,2019-11-26,7:20,191.9107055664062
DA162,2019-11-26,12:00,256.4570922851562
DA162,2019-11-26,17:30,855.0272827148438
DA162,2019-11-27,8:27,184.4207000732422
DA162,2019-11-27,11:50,299.30224609375
DA162,2019-11-27,17:00,331.7193908691406
DA162,2019-11-28,,338.535888671875
DA162,2019-11-28,,333.3724060058594
DA162,2019-11-28,,679.2858276367188
DA162,2019-11-29,,255.4925994873047
DA162,2019-11-29,,131.875
DA162,2019-11-29,,540.5092163085938
DA164,2019-11-15,8:18,255.4925994873047
DA164,2019-11-15,12:00,115.7062530517578
DA164,2019-11-15,16:53,470.5116882324219
DA164,2019-11-16,08:00,207.0106964111328
DA164,2019-11-16,12:00,325.2031860351562
DA164,2019-11-16,17:00,233.9990997314453
DA164,2019-11-17,8:34,214.0
DA164,2019-11-17,12:00,247.9870300292969
DA164,2019-11-17,17:53,218.3650054931641
DA164,2019-11-18,8:50,276.4926147460938
DA164,2019-11-18,12:00,160.6391296386719
DA164,2019-11-18,17:00,189.8471984863281
DA164,2019-11-19,7:09,191.9107055664062
DA164,2019-11-19,12:00,215.3721008300781
DA164,2019-11-19,17:00,855.0272827148438
DA164,2019-11-20,08:00,250.5025939941406
DA164,2019-11-20,12:00,313.2965087890625
DA164,2019-11-20,17:00,281.7868957519531
DA164,2019-11-21,7:54,252.4925994873047
DA164,2019-11-21,12:00,333.3724060058594
DA164,2019-11-21,17:00,679.2858276367188
DA164,2019-11-22,8:54,255.4925994873047
DA164,2019-11-22,12:00,92.11710357666016
DA164,2019-11-22,17:00,285.6300048828125
DA164,2019-11-23,8:39,191.6107025146484
DA164,2019-11-23,12:00,138.6923980712891
DA164,2019-11-23,17:00,235.0395050048828
DA164,2019-11-24,08:00,214.0
DA164,2019-11-24,12:00,279.1334228515625
DA164,2019-11-24,17:00,145.1999969482422
DA164,2019-11-25,8:39,260.2426147460938
DA164,2019-11-25,12:09,185.0770568847656
DA164,2019-11-25,17:00,176.0850524902344
DA164,2019-11-26,8:09,257.9926147460938
DA164,2019-11-26,12:00,256.4570922851562
DA164,2019-11-26,17:00,855.0272827148438
DA164,2019-11-27,08:00,250.5025939941406
DA164,2019-11-27,12:00,313.2965087890625
DA164,2019-11-27,17:53,356.6365051269531
DA164,2019-11-28,,404.6177978515625
DA164,2019-11-28,,262.0799560546875
DA164,2019-11-28,,679.2858276367188
DA164,2019-11-29,,255.4925994873047
DA164,2019-11-29,,131.875
DA164,2019-11-29,,557.6826782226562
DA165,2019-11-15,8:39,255.4925994873047
DA165,2019-11-15,12:00,115.7062530517578
DA165,2019-11-15,17:06,487.6851806640625
DA165,2019-11-16,7:05,273.0925903320312
DA165,2019-11-16,11:13,307.3301086425781
DA165,2019-11-16,16:06,217.1990966796875
DA165,2019-11-17,08:00,214.0
DA165,2019-11-17,12:00,279.1334228515625
DA165,2019-11-17,17:00,205.9064483642578
DA165,2019-11-18,08:00,276.4926147460938
DA165,2019-11-18,12:00,191.7855072021484
DA165,2019-11-18,16:56,159.1853942871094
DA165,2019-11-19,6:25,257.9926147460938
DA165,2019-11-19,12:20,281.3742065429688
DA165,2019-11-19,17:01,855.0272827148438
DA165,2019-11-20,6:58,250.5025939941406
DA165,2019-11-20,11:58,313.2965087890625
DA165,2019-11-20,17:00,281.7868957519531
DA165,2019-11-21,8:05,252.4925994873047
DA165,2019-11-21,12:00,333.3724060058594
DA165,2019-11-21,17:43,679.2858276367188
DA165,2019-11-22,08:00,255.4925994873047
DA165,2019-11-22,12:00,104.5756530761719
DA165,2019-11-22,17:21,285.6300048828125
DA165,2019-11-23,08:00,143.1697540283203
DA165,2019-11-23,12:00,138.6923980712891
DA165,2019-11-23,16:21,235.0395050048828
DA165,2019-11-24,08:00,214.0
DA165,2019-11-24,12:00,279.1334228515625
DA165,2019-11-24,17:00,301.1246948242188
DA165,2019-11-25,7:05,243.9925994873047
DA165,2019-11-25,12:13,185.0770568847656
DA165,2019-11-25,17:00,230.5275726318359
DA165,2019-11-26,8:43,257.9926147460938
DA165,2019-11-26,12:50,268.9156494140625
DA165,2019-11-26,17:00,732.1136474609375
DA165,2019-11-27,7:20,250.5025939941406
DA165,2019-11-27,12:05,313.2965087890625
DA165,2019-11-27,17:00,356.6365051269531
DA165,2019-11-28,,404.6177978515625
DA165,2019-11-28,,297.7261657714844
DA165,2019-11-28,,641.91015625
DA165,2019-11-29,,222.4516448974609
DA165,2019-11-29,,115.7062530517578
DA165,2019-11-29,,574.856201171875
DA166,2019-11-15,08:00,255.4925994873047
DA166,2019-11-15,12:00,131.875
DA166,2019-11-15,16:56,487.6851806640625
DA166,2019-11-15,22:11,0.0
DA166,2019-11-16,08:00,273.0925903320312
DA166,2019-11-16,12:00,325.2031860351562
DA166,2019-11-16,17:00,233.9990997314453
DA166,2019-11-16,19:48,0.0
DA166,2019-11-17,7:48,107.0
DA166,2019-11-17,12:18,279.1334228515625
DA166,2019-11-17,17:00,218.3650054931641
DA166,2019-11-17,19:33,0.0
DA166,2019-11-18,08:00,276.4926147460938
DA166,2019-11-18,12:00,191.7855072021484
DA166,2019-11-18,17:00,189.8471984863281
DA166,2019-11-18,20:00,0.0
DA166,2019-11-19,08:00,257.9926147460938
DA166,2019-11-19,12:00,281.3742065429688
DA166,2019-11-19,17:00,855.0272827148438
DA166,2019-11-19,21:41,0.0
DA166,2019-11-20,7:36,250.5025939941406
DA166,2019-11-20,12:45,313.2965087890625
DA166,2019-11-20,17:26,281.7868957519531
DA166,2019-11-20,21:03,0.0
DA166,2019-11-21,8:20,483.9465942382812
DA166,2019-11-21,12:00,333.3724060058594
DA166,2019-11-21,17:00,679.2858276367188
DA166,2019-11-21,21:11,0.0
DA166,2019-11-22,08:00,486.9465942382812
DA166,2019-11-22,12:00,117.0342025756836
DA166,2019-11-22,17:00,310.4280090332031
DA166,2019-11-22,19:33,0.0
DA166,2019-11-23,08:00,273.0925903320312
DA166,2019-11-23,12:00,328.2439880371094
DA166,2019-11-23,16:15,233.9990997314453
DA166,2019-11-23,20:56,132.2400054931641
DA166,2019-11-24,6:51,107.0
DA166,2019-11-24,11:30,279.1334228515625
DA166,2019-11-24,17:00,395.7109985351562
DA166,2019-11-24,20:30,0.0
DA166,2019-11-25,8:18,276.4926147460938
DA166,2019-11-25,12:33,224.3694000244141
DA166,2019-11-25,17:30,284.9700927734375
DA166,2019-11-25,22:00,0.0
DA166,2019-11-26,8:41,257.9926147460938
DA166,2019-11-26,12:00,281.3742065429688
DA166,2019-11-26,17:00,855.0272827148438
DA166,2019-11-26,21:33,0.0
DA166,2019-11-27,8:33,250.5025939941406
DA166,2019-11-27,12:00,313.2965087890625
DA166,2019-11-27,17:00,356.6365051269531
DA166,2019-11-28,,442.9465942382812
DA166,2019-11-28,,333.3724060058594
DA166,2019-11-28,,679.2858276367188
DA166,2019-11-29,,255.4925994873047
DA166,2019-11-29,,131.875
DA166,2019-11-29,,574.856201171875
DA167,2019-11-15,08:00,255.4925994873047
DA167,2019-11-15,12:00,99.5374984741211
DA167,2019-11-15,17:00,487.6851806640625
DA167,2019-11-15,19:00,0.0
DA167,2019-11-16,08:00,273.0925903320312
DA167,2019-11-16,11:26,325.2031860351562
DA167,2019-11-16,17:00,233.9990997314453
DA167,2019-11-16,19:26,0.0
DA167,2019-11-17,08:00,107.0
DA167,2019-11-17,12:00,279.1334228515625
DA167,2019-11-17,17:00,218.3650054931641
DA167,2019-11-17,20:51,0.0
DA167,2019-11-18,7:12,211.4925994873047
DA167,2019-11-18,12:11,191.7855072021484
DA167,2019-11-18,17:56,189.8471984863281
DA167,2019-11-18,20:00,0.0
DA167,2019-11-19,7:04,257.9926147460938
DA167,2019-11-19,11:41,281.3742065429688
DA167,2019-11-19,16:19,855.0272827148438
DA167,2019-11-19,20:26,0.0
DA167,2019-11-20,6:42,250.5025939941406
DA167,2019-11-20,11:21,313.2965087890625
DA167,2019-11-20,17:49,281.7868957519531
DA167,2019-11-20,21:01,0.0
DA167,2019-11-21,8:34,442.9465942382812
DA167,2019-11-21,12:26,333.3724060058594
DA167,2019-11-21,17:00,679.2858276367188
DA167,2019-11-21,19:38,0.0
DA167,2019-11-22,6:57,176.1638031005859
DA167,2019-11-22,11:11,117.0342025756836
DA167,2019-11-22,17:00,310.4280090332031
DA167,2019-11-22,20:00,0.0
DA167,2019-11-23,8:34,273.0925903320312
DA167,2019-11-23,12:34,328.2439880371094
DA167,2019-11-23,16:41,233.9990997314453
DA167,2019-11-23,21:49,0.0
DA167,2019-11-24,7:12,107.0
DA167,2019-11-24,11:41,279.1334228515625
DA167,2019-11-24,17:49,395.7109985351562
DA167,2019-11-24,21:41,0.0
DA167,2019-11-25,8:34,243.9925994873047
DA167,2019-11-25,11:04,224.3694000244141
DA167,2019-11-25,16:56,284.9700927734375
DA167,2019-11-25,20:41,0.0
DA167,2019-11-26,08:00,257.9926147460938
DA167,2019-11-26,12:00,281.3742065429688
DA167,2019-11-26,17:16,855.0272827148438
DA167,2019-11-27,08:00,250.5025939941406
DA167,2019-11-27,12:00,313.2965087890625
DA167,2019-11-27,16:56,356.6365051269531
DA167,2019-11-28,,404.6177978515625
DA167,2019-11-28,,333.3724060058594
DA167,2019-11-28,,679.2858276367188
DA167,2019-11-29,,255.4925994873047
DA167,2019-11-29,,131.875
DA167,2019-11-29,,574.856201171875
DA167,2019-11-29,,0.0
DA168,2019-11-15,7:29,90.32879638671875
DA168,2019-11-15,12:21,99.5374984741211
DA168,2019-11-15,17:00,419.7381896972656
DA168,2019-11-15,20:07,87.5
DA168,2019-11-16,7:29,94.72879791259766
DA168,2019-11-16,12:00,291.6032104492188
DA168,2019-11-16,17:14,200.3990936279297
DA168,2019-11-16,21:09,91.3499984741211
DA168,2019-11-17,7:44,107.0
DA168,2019-11-17,12:00,69.78335571289062
DA168,2019-11-17,16:29,167.9649963378906
DA168,2019-11-17,20:00,0.0
DA168,2019-11-18,,79.32879638671875
DA168,2019-11-18,,141.385498046875
DA168,2019-11-18,,139.4472045898438
DA168,2019-11-18,,270.2000122070312
DA168,2019-11-19,,79.32879638671875
DA168,2019-11-19,,230.9741973876953
DA168,2019-11-19,,804.6273193359375
DA168,2019-11-19,,87.5
DA168,2019-11-20,,89.081298828125
DA168,2019-11-20,,279.6965026855469
DA168,2019-11-20,,248.1869049072266
DA168,2019-11-20,,0.0
DA168,2019-11-21,,89.57879638671875
DA168,2019-11-21,,299.7723999023438
DA168,2019-11-21,,662.4857788085938
DA168,2019-11-21,,91.3499984741211
DA168,2019-11-22,,101.3287963867188
DA168,2019-11-22,,83.43419647216797
DA168,2019-11-22,,310.4280090332031
DA168,2019-11-22,,0.0
DA168,2019-11-23,,110.1287994384766
DA168,2019-11-23,,328.2439880371094
DA168,2019-11-23,,200.3990936279297
DA168,2019-11-23,,270.2000122070312
DA168,2019-11-24,,107.0
DA168,2019-11-24,,139.5667114257812
DA168,2019-11-24,,378.9110107421875
DA168,2019-11-24,,0.0
DA168,2019-11-25,,79.32879638671875
DA168,2019-11-25,,190.7693939208984
DA168,2019-11-25,,251.3700866699219
DA168,2019-11-25,,182.6999969482422
DA168,2019-11-26,,79.32879638671875
DA168,2019-11-26,,247.7742004394531
DA168,2019-11-26,,821.4273071289062
DA168,2019-11-26,,0.0
DA168,2019-11-27,,89.081298828125
DA168,2019-11-27,,279.6965026855469
DA168,2019-11-27,,323.0364990234375
DA168,2019-11-27,,87.5
DA168,2019-11-28,,310.7828063964844
DA168,2019-11-28,,299.7723999023438
DA168,2019-11-28,,645.685791015625
DA168,2019-11-28,,0.0
DA168,2019-11-29,,101.3287963867188
DA168,2019-11-29,,98.2750015258789
DA168,2019-11-29,,541.2561645507812
DA168,2019-11-29,,132.2400054931641
DA169,2019-11-15,7:00,90.32879638671875
DA169,2019-11-15,11:45,33.59999847412109
DA169,2019-11-15,17:00,298.1903991699219
DA169,2019-11-15,19:04,0.0
DA169,2019-11-16,6:10,94.72879791259766
DA169,2019-11-16,11:45,179.4015960693359
DA169,2019-11-16,22:00,0.0
DA169,2019-11-17,08:00,107.0
DA169,2019-11-17,12:00,130.2573089599609
DA169,2019-11-17,17:00,109.5980987548828
DA169,2019-11-17,21:45,0.0
DA169,2019-11-18,7:07,95.57879638671875
DA169,2019-11-18,11:45,124.5855026245117
DA169,2019-11-18,17:00,50.26755142211914
DA169,2019-11-18,19:04,0.0
DA169,2019-11-19,6:45,79.32879638671875
DA169,2019-11-19,13:00,90.91919708251953
DA169,2019-11-19,17:52,251.5704803466797
DA169,2019-11-19,22:07,0.0
DA169,2019-11-20,08:00,108.5863037109375
DA169,2019-11-20,12:00,123.0482482910156
DA169,2019-11-20,16:07,16.79999923706055
DA169,2019-11-20,22:00,0.0
DA169,2019-11-21,08:00,262.2040100097656
DA169,2019-11-21,12:00,205.0355529785156
DA169,2019-11-21,17:15,186.6214447021484
DA169,2019-11-21,21:55,0.0
DA169,2019-11-22,8:00,79.32879638671875
DA169,2019-11-22,12:00,0.0
DA169,2019-11-22,16:37,67.19999694824219
DA169,2019-11-22,21:52,0.0
DA169,2019-11-23,08:00,361.3768615722656
DA169,2019-11-23,12:00,53.61930084228516
DA169,2019-11-23,16:40,69.66539764404297
DA169,2019-11-23,22:07,0.0
DA169,2019-11-24,08:00,107.0
DA169,2019-11-24,11:24,127.0391235351562
DA169,2019-11-24,17:07,12.45855045318604
DA169,2019-11-24,21:18,0.0
DA169,2019-11-25,08:00,194.7016448974609
DA169,2019-11-25,12:00,128.9846954345703
DA169,2019-11-25,17:00,102.0367736816406
DA169,2019-11-25,19:56,0.0
DA169,2019-11-26,7:15,178.4516448974609
DA169,2019-11-26,12:37,136.3456573486328
DA169,2019-11-26,17:00,546.213623046875
DA169,2019-11-26,19:56,0.0
DA169,2019-11-27,7:22,178.4516448974609
DA169,2019-11-27,13:00,30.79425048828125
DA169,2019-11-27,17:00,225.7602691650391
DA169,2019-11-27,19:56,0.0
DA169,2019-11-28,,271.118408203125
DA169,2019-11-28,,147.8399810791016
DA169,2019-11-28,,215.8800048828125
DA169,2019-11-28,,0.0
DA169,2019-11-29,,112.3697509765625
DA169,2019-11-29,,82.10624694824219
DA169,2019-11-29,,178.0610504150391
DA169,2019-11-29,,0.0
DA170,2019-11-15,7:16,255.4925994873047
DA170,2019-11-15,11:31,131.875
DA170,2019-11-15,17:47,487.6851806640625
DA170,2019-11-16,6:12,273.0925903320312
DA170,2019-11-16,12:54,325.2031860351562
DA170,2019-11-16,17:00,233.9990997314453
DA170,2019-11-17,08:00,107.0
DA170,2019-11-17,11:12,279.1334228515625
DA170,2019-11-17,17:00,218.3650054931641
DA170,2019-11-18,8:31,276.4926147460938
DA170,2019-11-18,12:00,191.7855072021484
DA170,2019-11-18,17:00,189.8471984863281
DA170,2019-11-19,08:00,257.9926147460938
DA170,2019-11-19,11:26,281.3742065429688
DA170,2019-11-19,17:17,855.0272827148438
DA170,2019-11-20,6:54,481.9566040039062
DA170,2019-11-20,11:16,313.2965087890625
DA170,2019-11-20,16:47,281.7868957519531
DA170,2019-11-21,08:00,483.9465942382812
DA170,2019-11-21,12:00,333.3724060058594
DA170,2019-11-21,17:00,679.2858276367188
DA170,2019-11-22,8:24,486.9465942382812
DA170,2019-11-22,12:52,117.0342025756836
DA170,2019-11-22,17:47,310.4280090332031
DA170,2019-11-23,6:31,273.0925903320312
DA170,2019-11-23,12:00,328.2439880371094
DA170,2019-11-23,17:00,233.9990997314453
DA170,2019-11-24,08:00,107.0
DA170,2019-11-24,12:00,279.1334228515625
DA170,2019-11-24,17:17,395.7109985351562
DA170,2019-11-25,08:00,132.1638031005859
DA170,2019-11-25,11:43,224.3694000244141
DA170,2019-11-25,17:00,284.9700927734375
DA170,2019-11-26,08:00,132.1638031005859
DA170,2019-11-26,12:00,281.3742065429688
DA170,2019-11-26,17:00,855.0272827148438
DA170,2019-11-27,08:00,481.9566040039062
DA170,2019-11-27,12:00,313.2965087890625
DA170,2019-11-27,17:09,356.6365051269531
DA170,2019-11-28,,252.4925994873047
DA170,2019-11-28,,333.3724060058594
DA170,2019-11-28,,679.2858276367188
DA170,2019-11-29,,255.4925994873047
DA170,2019-11-29,,131.875
DA170,2019-11-29,,574.856201171875
DA171,2019-11-15,11:50,99.5374984741211
DA171,2019-11-15,17:27,365.390380859375
DA171,2019-11-15,21:45,94.5
DA171,2019-11-16,08:00,160.8106994628906
DA171,2019-11-16,12:00,242.8292999267578
DA171,2019-11-16,17:00,240.1307983398438
DA171,2019-11-16,20:16,0.0
DA171,2019-11-17,6:45,107.0
DA171,2019-11-17,12:00,216.8406524658203
DA171,2019-11-17,17:00,227.0478973388672
DA171,2019-11-17,20:00,0.0
DA171,2019-11-18,8:30,145.4107055664062
DA171,2019-11-18,12:50,129.4927520751953
DA171,2019-11-18,17:00,148.1293487548828
DA171,2019-11-18,19:19,0.0
DA171,2019-11-19,6:30,123.9947509765625
DA171,2019-11-19,12:15,243.9985504150391
DA171,2019-11-19,17:49,670.6567993164062
DA171,2019-11-20,,155.1631927490234
DA171,2019-11-20,,176.2539978027344
DA171,2019-11-20,,195.6349029541016
DA171,2019-11-25,,145.4107055664062
DA171,2019-11-25,,67.19999694824219
DA171,2019-11-25,,114.7942504882812
DA171,2019-11-25,,0.0
DA171,2019-11-26,,145.4107055664062
DA171,2019-11-26,,231.5399932861328
DA171,2019-11-26,,732.1136474609375
DA171,2019-11-26,,33.59999847412109
DA171,2019-11-27,,122.1222534179688
DA171,2019-11-27,,95.21849822998047
DA171,2019-11-27,,233.0596923828125
DA171,2019-11-27,,0.0
DA171,2019-11-28,,145.4107055664062
DA171,2019-11-28,,228.4799499511719
DA171,2019-11-28,,79.6585464477539
DA171,2019-11-28,,0.0
DA171,2019-11-29,,387.8646850585938
DA171,2019-11-29,,83.3687515258789
DA171,2019-11-29,,447.1951293945312
DA171,2019-11-29,,87.00003814697266
DA172,2019-11-15,12:22,297.5414123535156
DA172,2019-11-15,17:37,51.14699935913086
DA172,2019-11-16,8:22,96.88189697265625
DA172,2019-11-16,12:07,19.1200008392334
DA172,2019-11-16,17:00,30.79425048828125
DA172,2019-11-16,21:19,0.0
DA172,2019-11-17,6:00,107.0
DA172,2019-11-17,11:43,340.6518859863281
DA172,2019-11-17,16:37,130.58935546875
DA172,2019-11-17,19:33,0.0
DA172,2019-11-18,7:45,177.9107055664062
DA172,2019-11-18,12:00,230.4127807617188
DA172,2019-11-18,17:00,47.5942497253418
DA172,2019-11-18,19:42,0.0
DA172,2019-11-19,7:22,79.32879638671875
DA172,2019-11-19,12:52,240.9835052490234
DA172,2019-11-19,17:00,575.5999755859375
DA172,2019-11-19,21:07,0.0
DA172,2019-11-20,7:22,207.7091522216797
DA172,2019-11-20,12:00,265.7022399902344
DA172,2019-11-20,17:00,70.97564697265625
DA172,2019-11-20,20:27,0.0
DA172,2019-11-21,08:00,99.82879638671875
DA172,2019-11-21,12:00,216.06640625
DA172,2019-11-21,17:00,97.51709747314453
DA172,2019-11-21,22:22,0.0
DA172,2019-11-22,8:17,365.8237609863281
DA172,2019-11-22,12:00,240.9835052490234
DA172,2019-11-22,16:07,61.5885009765625
DA172,2019-11-22,20:48,0.0
DA172,2019-11-23,8:02,191.6107025146484
DA172,2019-11-23,12:00,251.8126068115234
DA172,2019-11-23,17:00,243.5346984863281
DA172,2019-11-23,20:00,0.0
DA172,2019-11-24,,107.0
DA172,2019-11-24,,295.1591491699219
DA172,2019-11-24,,75.31710052490234
DA172,2019-11-25,,210.9516448974609
DA172,2019-11-25,,244.0549011230469
DA172,2019-11-25,,95.1884994506836
DA172,2019-11-25,,0.0
DA172,2019-11-26,,168.6607055664062
DA172,2019-11-26,,216.06640625
DA172,2019-11-26,,821.4273071289062
DA172,2019-11-26,,33.59999847412109
DA172,2019-11-27,,250.5025939941406
DA172,2019-11-27,,251.7079925537109
DA172,2019-11-27,,273.2023010253906
DA172,2019-11-28,,132.8697509765625
DA172,2019-11-28,,285.3126220703125
DA172,2019-11-28,,92.11710357666016
DA172,2019-11-28,,33.59999847412109
DA172,2019-11-29,,365.8237609863281
DA172,2019-11-29,,248.4039001464844
DA172,2019-11-29,,84.74700164794922
DA172,2019-11-29,,0.0
DA173,2019-11-15,11:24,99.5374984741211
DA173,2019-11-15,17:00,365.390380859375
DA173,2019-11-15,19:10,94.5
DA173,2019-11-16,6:30,160.8106994628906
DA173,2019-11-16,12:00,144.7285003662109
DA173,2019-11-16,17:00,206.5308074951172
DA173,2019-11-16,20:17,0.0
DA173,2019-11-17,08:00,214.0
DA173,2019-11-17,12:00,216.8406524658203
DA173,2019-11-17,16:32,193.4479064941406
DA173,2019-11-17,21:04,157.5
DA173,2019-11-18,7:39,161.6607055664062
DA173,2019-11-18,12:47,129.4927520751953
DA173,2019-11-18,17:00,148.1293487548828
DA173,2019-11-18,20:31,0.0
DA173,2019-11-19,08:00,157.0357055664062
DA173,2019-11-19,12:00,243.9985504150391
DA173,2019-11-19,17:02,637.0568237304688
DA173,2019-11-20,6:30,155.1631927490234
DA173,2019-11-20,12:00,176.2539978027344
DA173,2019-11-20,17:00,195.6349029541016
DA173,2019-11-20,21:00,94.5
DA173,2019-11-21,08:00,155.6607055664062
DA173,2019-11-21,12:00,226.4337310791016
DA173,2019-11-21,17:10,220.2214508056641
DA173,2019-11-21,20:00,157.5
DA173,2019-11-22,7:51,387.8646850585938
DA173,2019-11-22,12:00,79.6585464477539
DA173,2019-11-22,17:00,208.4197540283203
DA173,2019-11-22,21:02,157.5
DA173,2019-11-23,6:32,160.8106994628906
DA173,2019-11-23,12:39,274.6246948242188
DA173,2019-11-23,17:00,226.3966522216797
DA173,2019-11-23,20:15,157.5
DA173,2019-11-24,8:05,107.0
DA173,2019-11-24,12:39,216.8406524658203
DA173,2019-11-24,17:30,46.05855178833008
DA173,2019-11-24,20:00,78.0
DA173,2019-11-25,,161.6607055664062
DA173,2019-11-25,,106.4923477172852
DA173,2019-11-25,,81.19425201416016
DA173,2019-11-25,,0.0
DA173,2019-11-26,,157.0357055664062
DA173,2019-11-26,,231.5399932861328
DA173,2019-11-26,,732.1136474609375
DA173,2019-11-26,,33.59999847412109
DA173,2019-11-27,,155.1631927490234
DA173,2019-11-27,,61.61849975585938
DA173,2019-11-27,,199.4597015380859
DA173,2019-11-27,,0.0
DA173,2019-11-28,,155.6607055664062
DA173,2019-11-28,,262.0799560546875
DA173,2019-11-28,,113.2585525512695
DA173,2019-11-28,,157.5
DA173,2019-11-29,,214.2742004394531
DA173,2019-11-29,,83.3687515258789
DA173,2019-11-29,,413.5951538085938
DA173,2019-11-29,,157.5
DA174,2019-11-15,11:56,98.2750015258789
DA174,2019-11-15,17:56,454.085205078125
DA174,2019-11-16,6:57,257.6925964355469
DA174,2019-11-16,11:34,325.2031860351562
DA174,2019-11-16,17:00,233.9990997314453
DA174,2019-11-16,19:11,0.0
DA174,2019-11-17,6:30,107.0
DA174,2019-11-17,12:00,279.1334228515625
DA174,2019-11-17,17:00,218.3650054931641
DA174,2019-11-18,6:41,194.1607055664062
DA174,2019-11-18,11:49,191.7855072021484
DA174,2019-11-18,17:51,189.8471984863281
DA174,2019-11-19,08:00,257.9926147460938
DA174,2019-11-19,12:00,281.3742065429688
DA174,2019-11-19,17:00,855.0272827148438
DA174,2019-11-20,08:00,217.4616546630859
DA174,2019-11-20,12:00,313.2965087890625
DA174,2019-11-20,17:00,264.9869079589844
DA174,2019-11-20,22:06,0.0
DA174,2019-11-21,7:41,231.9925994873047
DA174,2019-11-21,12:11,262.0799560546875
DA174,2019-11-21,17:04,122.434196472168
DA174,2019-11-21,21:34,132.2400054931641
DA174,2019-11-22,7:49,398.8646850585938
DA174,2019-11-22,12:00,75.31710052490234
DA174,2019-11-22,17:00,310.4280090332031
DA174,2019-11-22,21:34,0.0
DA174,2019-11-23,7:26,273.0925903320312
DA174,2019-11-23,11:34,292.497802734375
DA174,2019-11-23,17:56,206.5308074951172
DA174,2019-11-23,21:34,0.0
DA174,2019-11-24,7:04,107.0
DA174,2019-11-24,12:00,279.1334228515625
DA174,2019-11-24,17:19,92.11710357666016
DA174,2019-11-24,20:11,0.0
DA174,2019-11-25,6:56,177.9107055664062
DA174,2019-11-25,12:26,42.88000106811523
DA174,2019-11-25,17:00,123.177001953125
DA174,2019-11-25,21:34,0.0
DA174,2019-11-26,08:00,201.7016448974609
DA174,2019-11-26,12:00,231.5399932861328
DA174,2019-11-26,17:00,855.0272827148438
DA174,2019-11-26,20:26,33.59999847412109
DA174,2019-11-27,7:02,217.4616546630859
DA174,2019-11-27,12:00,261.9595031738281
DA174,2019-11-27,17:00,331.7193908691406
DA174,2019-11-27,19:21,132.2400054931641
DA174,2019-11-28,7:49,209.2016448974609
DA174,2019-11-28,12:26,209.6337280273438
DA174,2019-11-28,17:00,92.11710357666016
DA174,2019-11-28,19:06,33.59999847412109
DA174,2019-11-29,,409.8646850585938
DA174,2019-11-29,,82.73750305175781
DA174,2019-11-29,,557.6826782226562
DA174,2019-11-29,,0.0
DA175,2019-11-15,11:45,99.5374984741211
DA175,2019-11-15,17:00,398.9903869628906
DA175,2019-11-15,22:15,1.035045027732849
DA175,2019-11-16,6:37,127.7697525024414
DA175,2019-11-16,13:00,211.9284973144531
DA175,2019-11-16,17:00,240.1307983398438
DA175,2019-11-16,20:15,0.0
DA175,2019-11-17,6:25,107.0
DA175,2019-11-17,11:37,216.8406524658203
DA175,2019-11-17,17:00,227.0478973388672
DA175,2019-11-17,21:34,0.0
DA175,2019-11-18,7:30,145.4107055664062
DA175,2019-11-18,13:00,129.4927520751953
DA175,2019-11-18,17:45,148.1293487548828
DA175,2019-11-18,20:45,0.0
DA175,2019-11-19,8:30,145.4107055664062
DA175,2019-11-19,12:00,256.4570922851562
DA175,2019-11-19,17:07,670.6567993164062
DA175,2019-11-19,21:45,0.0
DA175,2019-11-20,08:00,164.9156951904297
DA175,2019-11-20,12:00,176.2539978027344
DA175,2019-11-20,17:00,162.0348968505859
DA175,2019-11-20,20:49,0.0
DA175,2019-11-21,8:30,155.6607055664062
DA175,2019-11-21,12:15,226.4337310791016
DA175,2019-11-21,18:00,253.8214569091797
DA175,2019-11-21,21:30,0.0
DA175,2019-11-22,8:30,387.8646850585938
DA175,2019-11-22,12:22,79.6585464477539
DA175,2019-11-22,17:00,208.4197540283203
DA175,2019-11-22,23:00,0.0
DA175,2019-11-23,8:30,160.8106994628906
DA175,2019-11-23,12:24,292.497802734375
DA175,2019-11-23,18:00,226.3966522216797
DA175,2019-11-23,21:45,0.0
DA175,2019-11-24,9:00,107.0
DA175,2019-11-24,13:00,216.8406524658203
DA175,2019-11-24,17:00,79.6585464477539
DA175,2019-11-24,20:25,78.0
DA175,2019-11-25,08:00,145.4107055664062
DA175,2019-11-25,11:22,67.19999694824219
DA175,2019-11-25,18:00,114.7942504882812
DA175,2019-11-25,21:52,0.0
DA175,2019-11-26,08:00,145.4107055664062
DA175,2019-11-26,12:00,231.5399932861328
DA175,2019-11-26,17:00,732.1136474609375
DA175,2019-11-26,19:07,33.59999847412109
DA175,2019-11-27,7:37,155.1631927490234
DA175,2019-11-27,12:00,102.2306213378906
DA175,2019-11-27,17:00,233.0596923828125
DA175,2019-11-27,19:15,66.12000274658203
DA175,2019-11-28,08:00,155.6607055664062
DA175,2019-11-28,11:50,297.7261657714844
DA175,2019-11-28,17:45,113.2585525512695
DA175,2019-11-28,21:07,0.0
DA175,2019-11-29,,387.8646850585938
DA175,2019-11-29,,83.3687515258789
DA175,2019-11-29,,447.1951293945312
DA175,2019-11-29,,66.12000274658203
DA176,2019-11-15,11:46,138.5375061035156
DA176,2019-11-15,17:00,101.5469970703125
DA176,2019-11-15,22:09,87.5
DA176,2019-11-16,08:00,160.8106994628906
DA176,2019-11-16,12:00,175.5462036132812
DA176,2019-11-16,16:11,128.2682952880859
DA176,2019-11-16,21:20,87.5
DA176,2019-11-17,8:07,0.0
DA176,2019-11-17,12:00,168.4927520751953
DA176,2019-11-17,17:00,227.0478973388672
DA176,2019-11-17,20:27,87.5
DA176,2019-11-18,7:39,145.4107055664062
DA176,2019-11-18,12:00,129.4927520751953
DA176,2019-11-18,17:00,128.7884979248047
DA176,2019-11-18,20:50,0.0
DA176,2019-11-19,6:32,145.4107055664062
DA176,2019-11-19,12:00,131.1170959472656
DA176,2019-11-19,17:00,765.713623046875
DA176,2019-11-19,20:32,66.12000274658203
DA176,2019-11-20,08:00,155.1631927490234
DA176,2019-11-20,12:00,176.2539978027344
DA176,2019-11-20,17:00,152.258544921875
DA176,2019-11-20,19:43,0.0
DA176,2019-11-21,08:00,155.6607055664062
DA176,2019-11-21,12:28,141.8462219238281
DA176,2019-11-21,17:00,220.2214508056641
DA176,2019-11-21,22:39,87.5
DA176,2019-11-22,08:00,398.8646850585938
DA176,2019-11-22,11:46,118.6585464477539
DA176,2019-11-22,17:42,81.19425201416016
DA176,2019-11-22,21:42,87.5
DA176,2019-11-23,08:00,160.8106994628906
DA176,2019-11-23,12:43,124.0730972290039
DA176,2019-11-23,17:52,80.93415069580078
DA176,2019-11-23,21:02,87.5
DA176,2019-11-24,7:57,107.0
DA176,2019-11-24,12:00,137.3463745117188
DA176,2019-11-24,17:00,79.6585464477539
DA176,2019-11-24,20:26,231.6199951171875
DA176,2019-11-25,08:00,161.6607055664062
DA176,2019-11-25,12:22,145.4923553466797
DA176,2019-11-25,17:00,81.19425201416016
DA176,2019-11-25,19:22,87.5
DA176,2019-11-26,8:31,157.0357055664062
DA176,2019-11-26,12:00,106.1999969482422
DA176,2019-11-26,17:00,765.713623046875
DA176,2019-11-26,21:57,121.0999984741211
DA176,2019-11-27,6:46,155.1631927490234
DA176,2019-11-27,12:00,135.8306274414062
DA176,2019-11-27,17:47,69.5199966430664
DA176,2019-11-27,20:00,0.0
DA176,2019-11-28,,155.6607055664062
DA176,2019-11-28,,213.138671875
DA176,2019-11-28,,113.2585525512695
DA176,2019-11-28,,87.5
DA176,2019-11-29,,387.8646850585938
DA176,2019-11-29,,141.8687438964844
DA176,2019-11-29,,117.973503112793
DA176,2019-11-29,,0.0
DA177,2019-11-15,11:56,99.5374984741211
DA177,2019-11-15,17:56,277.4425964355469
DA177,2019-11-16,7:37,160.8106994628906
DA177,2019-11-16,12:00,144.7285003662109
DA177,2019-11-16,17:00,240.1307983398438
DA177,2019-11-17,8:05,214.0
DA177,2019-11-17,12:00,216.8406524658203
DA177,2019-11-17,17:00,227.0478973388672
DA177,2019-11-18,08:00,145.4107055664062
DA177,2019-11-18,12:00,129.4927520751953
DA177,2019-11-18,17:00,114.5293502807617
DA177,2019-11-18,22:18,0.0
DA177,2019-11-19,08:00,123.9947509765625
DA177,2019-11-19,12:11,243.9985504150391
DA177,2019-11-19,17:00,670.6567993164062
DA177,2019-11-20,6:56,164.9156951904297
DA177,2019-11-20,12:00,176.2539978027344
DA177,2019-11-20,17:00,195.6349029541016
DA177,2019-11-20,20:15,0.0
DA177,2019-11-21,7:44,155.6607055664062
DA177,2019-11-21,12:00,262.0799560546875
DA177,2019-11-21,17:00,220.2214508056641
DA177,2019-11-21,21:14,0.0
DA177,2019-11-22,7:48,387.8646850585938
DA177,2019-11-22,12:15,79.6585464477539
DA177,2019-11-22,16:56,208.4197540283203
DA177,2019-11-22,19:56,0.0
DA177,2019-11-23,8:11,160.8106994628906
DA177,2019-11-23,12:11,274.6246948242188
DA177,2019-11-23,17:00,192.7966461181641
DA177,2019-11-23,22:48,0.0
DA177,2019-11-24,7:30,107.0
DA177,2019-11-24,12:56,185.6942901611328
DA177,2019-11-24,17:56,46.05855178833008
DA177,2019-11-24,20:41,78.0
DA177,2019-11-25,08:00,161.6607055664062
DA177,2019-11-25,11:20,106.4923477172852
DA177,2019-11-25,17:00,81.19425201416016
DA177,2019-11-25,21:18,0.0
DA177,2019-11-26,08:00,157.0357055664062
DA177,2019-11-26,12:00,231.5399932861328
DA177,2019-11-26,17:00,765.713623046875
DA177,2019-11-26,21:50,33.59999847412109
DA177,2019-11-27,8:26,155.1631927490234
DA177,2019-11-27,12:00,95.21849822998047
DA177,2019-11-27,17:00,233.0596923828125
DA177,2019-11-27,20:00,0.0
DA177,2019-11-28,08:00,155.6607055664062
DA177,2019-11-28,12:00,262.0799560546875
DA177,2019-11-28,17:56,113.2585525512695
DA177,2019-11-28,22:56,0.0
DA177,2019-11-29,,387.8646850585938
DA177,2019-11-29,,83.3687515258789
DA177,2019-11-29,,447.1951293945312
DA177,2019-11-29,,0.0
DA178,2019-11-15,12:18,99.5374984741211
DA178,2019-11-15,17:00,381.81689453125
DA178,2019-11-16,8:18,160.8106994628906
DA178,2019-11-16,12:18,178.3285064697266
DA178,2019-11-16,17:00,240.1307983398438
DA178,2019-11-17,08:00,214.0
DA178,2019-11-17,12:00,216.8406524658203
DA178,2019-11-17,17:00,227.0478973388672
DA178,2019-11-18,08:00,161.6607055664062
DA178,2019-11-18,12:00,129.4927520751953
DA178,2019-11-18,17:48,148.1293487548828
DA178,2019-11-19,6:03,157.0357055664062
DA178,2019-11-19,12:00,210.3985443115234
DA178,2019-11-19,17:00,670.6567993164062
DA178,2019-11-20,08:00,155.1631927490234
DA178,2019-11-20,12:00,176.2539978027344
DA178,2019-11-20,17:00,195.6349029541016
DA178,2019-11-21,8:24,155.6607055664062
DA178,2019-11-21,12:18,226.4337310791016
DA178,2019-11-21,17:00,220.2214508056641
DA178,2019-11-21,19:14,0.0
DA178,2019-11-22,7:41,387.8646850585938
DA178,2019-11-22,12:19,79.6585464477539
DA178,2019-11-22,16:56,208.4197540283203
DA178,2019-11-22,21:41,0.0
DA178,2019-11-23,08:00,160.8106994628906
DA178,2019-11-23,12:00,274.6246948242188
DA178,2019-11-23,17:00,226.3966522216797
DA178,2019-11-24,8:48,107.0
DA178,2019-11-24,12:00,185.6942901611328
DA178,2019-11-24,17:00,46.05855178833008
DA178,2019-11-24,19:14,78.0
DA178,2019-11-25,8:18,161.6607055664062
DA178,2019-11-25,11:33,106.4923477172852
DA178,2019-11-25,17:00,81.19425201416016
DA178,2019-11-25,21:26,0.0
DA178,2019-11-26,08:00,157.0357055664062
DA178,2019-11-26,12:00,231.5399932861328
DA178,2019-11-26,17:00,732.1136474609375
DA178,2019-11-26,19:56,33.59999847412109
DA178,2019-11-27,7:26,155.1631927490234
DA178,2019-11-27,12:00,95.21849822998047
DA178,2019-11-27,17:00,233.0596923828125
DA178,2019-11-27,22:48,0.0
DA178,2019-11-28,8:09,155.6607055664062
DA178,2019-11-28,12:00,297.7261657714844
DA178,2019-11-28,16:56,113.2585525512695
DA178,2019-11-28,20:39,0.0
DA178,2019-11-29,,387.8646850585938
DA178,2019-11-29,,83.3687515258789
DA178,2019-11-29,,413.5951538085938
DA178,2019-11-29,,0.0
DA179,2019-11-15,12:00,131.875
DA179,2019-11-15,17:51,487.6851806640625
DA179,2019-11-15,19:51,0.0
DA179,2019-11-16,7:13,273.0925903320312
DA179,2019-11-16,12:00,325.2031860351562
DA179,2019-11-16,17:00,233.9990997314453
DA179,2019-11-16,19:26,0.0
DA179,2019-11-17,7:35,107.0
DA179,2019-11-17,12:58,279.1334228515625
DA179,2019-11-17,17:00,159.847900390625
DA179,2019-11-17,20:09,0.0
DA179,2019-11-18,6:50,210.9516448974609
DA179,2019-11-18,11:13,191.7855072021484
DA179,2019-11-18,17:00,189.8471984863281
DA179,2019-11-19,7:35,168.6607055664062
DA179,2019-11-19,12:05,281.3742065429688
DA179,2019-11-19,17:00,855.0272827148438
DA179,2019-11-19,19:01,0.0
DA179,2019-11-20,7:35,250.5025939941406
DA179,2019-11-20,12:00,285.3080139160156
DA179,2019-11-20,17:00,281.7868957519531
DA179,2019-11-20,20:06,0.0
DA179,2019-11-21,7:13,120.3287963867188
DA179,2019-11-21,12:05,262.0799560546875
DA179,2019-11-21,17:00,97.51709747314453
DA179,2019-11-21,19:06,0.0
DA179,2019-11-22,08:00,420.8646850585938
DA179,2019-11-22,12:00,117.0342025756836
DA179,2019-11-22,17:00,282.4395141601562
DA179,2019-11-22,21:41,0.0
DA179,2019-11-23,7:28,273.0925903320312
DA179,2019-11-23,12:43,328.2439880371094
DA179,2019-11-23,17:13,233.9990997314453
DA179,2019-11-23,20:36,0.0
DA179,2019-11-24,7:39,107.0
DA179,2019-11-24,12:00,279.1334228515625
DA179,2019-11-24,17:00,117.0342025756836
DA179,2019-11-25,08:00,243.9925994873047
DA179,2019-11-25,12:00,74.16000366210938
DA179,2019-11-25,17:21,123.177001953125
DA179,2019-11-25,21:51,0.0
DA179,2019-11-26,7:35,201.7016448974609
DA179,2019-11-26,12:00,231.5399932861328
DA179,2019-11-26,17:00,855.0272827148438
DA179,2019-11-26,20:21,91.3499984741211
DA179,2019-11-27,08:00,184.4207000732422
DA179,2019-11-27,12:00,104.5285034179688
DA179,2019-11-27,16:00,331.7193908691406
DA179,2019-11-27,21:06,0.0
DA179,2019-11-28,08:00,242.2425994873047
DA179,2019-11-28,12:00,262.0799560546875
DA179,2019-11-28,17:51,92.11710357666016
DA179,2019-11-28,21:41,96.5999984741211
DA179,2019-11-29,,387.8237609863281
DA179,2019-11-29,,99.5374984741211
DA179,2019-11-29,,574.856201171875
DA179,2019-11-29,,0.0
DA180,2019-11-15,11:54,99.5374984741211
DA180,2019-11-15,16:53,348.2168884277344
DA180,2019-11-16,08:00,160.8106994628906
DA180,2019-11-16,12:00,196.2015991210938
DA180,2019-11-16,17:00,206.5308074951172
DA180,2019-11-17,7:04,214.0
DA180,2019-11-17,12:00,216.8406524658203
DA180,2019-11-17,17:00,193.4479064941406
DA180,2019-11-18,08:00,161.6607055664062
DA180,2019-11-18,12:00,129.4927520751953
DA180,2019-11-18,17:00,114.5293502807617
DA180,2019-11-19,7:09,157.0357055664062
DA180,2019-11-19,12:24,256.4570922851562
DA180,2019-11-19,17:00,670.6567993164062
DA180,2019-11-20,8:24,155.1631927490234
DA180,2019-11-20,12:00,176.2539978027344
DA180,2019-11-20,17:00,195.6349029541016
DA180,2019-11-20,22:08,0.0
DA180,2019-11-21,8:24,155.6607055664062
DA180,2019-11-21,12:54,262.0799560546875
DA180,2019-11-21,17:00,79.6585464477539
DA180,2019-11-21,20:03,87.5
DA180,2019-11-22,7:46,387.8646850585938
DA180,2019-11-22,11:01,79.6585464477539
DA180,2019-11-22,17:00,208.4197540283203
DA180,2019-11-22,21:08,0.0
DA180,2019-11-23,6:46,160.8106994628906
DA180,2019-11-23,12:00,274.6246948242188
DA180,2019-11-23,17:16,226.3966522216797
DA180,2019-11-23,22:01,0.0
DA180,2019-11-24,08:00,107.0
DA180,2019-11-24,11:34,185.6942901611328
DA180,2019-11-24,17:48,46.05855178833008
DA180,2019-11-24,21:33,78.0
DA180,2019-11-25,8:24,161.6607055664062
DA180,2019-11-25,12:00,106.4923477172852
DA180,2019-11-25,17:00,81.19425201416016
DA180,2019-11-25,22:08,0.0
DA180,2019-11-26,08:00,157.0357055664062
DA180,2019-11-26,12:24,231.5399932861328
DA180,2019-11-26,17:00,765.713623046875
DA180,2019-11-26,20:28,33.59999847412109
DA180,2019-11-27,08:00,155.1631927490234
DA180,2019-11-27,12:00,95.21849822998047
DA180,2019-11-27,17:00,292.9602661132812
DA180,2019-11-27,21:23,0.0
DA180,2019-11-28,08:00,155.6607055664062
DA180,2019-11-28,11:24,262.0799560546875
DA180,2019-11-28,17:00,113.2585525512695
DA180,2019-11-28,21:23,0.0
DA180,2019-11-29,,387.8646850585938
DA180,2019-11-29,,83.3687515258789
DA180,2019-11-29,,447.1951293945312
DA180,2019-11-29,,0.0
DA181,2019-11-15,11:58,99.5374984741211
DA181,2019-11-15,17:57,348.2168884277344
DA181,2019-11-15,21:20,94.5
DA181,2019-11-16,7:28,160.8106994628906
DA181,2019-11-16,12:00,178.3285064697266
DA181,2019-11-16,17:00,240.1307983398438
DA181,2019-11-16,22:57,157.5
DA181,2019-11-17,7:05,107.0
DA181,2019-11-17,12:37,250.4406585693359
DA181,2019-11-17,17:00,227.0478973388672
DA181,2019-11-17,19:27,63.0
DA181,2019-11-18,7:43,161.6607055664062
DA181,2019-11-18,12:00,129.4927520751953
DA181,2019-11-18,17:00,148.1293487548828
DA181,2019-11-18,21:27,0.0
DA181,2019-11-19,7:20,157.0357055664062
DA181,2019-11-19,12:13,243.9985504150391
DA181,2019-11-19,17:00,670.6567993164062
DA181,2019-11-19,20:27,0.0
DA181,2019-11-20,7:17,155.1631927490234
DA181,2019-11-20,12:00,176.2539978027344
DA181,2019-11-20,16:52,195.6349029541016
DA181,2019-11-20,21:50,94.5
DA181,2019-11-21,08:00,155.6607055664062
DA181,2019-11-21,11:07,226.4337310791016
DA181,2019-11-21,17:57,220.2214508056641
DA181,2019-11-21,22:05,126.0
DA181,2019-11-22,08:00,387.8646850585938
DA181,2019-11-22,12:00,79.6585464477539
DA181,2019-11-22,16:07,208.4197540283203
DA181,2019-11-22,21:50,157.5
DA181,2019-11-23,7:28,160.8106994628906
DA181,2019-11-23,12:00,274.6246948242188
DA181,2019-11-23,17:00,226.3966522216797
DA181,2019-11-23,20:37,0.0
DA181,2019-11-24,08:00,107.0
DA181,2019-11-24,12:00,185.6942901611328
DA181,2019-11-24,16:22,79.6585464477539
DA181,2019-11-24,21:57,78.0
DA181,2019-11-25,08:00,161.6607055664062
DA181,2019-11-25,12:00,106.4923477172852
DA181,2019-11-25,16:35,81.19425201416016
DA181,2019-11-25,21:52,0.0
DA181,2019-11-26,6:42,157.0357055664062
DA181,2019-11-26,12:28,231.5399932861328
DA181,2019-11-26,16:48,765.713623046875
DA181,2019-11-26,21:42,33.59999847412109
DA181,2019-11-27,7:35,155.1631927490234
DA181,2019-11-27,12:00,102.2306213378906
DA181,2019-11-27,17:00,199.4597015380859
DA181,2019-11-27,20:37,94.5
DA181,2019-11-28,08:00,155.6607055664062
DA181,2019-11-28,12:00,262.0799560546875
DA181,2019-11-28,17:12,113.2585525512695
DA181,2019-11-28,22:12,63.0
DA181,2019-11-29,8:28,387.8646850585938
DA181,2019-11-29,12:00,83.3687515258789
DA181,2019-11-29,17:00,447.1951293945312
DA181,2019-11-29,20:00,94.5
DA182,2019-11-15,11:58,33.59999847412109
DA182,2019-11-15,17:00,261.3895874023438
DA182,2019-11-16,7:13,226.8925933837891
DA182,2019-11-16,12:00,198.3477935791016
DA182,2019-11-16,17:00,200.3990936279297
DA182,2019-11-17,08:00,107.0
DA182,2019-11-17,12:00,183.2406616210938
DA182,2019-11-17,17:00,134.9308013916016
DA182,2019-11-18,7:59,161.6607055664062
DA182,2019-11-18,12:00,95.89275360107422
DA182,2019-11-18,17:48,142.3854064941406
DA182,2019-11-19,8:09,125.578498840332
DA182,2019-11-19,12:36,252.1156463623047
DA182,2019-11-19,17:00,681.713623046875
DA182,2019-11-20,6:29,164.9156951904297
DA182,2019-11-20,11:43,251.7079925537109
DA182,2019-11-20,17:29,223.2698059082031
DA182,2019-11-21,8:09,132.8697509765625
DA182,2019-11-21,12:00,228.4799499511719
DA182,2019-11-21,17:00,85.05854797363281
DA182,2019-11-21,19:55,132.2400054931641
DA182,2019-11-22,7:21,365.8237609863281
DA182,2019-11-22,11:53,58.5171012878418
DA182,2019-11-22,16:44,218.0452575683594
DA182,2019-11-23,7:06,176.210693359375
DA182,2019-11-23,12:00,292.497802734375
DA182,2019-11-23,16:24,172.9308013916016
DA182,2019-11-23,20:29,0.0
DA182,2019-11-24,6:44,107.0
DA182,2019-11-24,12:08,183.2406616210938
DA182,2019-11-24,17:54,41.71709823608398
DA182,2019-11-25,7:28,161.6607055664062
DA182,2019-11-25,12:51,216.8493957519531
DA182,2019-11-25,17:59,92.38275146484375
DA182,2019-11-26,7:59,147.2447509765625
DA182,2019-11-26,12:00,214.7400054931641
DA182,2019-11-26,17:00,732.1136474609375
DA182,2019-11-26,19:51,33.59999847412109
DA182,2019-11-27,7:36,164.9156951904297
DA182,2019-11-27,12:00,66.28849792480469
DA182,2019-11-27,17:00,298.119384765625
DA182,2019-11-27,19:18,0.0
DA182,2019-11-28,7:48,165.9107055664062
DA182,2019-11-28,12:58,228.4799499511719
DA182,2019-11-28,17:00,62.85855102539062
DA182,2019-11-28,19:51,67.19999694824219
DA182,2019-11-29,,387.8237609863281
DA182,2019-11-29,,65.9375
DA182,2019-11-29,,540.5092163085938
DA183,2019-11-15,12:08,99.5374984741211
DA183,2019-11-15,17:00,365.390380859375
DA183,2019-11-15,19:08,67.19999694824219
DA183,2019-11-16,7:23,160.8106994628906
DA183,2019-11-16,12:00,178.3285064697266
DA183,2019-11-16,17:00,240.1307983398438
DA183,2019-11-16,19:18,0.0
DA183,2019-11-17,11:27,216.8406524658203
DA183,2019-11-17,17:45,227.0478973388672
DA183,2019-11-18,7:23,161.6607055664062
DA183,2019-11-18,12:00,129.4927520751953
DA183,2019-11-18,17:00,148.1293487548828
DA183,2019-11-18,19:45,0.0
DA183,2019-11-19,8:12,123.9947509765625
DA183,2019-11-19,12:00,210.3985443115234
DA183,2019-11-19,17:08,670.6567993164062
DA183,2019-11-19,21:00,0.0
DA183,2019-11-20,8:16,155.1631927490234
DA183,2019-11-20,12:01,176.2539978027344
DA183,2019-11-20,17:00,195.6349029541016
DA183,2019-11-20,20:00,0.0
DA183,2019-11-21,,155.6607055664062
DA183,2019-11-21,,262.0799560546875
DA183,2019-11-21,,220.2214508056641
DA183,2019-11-21,,0.0
DA183,2019-11-22,,387.8646850585938
DA183,2019-11-22,,79.6585464477539
DA183,2019-11-22,,208.4197540283203
DA183,2019-11-25,,161.6607055664062
DA183,2019-11-25,,106.4923477172852
DA183,2019-11-25,,81.19425201416016
DA183,2019-11-25,,0.0
DA183,2019-11-26,,157.0357055664062
DA183,2019-11-26,,231.5399932861328
DA183,2019-11-26,,765.713623046875
DA183,2019-11-26,,67.19999694824219
DA183,2019-11-27,,155.1631927490234
DA183,2019-11-27,,102.2306213378906
DA183,2019-11-27,,292.9602661132812
DA183,2019-11-27,,0.0
DA183,2019-11-28,,155.6607055664062
DA183,2019-11-28,,297.7261657714844
DA183,2019-11-28,,79.6585464477539
DA183,2019-11-28,,0.0
DA183,2019-11-29,,387.8646850585938
DA183,2019-11-29,,83.3687515258789
DA183,2019-11-29,,413.5951538085938
DA183,2019-11-29,,33.59999847412109
DA184,2019-11-15,11:48,99.5374984741211
DA184,2019-11-15,16:25,365.390380859375
DA184,2019-11-15,21:03,0.0
DA184,2019-11-16,7:29,160.8106994628906
DA184,2019-11-16,12:00,196.2015991210938
DA184,2019-11-16,17:00,206.5308074951172
DA184,2019-11-17,08:00,214.0
DA184,2019-11-17,12:00,216.8406524658203
DA184,2019-11-17,17:00,193.4479064941406
DA184,2019-11-18,8:55,161.6607055664062
DA184,2019-11-18,12:48,95.89275360107422
DA184,2019-11-18,17:00,114.5293502807617
DA184,2019-11-18,19:51,0.0
DA184,2019-11-19,7:40,157.0357055664062
DA184,2019-11-19,12:55,243.9985504150391
DA184,2019-11-19,17:00,637.0568237304688
DA184,2019-11-19,19:06,0.0
DA184,2019-11-20,08:00,155.1631927490234
DA184,2019-11-20,12:00,176.2539978027344
DA184,2019-11-20,16:38,162.0348968505859
DA184,2019-11-20,20:23,0.0
DA184,2019-11-21,8:55,155.6607055664062
DA184,2019-11-21,12:48,262.0799560546875
DA184,2019-11-21,17:00,220.2214508056641
DA184,2019-11-21,20:03,0.0
DA184,2019-11-22,7:25,387.8646850585938
DA184,2019-11-22,12:00,79.6585464477539
DA184,2019-11-22,16:08,174.8197479248047
DA184,2019-11-23,8:18,160.8106994628906
DA184,2019-11-23,12:18,274.6246948242188
DA184,2019-11-23,17:48,226.3966522216797
DA184,2019-11-25,,145.4107055664062
DA184,2019-11-25,,106.4923477172852
DA184,2019-11-25,,81.19425201416016
DA184,2019-11-26,,157.0357055664062
DA184,2019-11-26,,231.5399932861328
DA184,2019-11-26,,732.1136474609375
DA184,2019-11-26,,33.59999847412109
DA184,2019-11-27,,155.1631927490234
DA184,2019-11-27,,102.2306213378906
DA184,2019-11-27,,199.4597015380859
DA184,2019-11-27,,0.0
DA184,2019-11-28,,155.6607055664062
DA184,2019-11-28,,297.7261657714844
DA184,2019-11-28,,113.2585525512695
DA184,2019-11-29,,387.8646850585938
DA184,2019-11-29,,83.3687515258789
DA184,2019-11-29,,447.1951293945312
DA185,2019-11-15,12:27,131.875
DA185,2019-11-15,17:49,487.6851806640625
DA185,2019-11-16,7:42,273.0925903320312
DA185,2019-11-16,12:00,325.2031860351562
DA185,2019-11-16,17:00,233.9990997314453
DA185,2019-11-16,19:07,0.0
DA185,2019-11-17,8:35,107.0
DA185,2019-11-17,12:00,279.1334228515625
DA185,2019-11-17,17:00,218.3650054931641
DA185,2019-11-17,19:34,132.2400054931641
DA185,2019-11-18,08:00,161.1197509765625
DA185,2019-11-18,11:35,191.7855072021484
DA185,2019-11-18,17:00,156.2471923828125
DA185,2019-11-18,21:19,0.0
DA185,2019-11-19,08:00,157.0357055664062
DA185,2019-11-19,12:00,281.3742065429688
DA185,2019-11-19,17:00,821.4273071289062
DA185,2019-11-19,19:49,0.0
DA185,2019-11-20,7:19,197.9566497802734
DA185,2019-11-20,12:00,299.30224609375
DA185,2019-11-20,17:00,269.3283386230469
DA185,2019-11-20,20:40,0.0
DA185,2019-11-21,7:42,252.4925994873047
DA185,2019-11-21,12:00,262.0799560546875
DA185,2019-11-21,17:00,131.1170959472656
DA185,2019-11-21,20:04,0.0
DA185,2019-11-22,08:00,398.8646850585938
DA185,2019-11-22,11:30,92.11710357666016
DA185,2019-11-22,16:57,296.4337463378906
DA185,2019-11-22,21:19,0.0
DA185,2019-11-23,7:27,209.2516479492188
DA185,2019-11-23,12:57,310.3709106445312
DA185,2019-11-23,17:00,206.5308074951172
DA185,2019-11-23,20:00,0.0
DA185,2019-11-24,7:05,107.0
DA185,2019-11-24,12:00,247.9870300292969
DA185,2019-11-24,17:00,231.4555053710938
DA185,2019-11-25,8:20,161.6607055664062
DA185,2019-11-25,12:00,76.4800033569336
DA185,2019-11-25,17:00,78.38849639892578
DA185,2019-11-25,19:53,0.0
DA185,2019-11-26,7:27,102.5787963867188
DA185,2019-11-26,12:00,231.5399932861328
DA185,2019-11-26,17:00,855.0272827148438
DA185,2019-11-26,20:46,33.59999847412109
DA185,2019-11-27,8:50,164.9156951904297
DA185,2019-11-27,12:00,104.5285034179688
DA185,2019-11-27,17:55,356.6365051269531
DA185,2019-11-27,21:42,0.0
DA185,2019-11-28,6:49,198.9516448974609
DA185,2019-11-28,12:00,245.2799530029297
DA185,2019-11-28,16:34,75.31710052490234
DA185,2019-11-28,20:00,33.59999847412109
DA185,2019-11-29,,420.8646850585938
DA185,2019-11-29,,82.73750305175781
DA185,2019-11-29,,540.5092163085938
DA185,2019-11-29,,0.0
DA186,2019-11-15,12:13,98.90625
DA186,2019-11-15,17:00,470.5116882324219
DA186,2019-11-16,08:00,233.9076995849609
DA186,2019-11-16,12:00,242.8292999267578
DA186,2019-11-16,17:00,74.80245208740234
DA186,2019-11-17,08:00,214.0
DA186,2019-11-17,12:00,173.1667022705078
DA186,2019-11-17,17:00,193.4479064941406
DA186,2019-11-18,8:54,145.4107055664062
DA186,2019-11-18,12:00,127.0391235351562
DA186,2019-11-18,17:06,161.8587036132812
DA186,2019-11-19,8:18,168.6607055664062
DA186,2019-11-19,11:58,186.7456512451172
DA186,2019-11-19,17:59,855.0272827148438
DA186,2019-11-20,7:10,164.9156951904297
DA186,2019-11-20,12:13,237.7781219482422
DA186,2019-11-20,17:00,215.6816253662109
DA186,2019-11-20,20:00,33.59999847412109
DA186,2019-11-21,08:00,132.8697509765625
DA186,2019-11-21,12:00,188.2355499267578
DA186,2019-11-21,17:00,513.8057861328125
DA186,2019-11-21,19:21,33.59999847412109
DA186,2019-11-22,8:58,167.4107055664062
DA186,2019-11-22,12:00,58.5171012878418
DA186,2019-11-22,17:29,262.833740234375
DA186,2019-11-23,7:28,407.6647033691406
DA186,2019-11-23,12:00,245.1098937988281
DA186,2019-11-23,17:00,74.80245208740234
DA186,2019-11-24,08:00,214.0
DA186,2019-11-24,12:00,142.0203247070312
DA186,2019-11-24,16:36,301.1246948242188
DA186,2019-11-25,7:28,243.9925994873047
DA186,2019-11-25,12:51,224.3694000244141
DA186,2019-11-25,16:44,270.975830078125
DA186,2019-11-26,6:43,190.0766448974609
DA186,2019-11-26,12:00,227.8306427001953
DA186,2019-11-26,17:00,855.0272827148438
DA186,2019-11-27,,197.9566497802734
DA186,2019-11-27,,299.30224609375
DA186,2019-11-27,,344.1779479980469
DA186,2019-11-28,,198.9516448974609
DA186,2019-11-28,,302.4755249023438
DA186,2019-11-28,,666.8272705078125
DA186,2019-11-29,,167.4107055664062
DA186,2019-11-29,,82.10624694824219
DA186,2019-11-29,,540.5092163085938
DA187,2019-11-15,12:01,86.85099792480469
DA187,2019-11-15,17:00,470.5116882324219
DA187,2019-11-16,6:46,233.9076995849609
DA187,2019-11-16,12:00,278.5755004882812
DA187,2019-11-16,17:00,233.9990997314453
DA187,2019-11-17,08:00,214.0
DA187,2019-11-17,12:00,257.2964477539062
DA187,2019-11-17,17:00,218.3650054931641
DA187,2019-11-18,7:16,210.9516448974609
DA187,2019-11-18,12:00,191.7855072021484
DA187,2019-11-18,17:00,189.8471984863281
DA187,2019-11-19,6:38,213.3266448974609
DA187,2019-11-19,12:00,268.9156494140625
DA187,2019-11-19,17:00,855.0272827148438
DA187,2019-11-19,19:42,33.59999847412109
DA187,2019-11-20,08:00,207.7091522216797
DA187,2019-11-20,12:00,313.2965087890625
DA187,2019-11-20,16:30,281.7868957519531
DA187,2019-11-21,08:00,209.2016448974609
DA187,2019-11-21,12:00,302.4755249023438
DA187,2019-11-21,17:30,679.2858276367188
DA187,2019-11-21,21:50,33.59999847412109
DA187,2019-11-22,7:49,200.4516448974609
DA187,2019-11-22,12:00,104.5756530761719
DA187,2019-11-22,17:00,310.4280090332031
DA187,2019-11-23,7:31,456.1056518554688
DA187,2019-11-23,12:01,328.2439880371094
DA187,2019-11-23,17:00,233.9990997314453
DA187,2019-11-24,6:53,214.0
DA187,2019-11-24,12:00,257.2964477539062
DA187,2019-11-24,17:00,395.7109985351562
DA187,2019-11-25,,227.7425994873047
DA187,2019-11-25,,224.3694000244141
DA187,2019-11-25,,318.5700988769531
DA187,2019-11-26,,246.3675994873047
DA187,2019-11-26,,268.9156494140625
DA187,2019-11-26,,855.0272827148438
DA187,2019-11-27,,230.9976043701172
DA187,2019-11-27,,313.2965087890625
DA187,2019-11-27,,344.1779479980469
DA187,2019-11-28,,231.9925994873047
DA187,2019-11-28,,302.4755249023438
DA187,2019-11-28,,666.8272705078125
DA187,2019-11-29,,211.4516448974609
DA187,2019-11-29,,131.875
DA187,2019-11-29,,574.856201171875
DA188,2019-11-15,11:48,131.875
DA188,2019-11-15,17:25,487.6851806640625
DA188,2019-11-16,08:00,249.3076934814453
DA188,2019-11-16,12:00,307.3301086425781
DA188,2019-11-16,16:58,206.0334777832031
DA188,2019-11-17,8:18,214.0
DA188,2019-11-17,12:58,226.1500549316406
DA188,2019-11-17,17:38,193.4479064941406
DA188,2019-11-18,7:18,145.4107055664062
DA188,2019-11-18,11:48,95.89275360107422
DA188,2019-11-18,17:00,175.8529510498047
DA188,2019-11-19,8:10,234.7425994873047
DA188,2019-11-19,12:00,227.8306427001953
DA188,2019-11-19,17:40,855.0272827148438
DA188,2019-11-19,22:03,33.59999847412109
DA188,2019-11-20,7:10,207.7091522216797
DA188,2019-11-20,11:48,299.30224609375
DA188,2019-11-20,17:13,240.5987243652344
DA188,2019-11-21,7:47,165.9107055664062
DA188,2019-11-21,12:25,235.9324188232422
DA188,2019-11-21,17:33,666.8272705078125
DA188,2019-11-21,20:00,33.59999847412109
DA188,2019-11-22,08:00,167.4107055664062
DA188,2019-11-22,12:25,104.5756530761719
DA188,2019-11-22,17:00,296.4337463378906
DA188,2019-11-23,6:32,423.064697265625
DA188,2019-11-23,12:00,310.3709106445312
DA188,2019-11-23,17:00,206.0334777832031
DA188,2019-11-24,7:10,214.0
DA188,2019-11-24,12:25,170.7130737304688
DA188,2019-11-24,17:03,326.0418090820312
DA188,2019-11-25,7:53,211.4925994873047
DA188,2019-11-25,12:58,224.3694000244141
DA188,2019-11-25,16:33,270.975830078125
DA188,2019-11-26,08:00,180.2857055664062
DA188,2019-11-26,12:00,181.7720947265625
DA188,2019-11-26,17:48,732.1136474609375
DA188,2019-11-27,7:25,174.6681976318359
DA188,2019-11-27,12:03,285.3080139160156
DA188,2019-11-27,17:33,331.7193908691406
DA188,2019-11-28,7:17,188.7016448974609
DA188,2019-11-28,12:23,237.9786529541016
DA188,2019-11-28,17:33,666.8272705078125
DA188,2019-11-29,,200.4516448974609
DA188,2019-11-29,,131.875
DA188,2019-11-29,,557.6826782226562
DA189,2019-11-15,11:50,115.0749969482422
DA189,2019-11-15,17:00,487.6851806640625
DA189,2019-11-16,6:30,282.3486633300781
DA189,2019-11-16,12:00,325.2031860351562
DA189,2019-11-16,17:00,206.0334777832031
DA189,2019-11-17,08:00,214.0
DA189,2019-11-17,12:00,226.1500549316406
DA189,2019-11-17,17:00,218.3650054931641
DA189,2019-11-18,6:40,194.7016448974609
DA189,2019-11-18,11:50,191.7855072021484
DA189,2019-11-18,16:49,175.8529510498047
DA189,2019-11-19,08:00,201.7016448974609
DA189,2019-11-19,11:15,227.8306427001953
DA189,2019-11-19,17:00,719.5272827148438
DA189,2019-11-19,21:42,33.59999847412109
DA189,2019-11-20,08:00,280.6427001953125
DA189,2019-11-20,12:00,265.7666320800781
DA189,2019-11-20,17:19,269.3283386230469
DA189,2019-11-21,6:57,165.9107055664062
DA189,2019-11-21,12:00,240.6817779541016
DA189,2019-11-21,17:00,666.8272705078125
DA189,2019-11-21,20:04,33.59999847412109
DA189,2019-11-22,6:34,178.4107055664062
DA189,2019-11-22,11:50,104.5756530761719
DA189,2019-11-22,16:19,310.4280090332031
DA189,2019-11-23,08:00,440.7056579589844
DA189,2019-11-23,12:00,280.8561096191406
DA189,2019-11-23,17:19,206.0334777832031
DA189,2019-11-24,8:09,214.0
DA189,2019-11-24,12:57,226.1500549316406
DA189,2019-11-24,17:00,383.25244140625
DA189,2019-11-25,7:57,178.4516448974609
DA189,2019-11-25,12:00,224.3694000244141
DA189,2019-11-25,17:19,270.975830078125
DA189,2019-11-26,6:19,246.3675994873047
DA189,2019-11-26,12:20,268.9156494140625
DA189,2019-11-26,17:45,855.0272827148438
DA189,2019-11-27,7:12,197.9566497802734
DA189,2019-11-27,11:50,299.30224609375
DA189,2019-11-27,16:27,344.1779479980469
DA189,2019-11-28,,231.9925994873047
DA189,2019-11-28,,333.3724060058594
DA189,2019-11-28,,654.3687133789062
DA189,2019-11-29,,200.4516448974609
DA189,2019-11-29,,115.7062530517578
DA189,2019-11-29,,574.856201171875
DA190,2019-11-15,12:00,83.3687515258789
DA190,2019-11-15,17:07,487.6851806640625
DA190,2019-11-15,21:37,0.0
DA190,2019-11-16,8:37,233.9076995849609
DA190,2019-11-16,12:00,209.2292938232422
DA190,2019-11-16,16:56,206.5308074951172
DA190,2019-11-16,21:37,87.5
DA190,2019-11-17,8:57,214.0
DA190,2019-11-17,12:00,195.0036773681641
DA190,2019-11-17,17:00,205.9064483642578
DA190,2019-11-18,6:32,161.6607055664062
DA190,2019-11-18,12:00,95.89275360107422
DA190,2019-11-18,17:26,175.8529510498047
DA190,2019-11-18,21:44,0.0
DA190,2019-11-19,7:37,213.3266448974609
DA190,2019-11-19,12:01,129.2631072998047
DA190,2019-11-19,16:37,855.0272827148438
DA190,2019-11-19,22:14,33.59999847412109
DA190,2019-11-20,8:14,164.9156951904297
DA190,2019-11-20,12:00,285.3080139160156
DA190,2019-11-20,17:00,215.6816253662109
DA190,2019-11-21,08:00,165.9107055664062
DA190,2019-11-21,12:00,266.8293151855469
DA190,2019-11-21,16:07,666.8272705078125
DA190,2019-11-21,20:52,121.0999984741211
DA190,2019-11-22,08:00,211.4516448974609
DA190,2019-11-22,11:01,58.5171012878418
DA190,2019-11-22,17:52,296.4337463378906
DA190,2019-11-22,20:52,0.0
DA190,2019-11-23,7:42,224.6516571044922
DA190,2019-11-23,11:37,245.1098937988281
DA190,2019-11-23,17:37,47.33414840698242
DA190,2019-11-24,7:37,214.0
DA190,2019-11-24,12:37,149.9796752929688
DA190,2019-11-24,17:22,301.1246948242188
DA190,2019-11-25,7:07,227.7425994873047
DA190,2019-11-25,12:52,224.3694000244141
DA190,2019-11-25,17:00,256.9815979003906
DA190,2019-11-26,7:37,201.7016448974609
DA190,2019-11-26,12:57,227.8306427001953
DA190,2019-11-26,17:52,719.5272827148438
DA190,2019-11-27,7:37,230.9976043701172
DA190,2019-11-27,12:00,299.30224609375
DA190,2019-11-27,17:37,356.6365051269531
DA190,2019-11-28,7:07,165.9107055664062
DA190,2019-11-28,12:00,302.4755249023438
DA190,2019-11-28,17:52,666.8272705078125
DA190,2019-11-29,7:37,200.4516448974609
DA190,2019-11-29,12:00,82.10624694824219
DA190,2019-11-29,17:00,574.856201171875
DA191,2019-11-15,12:37,65.9375
DA191,2019-11-15,17:22,365.390380859375
DA191,2019-11-16,7:52,233.9076995849609
DA191,2019-11-16,12:00,260.702392578125
DA191,2019-11-16,17:00,178.5651702880859
DA191,2019-11-17,8:43,214.0
DA191,2019-11-17,12:00,204.3130798339844
DA191,2019-11-17,16:56,205.9064483642578
DA191,2019-11-18,08:00,178.4516448974609
DA191,2019-11-18,12:00,95.89275360107422
DA191,2019-11-18,16:30,159.1853942871094
DA191,2019-11-19,7:52,201.7016448974609
DA191,2019-11-19,12:00,240.2891998291016
DA191,2019-11-19,17:48,793.5704956054688
DA191,2019-11-19,22:00,33.59999847412109
DA191,2019-11-20,08:00,313.6836547851562
DA191,2019-11-20,11:02,299.30224609375
DA191,2019-11-20,16:30,228.1401824951172
DA191,2019-11-21,7:47,165.9107055664062
DA191,2019-11-21,12:52,205.0355529785156
DA191,2019-11-21,17:37,666.8272705078125
DA191,2019-11-21,20:48,33.59999847412109
DA191,2019-11-22,7:22,123.3697509765625
DA191,2019-11-22,12:07,104.5756530761719
DA191,2019-11-22,17:12,263.6152648925781
DA191,2019-11-23,6:37,407.6647033691406
DA191,2019-11-23,12:30,280.8561096191406
DA191,2019-11-23,17:00,192.2993316650391
DA191,2019-11-24,08:00,214.0
DA191,2019-11-24,12:00,204.3130798339844
DA191,2019-11-24,17:37,383.25244140625
DA191,2019-11-25,7:07,243.9925994873047
DA191,2019-11-25,12:30,224.3694000244141
DA191,2019-11-25,17:00,284.9700927734375
DA191,2019-11-26,7:07,257.9926147460938
DA191,2019-11-26,12:22,268.9156494140625
DA191,2019-11-26,16:52,855.0272827148438
DA191,2019-11-27,7:52,240.7501068115234
DA191,2019-11-27,12:00,285.3080139160156
DA191,2019-11-27,17:00,356.6365051269531
DA191,2019-11-28,7:07,198.9516448974609
DA191,2019-11-28,13:00,333.3724060058594
DA191,2019-11-28,17:22,666.8272705078125
DA191,2019-11-29,,167.4107055664062
DA191,2019-11-29,,65.9375
DA191,2019-11-29,,557.6826782226562
DA192,2019-11-15,11:54,65.9375
DA192,2019-11-15,17:40,470.5116882324219
DA192,2019-11-16,8:35,233.9076995849609
DA192,2019-11-16,12:00,260.702392578125
DA192,2019-11-16,17:00,220.2649536132812
DA192,2019-11-17,7:09,214.0
DA192,2019-11-17,11:39,139.5667114257812
DA192,2019-11-17,17:58,180.5737457275391
DA192,2019-11-18,6:19,145.4107055664062
DA192,2019-11-18,12:00,160.6391296386719
DA192,2019-11-18,17:00,161.8587036132812
DA192,2019-11-19,08:00,213.3266448974609
DA192,2019-11-19,11:09,186.7456512451172
DA192,2019-11-19,17:00,732.1136474609375
DA192,2019-11-19,22:25,33.59999847412109
DA192,2019-11-20,6:25,164.9156951904297
DA192,2019-11-20,12:00,265.7666320800781
DA192,2019-11-20,17:00,256.8698120117188
DA192,2019-11-21,7:55,165.9107055664062
DA192,2019-11-21,11:39,169.3893280029297
DA192,2019-11-21,17:00,513.8057861328125
DA192,2019-11-21,20:00,33.59999847412109
DA192,2019-11-22,,167.4107055664062
DA192,2019-11-22,,58.5171012878418
DA192,2019-11-22,,249.6210021972656
DA192,2019-11-23,,440.7056579589844
DA192,2019-11-23,,262.9830017089844
DA192,2019-11-23,,164.3336944580078
DA192,2019-11-24,,214.0
DA192,2019-11-24,,117.7297286987305
DA192,2019-11-24,,395.7109985351562
DA192,2019-11-25,,243.9925994873047
DA192,2019-11-25,,224.3694000244141
DA192,2019-11-25,,270.975830078125
DA192,2019-11-26,,213.3266448974609
DA192,2019-11-26,,281.3742065429688
DA192,2019-11-26,,855.0272827148438
DA192,2019-11-27,,240.7501068115234
DA192,2019-11-27,,346.8965148925781
DA192,2019-11-27,,356.6365051269531
DA192,2019-11-28,,242.2425994873047
DA192,2019-11-28,,333.3724060058594
DA192,2019-11-28,,666.8272705078125
DA192,2019-11-29,,189.4516448974609
DA192,2019-11-29,,131.875
DA192,2019-11-29,,574.856201171875
DA194,2019-11-15,11:41,115.7062530517578
DA194,2019-11-15,17:11,470.5116882324219
DA194,2019-11-16,7:41,249.3076934814453
DA194,2019-11-16,12:19,289.4570007324219
DA194,2019-11-16,17:00,220.2649536132812
DA194,2019-11-17,08:00,214.0
DA194,2019-11-17,12:00,128.1427001953125
DA194,2019-11-17,17:00,193.4479064941406
DA194,2019-11-18,7:19,112.3697509765625
DA194,2019-11-18,11:11,127.0391235351562
DA194,2019-11-18,17:00,161.8587036132812
DA194,2019-11-19,08:00,191.9107055664062
DA194,2019-11-19,11:41,227.8306427001953
DA194,2019-11-19,17:49,855.0272827148438
DA194,2019-11-19,22:11,33.59999847412109
DA194,2019-11-20,8:56,197.9566497802734
DA194,2019-11-20,12:00,299.30224609375
DA194,2019-11-20,17:00,215.6816253662109
DA194,2019-11-21,7:32,155.6607055664062
DA194,2019-11-21,11:46,205.0355529785156
DA194,2019-11-21,17:00,501.3472595214844
DA194,2019-11-21,19:56,33.59999847412109
DA194,2019-11-22,7:45,178.4107055664062
DA194,2019-11-22,12:00,92.11710357666016
DA194,2019-11-22,17:11,282.4395141601562
DA194,2019-11-23,08:00,440.7056579589844
DA194,2019-11-23,12:00,262.9830017089844
DA194,2019-11-23,17:56,161.7651824951172
DA194,2019-11-24,08:00,214.0
DA194,2019-11-24,12:00,173.1667022705078
DA194,2019-11-24,16:34,383.25244140625
DA194,2019-11-25,8:46,112.3697509765625
DA194,2019-11-25,12:00,185.0770568847656
DA194,2019-11-25,17:00,190.0792999267578
DA194,2019-11-26,7:57,180.2857055664062
DA194,2019-11-26,12:56,240.2891998291016
DA194,2019-11-26,17:21,732.1136474609375
DA194,2019-11-27,7:19,207.7091522216797
DA194,2019-11-27,11:11,313.2965087890625
DA194,2019-11-27,17:00,344.1779479980469
DA194,2019-11-28,7:12,209.2016448974609
DA194,2019-11-28,12:41,271.5786437988281
DA194,2019-11-28,17:41,666.8272705078125
DA194,2019-11-29,,200.4516448974609
DA194,2019-11-29,,115.7062530517578
DA194,2019-11-29,,574.856201171875
DA195,2019-11-15,11:43,115.7062530517578
DA195,2019-11-15,17:00,470.5116882324219
DA195,2019-11-16,6:16,233.9076995849609
DA195,2019-11-16,12:28,307.3301086425781
DA195,2019-11-16,17:00,220.2649536132812
DA195,2019-11-17,08:00,214.0
DA195,2019-11-17,12:00,156.36669921875
DA195,2019-11-17,17:00,205.9064483642578
DA195,2019-11-18,8:47,177.9107055664062
DA195,2019-11-18,12:00,95.89275360107422
DA195,2019-11-18,17:57,175.8529510498047
DA195,2019-11-19,8:58,180.2857055664062
DA195,2019-11-19,12:00,215.3721008300781
DA195,2019-11-19,16:48,793.5704956054688
DA195,2019-11-19,22:07,33.59999847412109
DA195,2019-11-20,6:27,164.9156951904297
DA195,2019-11-20,12:00,299.30224609375
DA195,2019-11-20,17:00,269.3283386230469
DA195,2019-11-21,7:13,165.9107055664062
DA195,2019-11-21,12:43,235.9324188232422
DA195,2019-11-21,17:12,654.3687133789062
DA195,2019-11-21,21:57,33.59999847412109
DA195,2019-11-22,08:00,200.4516448974609
DA195,2019-11-22,12:00,92.11710357666016
DA195,2019-11-22,17:00,282.4395141601562
DA195,2019-11-23,8:28,407.6647033691406
DA195,2019-11-23,12:28,245.1098937988281
DA195,2019-11-23,17:00,206.5308074951172
DA195,2019-11-24,8:28,214.0
DA195,2019-11-24,12:43,173.1667022705078
DA195,2019-11-24,16:05,383.25244140625
DA195,2019-11-25,7:05,194.7016448974609
DA195,2019-11-25,12:35,224.3694000244141
DA195,2019-11-25,17:00,270.975830078125
DA195,2019-11-26,08:00,213.3266448974609
DA195,2019-11-26,12:50,145.66064453125
DA195,2019-11-26,17:22,793.5704956054688
DA195,2019-11-27,08:00,174.6681976318359
DA195,2019-11-27,12:00,299.30224609375
DA195,2019-11-27,17:18,344.1779479980469
DA195,2019-11-28,7:05,198.9516448974609
DA195,2019-11-28,12:52,271.5786437988281
DA195,2019-11-28,17:00,526.2643432617188
DA195,2019-11-29,6:43,167.4107055664062
DA195,2019-11-29,12:00,115.7062530517578
DA195,2019-11-29,17:00,557.6826782226562
DA197,2019-11-15,12:01,99.5374984741211
DA197,2019-11-15,18:00,470.5116882324219
DA197,2019-11-16,08:00,176.210693359375
DA197,2019-11-16,12:00,307.3301086425781
DA197,2019-11-16,17:00,103.2654037475586
DA197,2019-11-17,08:00,214.0
DA197,2019-11-17,12:00,204.3130798339844
DA197,2019-11-17,17:45,205.9064483642578
DA197,2019-11-18,08:00,145.4107055664062
DA197,2019-11-18,12:00,95.89275360107422
DA197,2019-11-18,17:15,161.8587036132812
DA197,2019-11-19,08:00,168.6607055664062
DA197,2019-11-19,12:00,227.8306427001953
DA197,2019-11-19,16:00,855.0272827148438
DA197,2019-11-19,20:34,33.59999847412109
DA197,2019-11-20,7:31,155.1631927490234
DA197,2019-11-20,12:00,299.30224609375
DA197,2019-11-20,17:56,256.8698120117188
DA197,2019-11-21,7:08,112.3697509765625
DA197,2019-11-21,12:00,235.9324188232422
DA197,2019-11-21,17:00,654.3687133789062
DA197,2019-11-21,20:15,33.59999847412109
DA197,2019-11-22,08:00,156.4107055664062
DA197,2019-11-22,12:00,58.5171012878418
DA197,2019-11-22,17:45,282.4395141601562
DA197,2019-11-23,08:00,407.6647033691406
DA197,2019-11-23,11:16,310.3709106445312
DA197,2019-11-23,17:49,63.37844848632812
DA197,2019-11-24,7:46,214.0
DA197,2019-11-24,12:23,139.5667114257812
DA197,2019-11-24,16:26,383.25244140625
DA197,2019-11-25,8:16,178.4516448974609
DA197,2019-11-25,12:00,224.3694000244141
DA197,2019-11-25,17:45,270.975830078125
DA197,2019-11-26,8:01,168.6607055664062
DA197,2019-11-26,12:00,186.7456512451172
DA197,2019-11-26,17:50,732.1136474609375
DA197,2019-11-27,7:16,197.9566497802734
DA197,2019-11-27,12:00,299.30224609375
DA197,2019-11-27,17:00,331.7193908691406
DA197,2019-11-28,08:00,188.7016448974609
DA197,2019-11-28,11:42,271.5786437988281
DA197,2019-11-28,16:30,666.8272705078125
DA197,2019-11-29,,189.4516448974609
DA197,2019-11-29,,82.10624694824219
DA197,2019-11-29,,574.856201171875
DA198,2019-11-15,11:46,70.6822509765625
DA198,2019-11-15,17:17,85.12049865722656
DA198,2019-11-16,08:00,282.3486633300781
DA198,2019-11-16,11:46,120.8192977905273
DA198,2019-11-16,17:00,49.6442985534668
DA198,2019-11-17,8:42,214.0
DA198,2019-11-17,12:00,127.0391235351562
DA198,2019-11-17,17:00,205.9064483642578
DA198,2019-11-18,6:07,177.9107055664062
DA198,2019-11-18,12:00,95.89275360107422
DA198,2019-11-18,17:52,92.38275146484375
DA198,2019-11-19,8:57,168.6607055664062
DA198,2019-11-19,12:00,104.5756530761719
DA198,2019-11-19,17:00,855.0272827148438
DA198,2019-11-19,20:37,33.59999847412109
DA198,2019-11-20,8:26,174.6681976318359
DA198,2019-11-20,12:00,299.30224609375
DA198,2019-11-20,17:00,104.5756530761719
DA198,2019-11-21,7:31,165.9107055664062
DA198,2019-11-21,12:00,174.138671875
DA198,2019-11-21,17:00,666.8272705078125
DA198,2019-11-21,19:17,33.59999847412109
DA198,2019-11-22,08:00,167.4107055664062
DA198,2019-11-22,12:16,58.5171012878418
DA198,2019-11-22,17:17,92.38275146484375
DA198,2019-11-23,8:12,407.6647033691406
DA198,2019-11-23,12:00,87.21929931640625
DA198,2019-11-23,17:00,74.80245208740234
DA198,2019-11-24,8:01,214.0
DA198,2019-11-24,12:00,127.0391235351562
DA198,2019-11-24,17:00,370.7939147949219
DA198,2019-11-25,7:31,161.6607055664062
DA198,2019-11-25,12:00,151.47705078125
DA198,2019-11-25,17:00,216.5333099365234
DA198,2019-11-26,7:46,201.7016448974609
DA198,2019-11-26,12:12,215.3721008300781
DA198,2019-11-26,16:47,732.1136474609375
DA198,2019-11-27,08:00,197.9566497802734
DA198,2019-11-27,12:31,299.30224609375
DA198,2019-11-27,17:37,284.2773742675781
DA198,2019-11-28,7:31,198.9516448974609
DA198,2019-11-28,12:31,235.9324188232422
DA198,2019-11-28,17:02,666.8272705078125
DA198,2019-11-29,,244.4925994873047
DA198,2019-11-29,,131.875
DA198,2019-11-29,,557.6826782226562
DA199,2019-11-15,11:48,99.5374984741211
DA199,2019-11-15,16:38,470.5116882324219
DA199,2019-11-16,08:00,249.3076934814453
DA199,2019-11-16,12:00,260.702392578125
DA199,2019-11-16,16:10,178.5651702880859
DA199,2019-11-17,08:00,214.0
DA199,2019-11-17,12:48,204.3130798339844
DA199,2019-11-17,17:33,172.3064575195312
DA199,2019-11-18,7:10,145.4107055664062
DA199,2019-11-18,12:00,84.46875
DA199,2019-11-18,17:03,175.8529510498047
DA199,2019-11-19,6:17,168.6607055664062
DA199,2019-11-19,12:25,186.7456512451172
DA199,2019-11-19,17:00,793.5704956054688
DA199,2019-11-19,20:00,33.59999847412109
DA199,2019-11-20,7:37,155.1631927490234
DA199,2019-11-20,12:00,299.30224609375
DA199,2019-11-20,17:00,269.3283386230469
DA199,2019-11-21,08:00,122.6197509765625
DA199,2019-11-21,12:00,235.9324188232422
DA199,2019-11-21,17:00,654.3687133789062
DA199,2019-11-21,21:10,33.59999847412109
DA199,2019-11-22,7:32,200.4516448974609
DA199,2019-11-22,11:48,104.5756530761719
DA199,2019-11-22,17:00,296.4337463378906
DA199,2019-11-23,08:00,423.064697265625
DA199,2019-11-23,12:00,310.3709106445312
DA199,2019-11-23,17:00,94.66829681396484
DA199,2019-11-24,08:00,214.0
DA199,2019-11-24,12:00,139.5667114257812
DA199,2019-11-24,17:00,370.7939147949219
DA199,2019-11-25,7:02,161.6607055664062
DA199,2019-11-25,12:33,185.0770568847656
DA199,2019-11-25,17:00,270.975830078125
DA199,2019-11-26,8:02,168.6607055664062
DA199,2019-11-26,12:00,227.8306427001953
DA199,2019-11-26,17:00,793.5704956054688
DA199,2019-11-27,6:17,207.7091522216797
DA199,2019-11-27,12:55,285.3080139160156
DA199,2019-11-27,17:33,187.0011444091797
DA199,2019-11-28,08:00,165.9107055664062
DA199,2019-11-28,12:00,266.8293151855469
DA199,2019-11-28,16:55,513.8057861328125
DA199,2019-11-29,,167.4107055664062
DA199,2019-11-29,,115.7062530517578
DA199,2019-11-29,,557.6826782226562
DA200,2019-11-15,11:33,54.51350021362305
DA200,2019-11-15,16:41,118.7204971313477
DA200,2019-11-16,08:00,282.3486633300781
DA200,2019-11-16,12:00,120.8192977905273
DA200,2019-11-16,17:00,144.9651794433594
DA200,2019-11-16,20:22,0.0
DA200,2019-11-17,8:03,214.0
DA200,2019-11-17,12:00,160.6391296386719
DA200,2019-11-17,17:00,180.5737457275391
DA200,2019-11-18,08:00,145.4107055664062
DA200,2019-11-18,12:00,95.89275360107422
DA200,2019-11-18,17:00,95.1884994506836
DA200,2019-11-19,8:26,168.6607055664062
DA200,2019-11-19,12:00,58.5171012878418
DA200,2019-11-19,17:26,793.5704956054688
DA200,2019-11-19,20:00,33.59999847412109
DA200,2019-11-20,,164.9156951904297
DA200,2019-11-20,,299.30224609375
DA200,2019-11-20,,117.0342025756836
DA200,2019-11-21,,165.9107055664062
DA200,2019-11-21,,209.7848968505859
DA200,2019-11-21,,666.8272705078125
DA200,2019-11-21,,33.59999847412109
DA200,2019-11-22,,211.4516448974609
DA200,2019-11-22,,92.11710357666016
DA200,2019-11-22,,109.182746887207
DA200,2019-11-23,,456.1056518554688
DA200,2019-11-23,,102.9461975097656
DA200,2019-11-23,,122.1365966796875
DA200,2019-11-24,,214.0
DA200,2019-11-24,,191.7855072021484
DA200,2019-11-24,,383.25244140625
DA200,2019-11-25,,178.4516448974609
DA200,2019-11-25,,224.3694000244141
DA200,2019-11-25,,123.177001953125
DA200,2019-11-26,,201.7016448974609
DA200,2019-11-26,,104.5756530761719
DA200,2019-11-26,,719.5272827148438
DA200,2019-11-27,,207.7091522216797
DA200,2019-11-27,,299.30224609375
DA200,2019-11-27,,104.5756530761719
DA200,2019-11-28,,198.9516448974609
DA200,2019-11-28,,209.7848968505859
DA200,2019-11-28,,666.8272705078125
DA200,2019-11-29,,200.4516448974609
DA200,2019-11-29,,99.5374984741211
DA200,2019-11-29,,557.6826782226562
