Sampleid,DAY,TIME,c_维生素C毫克
DA001,2019-10-29,7:13,4.125
DA001,2019-10-29,11:35,0.0
DA001,2019-10-29,17:00,17.02400016784668
DA001,2019-10-29,19:16,0.0
DA001,2019-10-30,7:20,9.6899995803833
DA001,2019-10-30,12:43,0.0
DA001,2019-10-30,17:00,55.58259963989258
DA001,2019-10-30,20:02,0.0
DA001,2019-10-31,08:00,0.0
DA001,2019-10-31,12:00,12.93319988250732
DA001,2019-10-31,16:13,82.50379943847656
DA001,2019-10-31,22:06,0.0
DA001,2019-11-01,8:50,0.0
DA001,2019-11-01,12:50,2.644200086593628
DA001,2019-11-01,17:36,78.24960327148438
DA001,2019-11-01,19:06,0.0
DA001,2019-11-10,7:50,0.0
DA001,2019-11-10,12:00,3.098400115966797
DA001,2019-11-10,17:36,107.5595016479492
DA001,2019-11-10,21:36,0.0
DA001,2019-11-11,,0.0
DA001,2019-11-11,,37.86320114135742
DA001,2019-11-11,,14.52639961242676
DA001,2019-11-12,,4.0
DA001,2019-11-12,,0.6345000267028809
DA001,2019-11-02,7:20,2.765000104904175
DA001,2019-11-02,12:43,3.514600038528442
DA001,2019-11-02,17:00,32.21939849853516
DA001,2019-11-02,19:43,15.11017608642578
DA001,2019-11-03,8:05,0.0
DA001,2019-11-03,12:00,0.0
DA001,2019-11-03,17:00,7.205999851226807
DA001,2019-11-03,22:51,0.0
DA001,2019-11-04,12:00,37.97150039672852
DA001,2019-11-04,17:00,0.0
DA001,2019-11-04,20:02,0.0
DA001,2019-11-05,08:00,4.0
DA001,2019-11-05,12:00,0.0
DA001,2019-11-05,17:00,10.56719970703125
DA001,2019-11-06,8:05,9.6899995803833
DA001,2019-11-06,11:20,0.0
DA001,2019-11-06,17:36,35.43899917602539
DA001,2019-11-06,21:11,0.0
DA001,2019-11-07,6:58,0.0
DA001,2019-11-07,12:28,1.730399966239929
DA001,2019-11-07,17:00,0.0
DA001,2019-11-07,20:00,0.0
DA001,2019-11-08,8:43,0.0
DA001,2019-11-08,12:00,4.217400074005127
DA001,2019-11-08,17:00,0.0
DA001,2019-11-08,21:58,87.69730377197266
DA001,2019-11-09,8:13,0.0
DA001,2019-11-09,12:05,0.0
DA001,2019-11-09,17:00,33.62189865112305
DA002,2019-10-29,08:00,4.125
DA002,2019-10-29,12:00,0.0
DA002,2019-10-29,17:16,8.51200008392334
DA002,2019-10-29,21:56,2.25
DA002,2019-10-30,8:01,9.6899995803833
DA002,2019-10-30,12:46,0.0
DA002,2019-10-30,17:00,27.79129981994629
DA002,2019-10-30,19:49,0.0
DA002,2019-10-31,08:00,0.0
DA002,2019-10-31,12:00,6.466599941253662
DA002,2019-10-31,17:26,41.25189971923828
DA002,2019-10-31,22:16,0.0
DA002,2019-11-01,08:00,0.0
DA002,2019-11-01,12:00,1.322100043296814
DA002,2019-11-01,17:41,39.12480163574219
DA002,2019-11-01,21:56,0.0
DA002,2019-11-10,08:00,0.0
DA002,2019-11-10,12:00,1.549200057983398
DA002,2019-11-10,17:41,53.77975082397461
DA002,2019-11-10,22:26,0.0
DA002,2019-11-11,,0.0
DA002,2019-11-11,,18.93160057067871
DA002,2019-11-11,,7.263199806213379
DA002,2019-11-11,,0.0
DA002,2019-11-12,,4.0
DA002,2019-11-12,,0.6345000267028809
DA002,2019-11-02,7:57,2.765000104904175
DA002,2019-11-02,12:34,1.757300019264221
DA002,2019-11-02,17:00,16.10969924926758
DA002,2019-11-02,20:16,0.0
DA002,2019-11-03,08:00,0.0
DA002,2019-11-03,12:00,0.0
DA002,2019-11-03,16:16,3.602999925613403
DA002,2019-11-03,22:06,0.0
DA002,2019-11-04,7:22,0.0
DA002,2019-11-04,12:00,18.98575019836426
DA002,2019-11-04,17:00,0.0
DA002,2019-11-04,19:16,0.0
DA002,2019-11-05,8:51,4.0
DA002,2019-11-05,12:00,0.0
DA002,2019-11-05,17:00,5.283599853515625
DA002,2019-11-05,21:49,0.0
DA002,2019-11-06,7:19,9.6899995803833
DA002,2019-11-06,12:00,0.0
DA002,2019-11-06,17:00,17.7194995880127
DA002,2019-11-06,19:06,0.0
DA002,2019-11-07,7:12,0.0
DA002,2019-11-07,12:11,0.8651999831199646
DA002,2019-11-07,17:00,0.0
DA002,2019-11-07,19:21,0.0
DA002,2019-11-08,6:12,0.0
DA002,2019-11-08,12:56,2.108700037002563
DA002,2019-11-08,17:00,40.95000076293945
DA002,2019-11-09,8:53,2.940000057220459
DA002,2019-11-09,12:00,0.0
DA002,2019-11-09,17:00,16.81094932556152
DA002,2019-11-09,22:49,0.0
DA003,2019-10-29,8:16,4.125
DA003,2019-10-29,12:00,0.0
DA003,2019-10-29,17:07,17.02400016784668
DA003,2019-10-30,08:00,9.6899995803833
DA003,2019-10-30,12:45,0.0
DA003,2019-10-30,17:27,55.58259963989258
DA003,2019-10-30,21:45,0.0
DA003,2019-10-31,7:47,0.0
DA003,2019-10-31,12:15,12.93319988250732
DA003,2019-10-31,17:00,82.50379943847656
DA003,2019-10-31,20:00,0.0
DA003,2019-11-01,7:49,0.0
DA003,2019-11-01,12:00,2.644200086593628
DA003,2019-11-01,17:00,78.24960327148438
DA003,2019-11-01,20:15,0.0
DA003,2019-11-10,8:41,0.0
DA003,2019-11-10,12:00,3.098400115966797
DA003,2019-11-10,17:00,107.5595016479492
DA003,2019-11-11,,0.0
DA003,2019-11-11,,37.86320114135742
DA003,2019-11-11,,14.52639961242676
DA003,2019-11-12,,4.0
DA003,2019-11-12,,0.6345000267028809
DA003,2019-11-12,,0.0
DA003,2019-11-02,08:00,2.765000104904175
DA003,2019-11-02,12:00,3.514600038528442
DA003,2019-11-02,17:37,32.21939849853516
DA003,2019-11-02,22:18,0.0
DA003,2019-11-03,7:07,0.0
DA003,2019-11-03,12:00,0.0
DA003,2019-11-03,17:00,7.205999851226807
DA003,2019-11-04,6:38,0.0
DA003,2019-11-04,12:00,37.97150039672852
DA003,2019-11-04,17:00,0.0
DA003,2019-11-05,7:26,4.0
DA003,2019-11-05,12:30,0.0
DA003,2019-11-05,17:00,10.56719970703125
DA003,2019-11-06,08:00,9.6899995803833
DA003,2019-11-06,12:00,0.0
DA003,2019-11-06,17:00,35.43899917602539
DA003,2019-11-07,6:27,0.0
DA003,2019-11-07,11:00,1.730399966239929
DA003,2019-11-07,17:00,0.0
DA003,2019-11-08,8:07,0.0
DA003,2019-11-08,12:00,4.217400074005127
DA003,2019-11-08,17:00,81.9000015258789
DA003,2019-11-09,7:22,2.940000057220459
DA003,2019-11-09,12:52,0.0
DA003,2019-11-09,17:00,33.62189865112305
DA004,2019-10-29,7:27,4.125
DA004,2019-10-29,12:00,0.0
DA004,2019-10-29,17:00,17.02400016784668
DA004,2019-10-30,08:00,9.6899995803833
DA004,2019-10-30,12:00,0.0
DA004,2019-10-30,17:00,55.58259963989258
DA004,2019-10-31,08:00,0.0
DA004,2019-10-31,12:00,12.93319988250732
DA004,2019-10-31,17:10,82.50379943847656
DA004,2019-11-01,08:00,0.0
DA004,2019-11-01,12:00,2.644200086593628
DA004,2019-11-01,16:00,78.24960327148438
DA004,2019-11-01,21:19,0.0
DA004,2019-11-10,,0.0
DA004,2019-11-10,,3.098400115966797
DA004,2019-11-10,,107.5595016479492
DA004,2019-11-11,,0.0
DA004,2019-11-11,,37.86320114135742
DA004,2019-11-11,,14.52639961242676
DA004,2019-11-12,,4.0
DA004,2019-11-12,,0.6345000267028809
DA004,2019-11-12,,0.0
DA004,2019-11-02,08:00,2.765000104904175
DA004,2019-11-02,12:00,3.514600038528442
DA004,2019-11-02,17:00,32.21939849853516
DA004,2019-11-02,19:53,0.0
DA004,2019-11-03,08:00,0.0
DA004,2019-11-03,12:00,0.0
DA004,2019-11-03,16:23,7.205999851226807
DA004,2019-11-03,22:00,0.0
DA004,2019-11-04,08:00,0.0
DA004,2019-11-04,11:15,37.97150039672852
DA004,2019-11-04,17:34,0.0
DA004,2019-11-04,21:04,0.0
DA004,2019-11-05,08:00,4.0
DA004,2019-11-05,12:00,0.0
DA004,2019-11-05,17:00,10.56719970703125
DA004,2019-11-05,19:55,0.0
DA004,2019-11-06,8:57,9.6899995803833
DA004,2019-11-06,12:00,0.0
DA004,2019-11-06,17:30,35.43899917602539
DA004,2019-11-06,21:12,0.0
DA004,2019-11-07,8:09,0.0
DA004,2019-11-07,12:57,1.730399966239929
DA004,2019-11-07,17:30,0.0
DA004,2019-11-08,7:35,0.0
DA004,2019-11-08,12:27,4.217400074005127
DA004,2019-11-08,17:00,81.9000015258789
DA004,2019-11-09,,2.940000057220459
DA004,2019-11-09,,0.0
DA004,2019-11-09,,33.62189865112305
DA005,2019-10-29,8:50,4.125
DA005,2019-10-29,12:00,0.0
DA005,2019-10-29,17:49,17.02400016784668
DA005,2019-10-29,21:55,0.0
DA005,2019-10-30,08:00,9.6899995803833
DA005,2019-10-30,12:00,0.0
DA005,2019-10-30,17:00,55.58259963989258
DA005,2019-10-30,20:34,2.25
DA005,2019-10-31,8:09,0.0
DA005,2019-10-31,11:54,12.93319988250732
DA005,2019-10-31,17:00,82.50379943847656
DA005,2019-10-31,21:00,0.0
DA005,2019-11-01,08:00,0.0
DA005,2019-11-01,12:00,2.644200086593628
DA005,2019-11-01,17:25,78.24960327148438
DA005,2019-11-01,20:45,0.0
DA005,2019-11-10,,0.0
DA005,2019-11-10,,3.098400115966797
DA005,2019-11-10,,107.5595016479492
DA005,2019-11-11,,0.0
DA005,2019-11-11,,37.86320114135742
DA005,2019-11-11,,14.52639961242676
DA005,2019-11-12,,4.0
DA005,2019-11-12,,0.6345000267028809
DA005,2019-11-12,,0.0
DA005,2019-11-02,08:00,2.765000104904175
DA005,2019-11-02,12:00,3.514600038528442
DA005,2019-11-02,17:00,32.21939849853516
DA005,2019-11-02,20:34,0.0
DA005,2019-11-03,08:00,0.0
DA005,2019-11-03,12:00,0.0
DA005,2019-11-03,17:00,7.205999851226807
DA005,2019-11-03,20:34,0.0
DA005,2019-11-04,8:32,0.0
DA005,2019-11-04,12:00,37.97150039672852
DA005,2019-11-04,17:00,0.0
DA005,2019-11-04,21:25,0.0
DA005,2019-11-05,8:24,4.0
DA005,2019-11-05,12:39,0.0
DA005,2019-11-05,17:40,10.56719970703125
DA005,2019-11-05,21:25,0.0
DA005,2019-11-06,8:09,9.6899995803833
DA005,2019-11-06,12:47,0.0
DA005,2019-11-06,17:00,35.43899917602539
DA005,2019-11-06,21:02,0.0
DA005,2019-11-07,8:54,0.0
DA005,2019-11-07,12:00,1.730399966239929
DA005,2019-11-07,17:00,0.0
DA005,2019-11-07,21:25,0.0
DA005,2019-11-08,,0.0
DA005,2019-11-08,,4.217400074005127
DA005,2019-11-08,,81.9000015258789
DA005,2019-11-09,,0.0
DA005,2019-11-09,,0.0
DA005,2019-11-09,,33.62189865112305
DA006,2019-10-29,08:00,4.125
DA006,2019-10-29,12:00,0.0
DA006,2019-10-29,17:00,17.02400016784668
DA006,2019-10-30,7:22,9.6899995803833
DA006,2019-10-30,12:12,0.0
DA006,2019-10-30,17:00,55.58259963989258
DA006,2019-10-30,21:44,0.0
DA006,2019-10-31,6:32,0.0
DA006,2019-10-31,12:52,12.93319988250732
DA006,2019-10-31,17:00,82.50379943847656
DA006,2019-10-31,22:52,0.0
DA006,2019-11-01,7:37,0.0
DA006,2019-11-01,12:00,2.644200086593628
DA006,2019-11-01,17:00,78.24960327148438
DA006,2019-11-01,19:17,0.0
DA006,2019-11-10,,0.0
DA006,2019-11-10,,3.098400115966797
DA006,2019-11-10,,107.5595016479492
DA006,2019-11-11,,0.0
DA006,2019-11-11,,37.86320114135742
DA006,2019-11-11,,14.52639961242676
DA006,2019-11-12,,4.0
DA006,2019-11-12,,0.6345000267028809
DA006,2019-11-12,,0.0
DA006,2019-11-02,08:00,2.765000104904175
DA006,2019-11-02,12:00,3.514600038528442
DA006,2019-11-02,17:00,32.21939849853516
DA006,2019-11-02,20:32,0.0
DA006,2019-11-03,8:29,0.0
DA006,2019-11-03,12:00,0.0
DA006,2019-11-03,17:00,7.205999851226807
DA006,2019-11-04,08:00,0.0
DA006,2019-11-04,12:00,37.97150039672852
DA006,2019-11-04,17:00,0.0
DA006,2019-11-05,,4.0
DA006,2019-11-05,,0.0
DA006,2019-11-05,,10.56719970703125
DA006,2019-11-06,,9.6899995803833
DA006,2019-11-06,,0.0
DA006,2019-11-06,,35.43899917602539
DA006,2019-11-07,,0.0
DA006,2019-11-07,,1.730399966239929
DA006,2019-11-07,,0.0
DA006,2019-11-08,,0.0
DA006,2019-11-08,,4.217400074005127
DA006,2019-11-08,,81.9000015258789
DA006,2019-11-09,,2.940000057220459
DA006,2019-11-09,,0.0
DA006,2019-11-09,,33.62189865112305
DA007,2019-10-29,08:00,4.125
DA007,2019-10-29,12:00,0.0
DA007,2019-10-29,17:00,17.02400016784668
DA007,2019-10-29,22:18,0.0
DA007,2019-10-30,8:51,0.0
DA007,2019-10-30,12:00,0.0
DA007,2019-10-30,17:00,55.58259963989258
DA007,2019-10-30,21:14,0.0
DA007,2019-10-31,7:59,0.0
DA007,2019-10-31,12:51,12.93319988250732
DA007,2019-10-31,17:00,82.50379943847656
DA007,2019-10-31,19:09,0.0
DA007,2019-11-01,8:58,0.0
DA007,2019-11-01,12:13,2.644200086593628
DA007,2019-11-01,17:00,78.24960327148438
DA007,2019-11-01,19:24,0.0
DA007,2019-11-10,08:00,0.0
DA007,2019-11-10,12:00,3.098400115966797
DA007,2019-11-10,17:44,107.5595016479492
DA007,2019-11-10,22:29,0.0
DA007,2019-11-11,,0.0
DA007,2019-11-11,,37.86320114135742
DA007,2019-11-11,,14.52639961242676
DA007,2019-11-12,,4.0
DA007,2019-11-12,,0.6345000267028809
DA007,2019-11-02,6:29,2.765000104904175
DA007,2019-11-02,12:43,3.514600038528442
DA007,2019-11-02,17:29,32.21939849853516
DA007,2019-11-02,21:29,0.0
DA007,2019-11-03,7:59,0.0
DA007,2019-11-03,12:00,0.0
DA007,2019-11-03,17:00,7.205999851226807
DA007,2019-11-03,21:14,0.0
DA007,2019-11-04,7:29,0.0
DA007,2019-11-04,12:43,37.97150039672852
DA007,2019-11-04,17:00,0.0
DA007,2019-11-04,22:06,0.0
DA007,2019-11-05,7:13,4.0
DA007,2019-11-05,11:48,0.0
DA007,2019-11-05,17:00,10.56719970703125
DA007,2019-11-05,22:44,0.0
DA007,2019-11-06,7:14,9.6899995803833
DA007,2019-11-06,12:00,0.0
DA007,2019-11-06,17:39,35.43899917602539
DA007,2019-11-06,22:06,0.0
DA007,2019-11-07,7:21,0.0
DA007,2019-11-07,12:51,1.730399966239929
DA007,2019-11-07,17:00,0.0
DA007,2019-11-07,20:25,0.0
DA007,2019-11-08,8:51,0.0
DA007,2019-11-08,12:28,4.217400074005127
DA007,2019-11-08,17:06,81.9000015258789
DA007,2019-11-08,19:51,0.0
DA007,2019-11-09,7:53,2.940000057220459
DA007,2019-11-09,12:36,0.0
DA007,2019-11-09,17:00,33.62189865112305
DA007,2019-11-09,22:51,0.0
DA008,2019-10-29,08:00,4.125
DA008,2019-10-29,12:00,0.0
DA008,2019-10-29,17:00,17.02400016784668
DA008,2019-10-29,20:55,0.0
DA008,2019-10-30,6:10,9.6899995803833
DA008,2019-10-30,12:39,0.0
DA008,2019-10-30,17:00,55.58259963989258
DA008,2019-10-30,22:02,0.0
DA008,2019-10-31,08:00,0.0
DA008,2019-10-31,12:00,12.93319988250732
DA008,2019-10-31,17:00,82.50379943847656
DA008,2019-10-31,20:15,0.0
DA008,2019-11-01,08:00,0.0
DA008,2019-11-01,12:00,2.644200086593628
DA008,2019-11-01,17:00,78.24960327148438
DA008,2019-11-01,20:25,0.0
DA008,2019-11-10,08:00,0.0
DA008,2019-11-10,12:00,3.098400115966797
DA008,2019-11-10,17:00,107.5595016479492
DA008,2019-11-10,19:00,0.0
DA008,2019-11-11,,0.0
DA008,2019-11-11,,37.86320114135742
DA008,2019-11-11,,14.52639961242676
DA008,2019-11-11,,0.0
DA008,2019-11-12,,4.0
DA008,2019-11-12,,0.6345000267028809
DA008,2019-11-02,08:00,2.765000104904175
DA008,2019-11-02,12:00,3.514600038528442
DA008,2019-11-02,16:25,32.21939849853516
DA008,2019-11-03,08:00,0.0
DA008,2019-11-03,12:00,0.0
DA008,2019-11-03,17:00,7.205999851226807
DA008,2019-11-03,20:40,0.0
DA008,2019-11-04,7:47,0.0
DA008,2019-11-04,11:45,37.97150039672852
DA008,2019-11-04,17:15,0.0
DA008,2019-11-04,21:55,0.0
DA008,2019-11-05,08:00,4.0
DA008,2019-11-05,12:00,0.0
DA008,2019-11-05,17:00,10.56719970703125
DA008,2019-11-05,20:34,0.0
DA008,2019-11-06,7:55,9.6899995803833
DA008,2019-11-06,12:00,0.0
DA008,2019-11-06,17:45,35.43899917602539
DA008,2019-11-06,21:40,0.0
DA008,2019-11-07,08:00,0.0
DA008,2019-11-07,12:00,1.730399966239929
DA008,2019-11-07,16:00,0.0
DA008,2019-11-07,21:21,81.9000015258789
DA008,2019-11-08,08:00,0.0
DA008,2019-11-08,12:00,4.217400074005127
DA008,2019-11-08,17:00,0.0
DA008,2019-11-08,19:58,0.0
DA008,2019-11-09,08:00,2.940000057220459
DA008,2019-11-09,12:45,0.0
DA008,2019-11-09,17:30,33.62189865112305
DA008,2019-11-09,22:10,0.0
DA009,2019-10-29,7:12,4.125
DA009,2019-10-29,12:00,0.0
DA009,2019-10-29,17:00,17.02400016784668
DA009,2019-10-30,7:45,9.6899995803833
DA009,2019-10-30,12:00,0.0
DA009,2019-10-30,17:00,55.58259963989258
DA009,2019-10-31,7:19,0.0
DA009,2019-10-31,11:50,12.93319988250732
DA009,2019-10-31,17:34,82.50379943847656
DA009,2019-11-01,7:12,0.0
DA009,2019-11-01,12:05,2.644200086593628
DA009,2019-11-01,17:49,78.24960327148438
DA009,2019-11-10,6:30,0.0
DA009,2019-11-10,12:00,3.098400115966797
DA009,2019-11-10,17:00,107.5595016479492
DA009,2019-11-11,,0.0
DA009,2019-11-11,,37.86320114135742
DA009,2019-11-11,,14.52639961242676
DA009,2019-11-12,,4.0
DA009,2019-11-12,,0.6345000267028809
DA009,2019-11-12,,0.0
DA009,2019-11-02,6:45,2.765000104904175
DA009,2019-11-02,12:00,3.514600038528442
DA009,2019-11-02,17:00,32.21939849853516
DA009,2019-11-03,7:27,0.0
DA009,2019-11-03,11:09,0.0
DA009,2019-11-03,16:04,7.205999851226807
DA009,2019-11-04,12:35,37.97150039672852
DA009,2019-11-04,17:00,0.0
DA009,2019-11-05,8:00,4.0
DA009,2019-11-05,12:00,0.0
DA009,2019-11-05,17:00,10.56719970703125
DA009,2019-11-06,08:00,9.6899995803833
DA009,2019-11-06,12:00,0.0
DA009,2019-11-06,16:55,35.43899917602539
DA009,2019-11-07,7:20,0.0
DA009,2019-11-07,11:35,1.730399966239929
DA009,2019-11-07,17:00,0.0
DA009,2019-11-08,7:05,0.0
DA009,2019-11-08,11:54,4.217400074005127
DA009,2019-11-08,17:00,81.9000015258789
DA009,2019-11-09,7:27,2.940000057220459
DA009,2019-11-09,12:05,0.0
DA009,2019-11-09,17:49,33.62189865112305
DA010,2019-10-29,7:49,4.125
DA010,2019-10-29,12:15,0.0
DA010,2019-10-29,17:00,17.02400016784668
DA010,2019-10-29,20:07,0.0
DA010,2019-10-30,7:00,9.6899995803833
DA010,2019-10-30,12:00,0.0
DA010,2019-10-30,17:00,55.58259963989258
DA010,2019-10-30,21:15,0.0
DA010,2019-10-31,7:12,0.0
DA010,2019-10-31,12:37,12.93319988250732
DA010,2019-10-31,17:00,82.50379943847656
DA010,2019-10-31,20:11,0.0
DA010,2019-11-01,08:00,0.0
DA010,2019-11-01,11:20,2.644200086593628
DA010,2019-11-01,16:52,78.24960327148438
DA010,2019-11-01,20:48,0.0
DA010,2019-11-10,8:00,0.0
DA010,2019-11-10,13:00,3.098400115966797
DA010,2019-11-10,17:00,107.5595016479492
DA010,2019-11-11,,0.0
DA010,2019-11-11,,37.86320114135742
DA010,2019-11-11,,14.52639961242676
DA010,2019-11-12,,4.0
DA010,2019-11-12,,0.6345000267028809
DA010,2019-11-02,08:00,2.765000104904175
DA010,2019-11-02,12:00,3.514600038528442
DA010,2019-11-02,17:00,32.21939849853516
DA010,2019-11-02,20:55,0.0
DA010,2019-11-03,8:00,0.0
DA010,2019-11-03,12:00,0.0
DA010,2019-11-03,17:00,7.205999851226807
DA010,2019-11-03,20:03,0.0
DA010,2019-11-04,12:00,37.97150039672852
DA010,2019-11-04,19:55,0.0
DA010,2019-11-05,08:00,4.0
DA010,2019-11-05,12:00,0.0
DA010,2019-11-05,17:00,10.56719970703125
DA010,2019-11-05,20:25,0.09470999985933304
DA010,2019-11-06,7:07,9.6899995803833
DA010,2019-11-06,12:52,0.0
DA010,2019-11-06,17:00,35.43899917602539
DA010,2019-11-06,19:56,0.0
DA010,2019-11-07,08:00,0.0
DA010,2019-11-07,12:00,1.730399966239929
DA010,2019-11-07,17:00,0.0
DA010,2019-11-07,21:37,0.0
DA010,2019-11-08,7:00,0.0
DA010,2019-11-08,12:37,4.217400074005127
DA010,2019-11-08,18:00,81.9000015258789
DA010,2019-11-08,21:30,0.0
DA010,2019-11-09,7:40,2.940000057220459
DA010,2019-11-09,12:15,0.0
DA010,2019-11-09,17:00,33.62189865112305
DA010,2019-11-09,20:55,0.0
DA011,2019-10-29,7:13,4.125
DA011,2019-10-29,12:00,0.0
DA011,2019-10-29,17:00,17.02400016784668
DA011,2019-10-30,7:58,9.6899995803833
DA011,2019-10-30,12:58,0.0
DA011,2019-10-30,17:00,55.58259963989258
DA011,2019-10-31,7:20,0.0
DA011,2019-10-31,11:58,12.93319988250732
DA011,2019-10-31,17:42,82.50379943847656
DA011,2019-11-01,7:52,0.0
DA011,2019-11-01,12:58,2.644200086593628
DA011,2019-11-01,17:00,78.24960327148438
DA011,2019-11-10,7:13,0.0
DA011,2019-11-10,12:00,3.098400115966797
DA011,2019-11-10,17:00,107.5595016479492
DA011,2019-11-11,,0.0
DA011,2019-11-11,,37.86320114135742
DA011,2019-11-11,,14.52639961242676
DA011,2019-11-12,,4.0
DA011,2019-11-12,,0.6345000267028809
DA011,2019-11-02,7:28,5.53000020980835
DA011,2019-11-02,12:17,3.514600038528442
DA011,2019-11-02,17:00,32.21939849853516
DA011,2019-11-03,6:58,0.0
DA011,2019-11-03,12:00,0.0
DA011,2019-11-03,17:00,7.205999851226807
DA011,2019-11-03,19:27,33.15999984741211
DA011,2019-11-04,12:13,18.98575019836426
DA011,2019-11-04,17:00,0.0
DA011,2019-11-04,19:17,0.0
DA011,2019-11-05,8:13,4.0
DA011,2019-11-05,12:00,0.0
DA011,2019-11-05,17:00,10.56719970703125
DA011,2019-11-06,6:43,9.6899995803833
DA011,2019-11-06,12:58,0.0
DA011,2019-11-06,17:00,35.43899917602539
DA011,2019-11-07,08:00,0.0
DA011,2019-11-07,12:00,0.0
DA011,2019-11-07,17:42,0.0
DA011,2019-11-08,8:58,0.0
DA011,2019-11-08,12:58,4.217400074005127
DA011,2019-11-08,17:57,81.9000015258789
DA011,2019-11-09,08:00,5.880000114440918
DA011,2019-11-09,12:58,0.0
DA011,2019-11-09,17:00,33.62189865112305
DA012,2019-10-29,6:25,4.125
DA012,2019-10-29,12:00,0.0
DA012,2019-10-29,17:00,17.02400016784668
DA012,2019-10-30,08:00,9.6899995803833
DA012,2019-10-30,12:00,0.0
DA012,2019-10-30,17:49,55.58259963989258
DA012,2019-10-31,7:12,0.0
DA012,2019-10-31,11:45,12.93319988250732
DA012,2019-10-31,17:19,82.50379943847656
DA012,2019-11-01,6:25,0.0
DA012,2019-11-01,12:05,2.644200086593628
DA012,2019-11-01,17:00,78.24960327148438
DA012,2019-11-10,,0.0
DA012,2019-11-10,,3.098400115966797
DA012,2019-11-10,,107.5595016479492
DA012,2019-11-11,,0.0
DA012,2019-11-11,,37.86320114135742
DA012,2019-11-11,,14.52639961242676
DA012,2019-11-12,,4.0
DA012,2019-11-12,,0.6345000267028809
DA012,2019-11-12,,0.0
DA012,2019-11-02,7:20,2.765000104904175
DA012,2019-11-02,12:05,3.514600038528442
DA012,2019-11-02,16:45,32.21939849853516
DA012,2019-11-03,,0.0
DA012,2019-11-03,,0.0
DA012,2019-11-03,,7.205999851226807
DA012,2019-11-04,,37.97150039672852
DA012,2019-11-04,,0.0
DA012,2019-11-05,,4.0
DA012,2019-11-05,,0.0
DA012,2019-11-05,,10.56719970703125
DA012,2019-11-06,,9.6899995803833
DA012,2019-11-06,,0.0
DA012,2019-11-06,,35.43899917602539
DA012,2019-11-07,,0.0
DA012,2019-11-07,,1.730399966239929
DA012,2019-11-07,,0.0
DA012,2019-11-08,,0.0
DA012,2019-11-08,,4.217400074005127
DA012,2019-11-08,,81.9000015258789
DA012,2019-11-09,,2.940000057220459
DA012,2019-11-09,,0.0
DA012,2019-11-09,,33.62189865112305
DA013,2019-10-29,7:19,4.125
DA013,2019-10-29,12:41,0.0
DA013,2019-10-29,17:00,17.02400016784668
DA013,2019-10-29,19:53,0.0
DA013,2019-10-30,7:41,9.6899995803833
DA013,2019-10-30,12:00,0.0
DA013,2019-10-30,17:00,55.58259963989258
DA013,2019-10-30,20:41,0.0
DA013,2019-10-31,8:41,0.0
DA013,2019-10-31,11:41,12.93319988250732
DA013,2019-10-31,17:00,82.50379943847656
DA013,2019-10-31,21:26,0.0
DA013,2019-11-01,8:34,0.0
DA013,2019-11-01,12:49,2.644200086593628
DA013,2019-11-01,17:00,78.24960327148438
DA013,2019-11-01,20:00,0.0
DA013,2019-11-10,7:19,0.0
DA013,2019-11-10,12:49,3.098400115966797
DA013,2019-11-10,17:00,107.5595016479492
DA013,2019-11-11,,0.0
DA013,2019-11-11,,37.86320114135742
DA013,2019-11-11,,14.52639961242676
DA013,2019-11-12,,4.0
DA013,2019-11-12,,0.6345000267028809
DA013,2019-11-12,,0.0
DA013,2019-11-02,08:00,2.765000104904175
DA013,2019-11-02,12:00,3.514600038528442
DA013,2019-11-02,17:00,32.21939849853516
DA013,2019-11-02,21:49,0.0
DA013,2019-11-03,08:00,0.0
DA013,2019-11-03,12:00,0.0
DA013,2019-11-03,17:00,7.205999851226807
DA013,2019-11-03,21:46,0.0
DA013,2019-11-04,12:41,37.97150039672852
DA013,2019-11-04,16:56,0.0
DA013,2019-11-04,21:41,0.0
DA013,2019-11-05,08:00,4.0
DA013,2019-11-05,12:00,0.0
DA013,2019-11-05,17:56,10.56719970703125
DA013,2019-11-05,20:56,0.0
DA013,2019-11-06,08:00,9.6899995803833
DA013,2019-11-06,11:11,0.0
DA013,2019-11-06,17:41,35.43899917602539
DA013,2019-11-06,22:19,0.0
DA013,2019-11-07,8:49,0.0
DA013,2019-11-07,12:56,1.730399966239929
DA013,2019-11-07,17:00,0.0
DA013,2019-11-07,19:21,0.0
DA013,2019-11-08,7:19,0.0
DA013,2019-11-08,12:11,4.217400074005127
DA013,2019-11-08,17:00,81.9000015258789
DA013,2019-11-08,21:56,0.0
DA013,2019-11-09,6:57,2.940000057220459
DA013,2019-11-09,12:11,0.0
DA013,2019-11-09,17:00,33.62189865112305
DA013,2019-11-09,21:49,0.0
DA014,2019-10-29,8:54,4.125
DA014,2019-10-29,12:00,0.0
DA014,2019-10-29,16:47,17.02400016784668
DA014,2019-10-30,8:54,0.0
DA014,2019-10-30,12:00,0.0
DA014,2019-10-30,17:00,55.58259963989258
DA014,2019-10-30,20:21,0.0
DA014,2019-10-31,08:00,0.0
DA014,2019-10-31,12:00,12.93319988250732
DA014,2019-10-31,17:25,82.50379943847656
DA014,2019-10-31,21:32,0.0
DA014,2019-11-01,08:00,0.0
DA014,2019-11-01,12:00,2.644200086593628
DA014,2019-11-01,17:25,78.24960327148438
DA014,2019-11-01,21:45,0.0
DA014,2019-11-10,8:47,0.0
DA014,2019-11-10,12:00,3.098400115966797
DA014,2019-11-10,17:00,107.5595016479492
DA014,2019-11-10,21:32,0.0
DA014,2019-11-11,,0.0
DA014,2019-11-11,,37.86320114135742
DA014,2019-11-11,,14.52639961242676
DA014,2019-11-12,,4.0
DA014,2019-11-12,,0.6345000267028809
DA014,2019-11-12,,0.0
DA014,2019-11-02,08:00,2.765000104904175
DA014,2019-11-02,12:00,3.514600038528442
DA014,2019-11-02,17:04,32.21939849853516
DA014,2019-11-02,20:00,0.0
DA014,2019-11-03,7:55,0.0
DA014,2019-11-03,12:09,0.0
DA014,2019-11-03,16:47,7.205999851226807
DA014,2019-11-03,21:55,0.0
DA014,2019-11-04,08:00,0.0
DA014,2019-11-04,11:24,37.97150039672852
DA014,2019-11-04,16:25,0.0
DA014,2019-11-04,21:30,0.0
DA014,2019-11-05,7:32,4.0
DA014,2019-11-05,11:54,0.0
DA014,2019-11-05,17:40,10.56719970703125
DA014,2019-11-05,20:00,0.0
DA014,2019-11-06,8:24,9.6899995803833
DA014,2019-11-06,12:54,0.0
DA014,2019-11-06,16:32,35.43899917602539
DA014,2019-11-06,21:47,0.0
DA014,2019-11-07,8:09,0.0
DA014,2019-11-07,12:00,1.730399966239929
DA014,2019-11-07,17:00,0.0
DA014,2019-11-07,19:47,0.0
DA014,2019-11-08,7:55,0.0
DA014,2019-11-08,11:54,4.217400074005127
DA014,2019-11-08,16:19,81.9000015258789
DA014,2019-11-08,21:32,0.0
DA014,2019-11-09,08:00,2.940000057220459
DA014,2019-11-09,11:15,0.0
DA014,2019-11-09,17:30,33.62189865112305
DA014,2019-11-09,20:40,0.0
DA015,2019-10-29,8:18,4.125
DA015,2019-10-29,12:00,0.0
DA015,2019-10-29,17:00,17.02400016784668
DA015,2019-10-30,7:14,9.6899995803833
DA015,2019-10-30,12:51,0.0
DA015,2019-10-30,17:00,55.58259963989258
DA015,2019-10-31,08:00,0.0
DA015,2019-10-31,12:00,12.93319988250732
DA015,2019-10-31,17:00,82.50379943847656
DA015,2019-11-01,7:21,0.0
DA015,2019-11-01,12:00,2.644200086593628
DA015,2019-11-01,17:00,78.24960327148438
DA015,2019-11-10,8:13,0.0
DA015,2019-11-10,12:13,0.0
DA015,2019-11-10,17:00,215.1190032958984
DA015,2019-11-11,,0.0
DA015,2019-11-11,,37.86320114135742
DA015,2019-11-11,,14.52639961242676
DA015,2019-11-12,,4.0
DA015,2019-11-12,,0.6345000267028809
DA015,2019-11-12,,0.0
DA015,2019-11-02,8:13,2.765000104904175
DA015,2019-11-02,12:00,3.514600038528442
DA015,2019-11-02,17:00,32.21939849853516
DA015,2019-11-03,8:13,0.0
DA015,2019-11-03,12:00,0.0
DA015,2019-11-03,17:00,7.205999851226807
DA015,2019-11-04,7:14,0.0
DA015,2019-11-04,12:00,37.97150039672852
DA015,2019-11-04,17:00,0.0
DA015,2019-11-05,7:21,4.0
DA015,2019-11-05,12:23,0.0
DA015,2019-11-05,17:44,10.56719970703125
DA015,2019-11-06,7:28,9.6899995803833
DA015,2019-11-06,11:36,0.0
DA015,2019-11-06,17:48,35.43899917602539
DA015,2019-11-07,7:21,0.0
DA015,2019-11-07,11:58,1.730399966239929
DA015,2019-11-07,17:00,0.0
DA015,2019-11-08,7:21,0.0
DA015,2019-11-08,12:00,4.217400074005127
DA015,2019-11-08,17:00,81.9000015258789
DA015,2019-11-09,08:00,2.940000057220459
DA015,2019-11-09,12:10,0.0
DA015,2019-11-09,17:54,33.62189865112305
DA016,2019-10-29,8:07,4.125
DA016,2019-10-29,12:00,0.0
DA016,2019-10-29,17:00,17.02400016784668
DA016,2019-10-30,7:24,9.6899995803833
DA016,2019-10-30,12:00,0.0
DA016,2019-10-30,17:00,55.58259963989258
DA016,2019-10-31,7:01,0.0
DA016,2019-10-31,12:01,12.93319988250732
DA016,2019-10-31,17:00,82.50379943847656
DA016,2019-11-01,7:24,0.0
DA016,2019-11-01,12:00,2.644200086593628
DA016,2019-11-01,17:00,78.24960327148438
DA016,2019-11-10,,0.0
DA016,2019-11-10,,3.098400115966797
DA016,2019-11-10,,107.5595016479492
DA016,2019-11-11,,0.0
DA016,2019-11-11,,37.86320114135742
DA016,2019-11-11,,14.52639961242676
DA016,2019-11-12,,4.0
DA016,2019-11-12,,0.6345000267028809
DA016,2019-11-02,08:00,2.765000104904175
DA016,2019-11-02,12:00,3.514600038528442
DA016,2019-11-02,17:47,32.21939849853516
DA016,2019-11-03,08:00,0.0
DA016,2019-11-03,12:00,0.0
DA016,2019-11-03,17:00,7.205999851226807
DA016,2019-11-04,7:31,0.0
DA016,2019-11-04,12:01,37.97150039672852
DA016,2019-11-04,17:24,0.0
DA016,2019-11-05,,4.0
DA016,2019-11-05,,0.0
DA016,2019-11-05,,10.56719970703125
DA016,2019-11-06,,9.6899995803833
DA016,2019-11-06,,0.0
DA016,2019-11-06,,35.43899917602539
DA016,2019-11-07,,0.0
DA016,2019-11-07,,0.0
DA016,2019-11-07,,81.9000015258789
DA016,2019-11-08,,0.0
DA016,2019-11-08,,4.217400074005127
DA016,2019-11-08,,0.0
DA016,2019-11-09,,2.940000057220459
DA016,2019-11-09,,0.0
DA016,2019-11-09,,33.62189865112305
DA017,2019-10-29,7:18,4.125
DA017,2019-10-29,12:15,0.0
DA017,2019-10-29,17:00,17.02400016784668
DA017,2019-10-29,22:03,0.0
DA017,2019-10-30,08:00,9.6899995803833
DA017,2019-10-30,11:25,0.0
DA017,2019-10-30,17:00,55.58259963989258
DA017,2019-10-30,22:26,0.0
DA017,2019-10-31,08:00,0.0
DA017,2019-10-31,12:00,12.93319988250732
DA017,2019-10-31,17:00,82.50379943847656
DA017,2019-10-31,19:11,0.0
DA017,2019-11-01,08:00,0.0
DA017,2019-11-01,12:00,2.644200086593628
DA017,2019-11-01,18:00,78.24960327148438
DA017,2019-11-01,21:48,0.0
DA017,2019-11-10,,0.0
DA017,2019-11-10,,3.098400115966797
DA017,2019-11-10,,107.5595016479492
DA017,2019-11-10,,0.0
DA017,2019-11-11,,0.0
DA017,2019-11-11,,37.86320114135742
DA017,2019-11-11,,14.52639961242676
DA017,2019-11-12,,4.0
DA017,2019-11-12,,0.6345000267028809
DA017,2019-11-02,6:46,2.765000104904175
DA017,2019-11-02,11:26,3.514600038528442
DA017,2019-11-02,17:11,32.21939849853516
DA017,2019-11-02,20:48,0.0
DA017,2019-11-03,7:51,0.0
DA017,2019-11-03,12:00,0.0
DA017,2019-11-03,17:00,7.205999851226807
DA017,2019-11-03,21:07,0.0
DA017,2019-11-04,08:00,0.0
DA017,2019-11-04,12:00,37.97150039672852
DA017,2019-11-04,17:30,0.0
DA017,2019-11-04,21:56,0.0
DA017,2019-11-05,7:11,4.0
DA017,2019-11-05,12:00,0.0
DA017,2019-11-05,17:00,10.56719970703125
DA017,2019-11-05,19:50,0.0
DA017,2019-11-06,7:56,9.6899995803833
DA017,2019-11-06,12:00,0.0
DA017,2019-11-06,17:00,35.43899917602539
DA017,2019-11-06,22:15,0.0
DA017,2019-11-07,7:56,0.0
DA017,2019-11-07,11:56,1.730399966239929
DA017,2019-11-07,17:00,0.0
DA017,2019-11-07,20:00,0.0
DA017,2019-11-08,,0.0
DA017,2019-11-08,,4.217400074005127
DA017,2019-11-08,,81.9000015258789
DA017,2019-11-08,,0.0
DA017,2019-11-09,,2.940000057220459
DA017,2019-11-09,,0.0
DA017,2019-11-09,,33.62189865112305
DA017,2019-11-09,,0.0
DA018,2019-10-29,08:00,4.125
DA018,2019-10-29,12:00,0.0
DA018,2019-10-29,16:09,17.02400016784668
DA018,2019-10-29,21:09,0.0
DA018,2019-10-30,6:03,9.6899995803833
DA018,2019-10-30,12:43,0.0
DA018,2019-10-30,17:00,55.58259963989258
DA018,2019-10-30,22:09,0.0
DA018,2019-10-31,08:00,0.0
DA018,2019-10-31,12:00,12.93319988250732
DA018,2019-10-31,17:51,82.50379943847656
DA018,2019-10-31,21:36,0.0
DA018,2019-11-01,08:00,0.0
DA018,2019-11-01,12:00,2.644200086593628
DA018,2019-11-01,17:00,78.24960327148438
DA018,2019-11-01,21:21,0.0
DA018,2019-11-10,6:36,0.0
DA018,2019-11-10,12:00,3.098400115966797
DA018,2019-11-10,16:48,107.5595016479492
DA018,2019-11-10,21:44,0.0
DA018,2019-11-11,,0.0
DA018,2019-11-11,,37.86320114135742
DA018,2019-11-11,,14.52639961242676
DA018,2019-11-12,,4.0
DA018,2019-11-12,,0.6345000267028809
DA018,2019-11-12,,0.0
DA018,2019-11-12,,0.0
DA018,2019-11-02,8:13,2.765000104904175
DA018,2019-11-02,11:58,3.514600038528442
DA018,2019-11-02,17:00,32.21939849853516
DA018,2019-11-02,19:09,0.0
DA018,2019-11-03,08:00,0.0
DA018,2019-11-03,12:00,0.0
DA018,2019-11-03,17:00,7.205999851226807
DA018,2019-11-03,21:09,0.0
DA018,2019-11-04,08:00,0.0
DA018,2019-11-04,12:43,37.97150039672852
DA018,2019-11-04,17:00,0.0
DA018,2019-11-04,21:44,0.0
DA018,2019-11-05,8:13,0.0
DA018,2019-11-05,11:58,0.0
DA018,2019-11-05,17:00,10.56719970703125
DA018,2019-11-05,19:18,0.0
DA018,2019-11-06,7:59,9.6899995803833
DA018,2019-11-06,12:03,0.0
DA018,2019-11-06,17:00,35.43899917602539
DA018,2019-11-06,21:36,0.0
DA018,2019-11-07,8:36,0.0
DA018,2019-11-07,12:00,1.730399966239929
DA018,2019-11-07,17:00,0.0
DA018,2019-11-07,21:36,0.0
DA018,2019-11-08,8:36,0.0
DA018,2019-11-08,11:58,4.217400074005127
DA018,2019-11-08,17:44,81.9000015258789
DA018,2019-11-09,7:59,2.940000057220459
DA018,2019-11-09,12:00,0.0
DA018,2019-11-09,17:00,33.62189865112305
DA018,2019-11-09,22:06,0.0
DA019,2019-10-29,08:00,4.125
DA019,2019-10-29,12:00,0.0
DA019,2019-10-29,17:31,17.02400016784668
DA019,2019-10-29,21:51,0.0
DA019,2019-10-30,08:00,9.6899995803833
DA019,2019-10-30,11:02,0.0
DA019,2019-10-30,17:21,55.58259963989258
DA019,2019-10-30,22:11,0.0
DA019,2019-10-31,8:35,0.0
DA019,2019-10-31,11:50,12.93319988250732
DA019,2019-10-31,17:00,82.50379943847656
DA019,2019-10-31,22:51,0.0
DA019,2019-11-01,7:50,0.0
DA019,2019-11-01,12:05,2.644200086593628
DA019,2019-11-01,17:00,78.24960327148438
DA019,2019-11-01,19:21,0.0
DA019,2019-11-10,,0.0
DA019,2019-11-10,,3.098400115966797
DA019,2019-11-10,,107.5595016479492
DA019,2019-11-11,,37.86320114135742
DA019,2019-11-11,,14.52639961242676
DA019,2019-11-12,,4.0
DA019,2019-11-12,,0.6345000267028809
DA019,2019-11-12,,0.0
DA019,2019-11-02,8:28,2.765000104904175
DA019,2019-11-02,12:05,3.514600038528442
DA019,2019-11-02,17:00,32.21939849853516
DA019,2019-11-03,,0.0
DA019,2019-11-03,,31.20000076293945
DA019,2019-11-03,,7.205999851226807
DA019,2019-11-03,,0.0
DA019,2019-11-04,,37.97150039672852
DA019,2019-11-04,,0.0
DA019,2019-11-04,,0.0
DA019,2019-11-05,,4.0
DA019,2019-11-05,,0.0
DA019,2019-11-05,,10.56719970703125
DA019,2019-11-05,,0.0
DA019,2019-11-06,,9.6899995803833
DA019,2019-11-06,,0.0
DA019,2019-11-06,,35.43899917602539
DA019,2019-11-07,,0.0
DA019,2019-11-07,,1.730399966239929
DA019,2019-11-07,,0.0
DA019,2019-11-08,,0.0
DA019,2019-11-08,,4.217400074005127
DA019,2019-11-08,,0.0
DA019,2019-11-09,,2.940000057220459
DA019,2019-11-09,,0.0
DA019,2019-11-09,,33.62189865112305
DA020,2019-10-29,,4.125
DA020,2019-10-29,,0.0
DA020,2019-10-29,,17.02400016784668
DA020,2019-10-29,,0.0
DA020,2019-10-30,,9.6899995803833
DA020,2019-10-30,,0.0
DA020,2019-10-30,,55.58259963989258
DA020,2019-10-30,,0.0
DA020,2019-10-31,,0.0
DA020,2019-10-31,,12.93319988250732
DA020,2019-10-31,,82.50379943847656
DA020,2019-10-31,,0.0
DA020,2019-11-01,,0.0
DA020,2019-11-01,,2.644200086593628
DA020,2019-11-01,,78.24960327148438
DA020,2019-11-01,,0.0
DA020,2019-11-10,,0.0
DA020,2019-11-10,,3.098400115966797
DA020,2019-11-10,,107.5595016479492
DA020,2019-11-10,,0.0
DA020,2019-11-11,,0.0
DA020,2019-11-11,,37.86320114135742
DA020,2019-11-11,,14.52639961242676
DA020,2019-11-12,,4.0
DA020,2019-11-12,,0.6345000267028809
DA020,2019-11-02,,2.765000104904175
DA020,2019-11-02,,3.514600038528442
DA020,2019-11-02,,32.21939849853516
DA020,2019-11-02,,0.0
DA020,2019-11-03,,0.0
DA020,2019-11-03,,0.0
DA020,2019-11-03,,7.205999851226807
DA020,2019-11-03,,0.0
DA020,2019-11-04,,37.97150039672852
DA020,2019-11-04,,0.0
DA020,2019-11-04,,0.0
DA020,2019-11-05,,4.0
DA020,2019-11-05,,0.0
DA020,2019-11-05,,10.56719970703125
DA020,2019-11-06,,9.6899995803833
DA020,2019-11-06,,0.0
DA020,2019-11-06,,35.43899917602539
DA020,2019-11-06,,0.0
DA020,2019-11-07,,0.0
DA020,2019-11-07,,0.0
DA020,2019-11-07,,0.0
DA020,2019-11-08,,0.0
DA020,2019-11-08,,4.217400074005127
DA020,2019-11-08,,81.9000015258789
DA020,2019-11-09,,5.880000114440918
DA020,2019-11-09,,0.0
DA020,2019-11-09,,33.62189865112305
DA020,2019-11-09,,0.0
DA021,2019-10-29,8:02,4.125
DA021,2019-10-29,11:45,0.0
DA021,2019-10-29,17:00,17.02400016784668
DA021,2019-10-29,22:45,0.0
DA021,2019-10-30,8:45,9.6899995803833
DA021,2019-10-30,12:52,0.0
DA021,2019-10-30,17:00,55.58259963989258
DA021,2019-10-30,19:56,0.0
DA021,2019-10-31,6:45,0.0
DA021,2019-10-31,12:37,12.93319988250732
DA021,2019-10-31,17:00,82.50379943847656
DA021,2019-10-31,20:31,0.0
DA021,2019-11-01,08:00,0.0
DA021,2019-11-01,12:00,2.644200086593628
DA021,2019-11-01,16:52,78.24960327148438
DA021,2019-11-01,20:57,0.0
DA021,2019-11-10,7:52,0.0
DA021,2019-11-10,12:07,3.098400115966797
DA021,2019-11-10,17:52,107.5595016479492
DA021,2019-11-11,,0.0
DA021,2019-11-11,,37.86320114135742
DA021,2019-11-11,,14.52639961242676
DA021,2019-11-12,,4.0
DA021,2019-11-12,,0.6345000267028809
DA021,2019-11-12,,0.0
DA021,2019-11-02,08:00,2.765000104904175
DA021,2019-11-02,12:00,3.514600038528442
DA021,2019-11-02,17:37,32.21939849853516
DA021,2019-11-02,20:37,0.0
DA021,2019-11-03,7:52,0.0
DA021,2019-11-03,12:00,0.0
DA021,2019-11-03,17:00,7.205999851226807
DA021,2019-11-03,20:22,0.0
DA021,2019-11-04,6:30,0.0
DA021,2019-11-04,11:52,37.97150039672852
DA021,2019-11-04,17:00,0.0
DA021,2019-11-04,21:37,0.0
DA021,2019-11-05,7:37,4.0
DA021,2019-11-05,12:43,0.0
DA021,2019-11-05,17:00,10.56719970703125
DA021,2019-11-05,20:07,0.0
DA021,2019-11-06,8:07,9.6899995803833
DA021,2019-11-06,12:00,0.0
DA021,2019-11-06,17:00,35.43899917602539
DA021,2019-11-06,20:37,0.0
DA021,2019-11-07,7:52,0.0
DA021,2019-11-07,12:00,1.730399966239929
DA021,2019-11-07,17:00,0.0
DA021,2019-11-07,19:12,0.0
DA021,2019-11-08,8:22,0.0
DA021,2019-11-08,12:45,4.217400074005127
DA021,2019-11-08,17:00,81.9000015258789
DA021,2019-11-09,7:30,2.940000057220459
DA021,2019-11-09,13:00,0.0
DA021,2019-11-09,17:00,33.62189865112305
DA022,2019-10-29,8:03,4.125
DA022,2019-10-29,12:00,0.0
DA022,2019-10-29,17:00,17.02400016784668
DA022,2019-10-29,19:59,0.0
DA022,2019-10-30,7:48,9.6899995803833
DA022,2019-10-30,12:48,0.0
DA022,2019-10-30,17:00,55.58259963989258
DA022,2019-10-30,19:08,0.0
DA022,2019-10-31,7:10,0.0
DA022,2019-10-31,12:00,12.93319988250732
DA022,2019-10-31,17:00,82.50379943847656
DA022,2019-10-31,22:03,0.0
DA022,2019-11-01,8:13,0.0
DA022,2019-11-01,12:55,2.644200086593628
DA022,2019-11-01,17:00,78.24960327148438
DA022,2019-11-01,19:59,0.0
DA022,2019-11-10,,0.0
DA022,2019-11-10,,3.098400115966797
DA022,2019-11-10,,107.5595016479492
DA022,2019-11-10,,0.0
DA022,2019-11-11,,0.0
DA022,2019-11-11,,37.86320114135742
DA022,2019-11-11,,14.52639961242676
DA022,2019-11-12,,4.0
DA022,2019-11-12,,0.6345000267028809
DA022,2019-11-02,,2.765000104904175
DA022,2019-11-02,,3.514600038528442
DA022,2019-11-02,,32.21939849853516
DA022,2019-11-02,,0.0
DA022,2019-11-03,,0.0
DA022,2019-11-03,,0.0
DA022,2019-11-03,,7.205999851226807
DA022,2019-11-03,,0.0
DA022,2019-11-04,,0.0
DA022,2019-11-04,,37.97150039672852
DA022,2019-11-04,,0.0
DA022,2019-11-04,,0.0
DA022,2019-11-05,,4.0
DA022,2019-11-05,,0.0
DA022,2019-11-05,,10.56719970703125
DA022,2019-11-05,,0.0
DA022,2019-11-06,,9.6899995803833
DA022,2019-11-06,,0.0
DA022,2019-11-06,,35.43899917602539
DA022,2019-11-06,,0.0
DA022,2019-11-07,,0.0
DA022,2019-11-07,,1.730399966239929
DA022,2019-11-07,,0.0
DA022,2019-11-07,,0.0
DA022,2019-11-08,,0.0
DA022,2019-11-08,,4.217400074005127
DA022,2019-11-08,,81.9000015258789
DA022,2019-11-08,,0.0
DA022,2019-11-09,,2.940000057220459
DA022,2019-11-09,,0.0
DA022,2019-11-09,,33.62189865112305
DA022,2019-11-09,,0.0
DA023,2019-10-29,7:52,4.125
DA023,2019-10-29,11:58,0.0
DA023,2019-10-29,17:00,17.02400016784668
DA023,2019-10-29,20:27,0.0
DA023,2019-10-30,7:35,9.6899995803833
DA023,2019-10-30,12:50,0.0
DA023,2019-10-30,17:27,55.58259963989258
DA023,2019-10-30,22:12,0.0
DA023,2019-10-31,08:00,0.0
DA023,2019-10-31,12:00,12.93319988250732
DA023,2019-10-31,17:05,82.50379943847656
DA023,2019-10-31,21:52,0.0
DA023,2019-11-01,7:35,0.0
DA023,2019-11-01,12:13,2.644200086593628
DA023,2019-11-01,17:52,78.24960327148438
DA023,2019-11-01,22:42,0.0
DA023,2019-11-10,7:57,0.0
DA023,2019-11-10,11:58,3.098400115966797
DA023,2019-11-10,17:27,107.5595016479492
DA023,2019-11-10,22:07,0.0
DA023,2019-11-11,,0.0
DA023,2019-11-11,,37.86320114135742
DA023,2019-11-11,,14.52639961242676
DA023,2019-11-11,,0.0
DA023,2019-11-12,,4.0
DA023,2019-11-12,,0.6345000267028809
DA023,2019-11-02,7:28,2.765000104904175
DA023,2019-11-02,12:35,3.514600038528442
DA023,2019-11-02,17:42,32.21939849853516
DA023,2019-11-03,8:35,0.0
DA023,2019-11-03,12:00,0.0
DA023,2019-11-03,17:00,7.205999851226807
DA023,2019-11-03,21:57,0.0
DA023,2019-11-04,6:43,0.0
DA023,2019-11-04,12:43,37.97150039672852
DA023,2019-11-04,17:00,0.0
DA023,2019-11-04,20:37,0.0
DA023,2019-11-05,08:00,4.0
DA023,2019-11-05,12:00,0.0
DA023,2019-11-05,17:52,10.56719970703125
DA023,2019-11-06,08:00,9.6899995803833
DA023,2019-11-06,11:22,0.0
DA023,2019-11-06,17:05,35.43899917602539
DA023,2019-11-06,21:57,0.0
DA023,2019-11-07,8:22,0.0
DA023,2019-11-07,12:00,1.730399966239929
DA023,2019-11-07,17:00,0.0
DA023,2019-11-07,20:00,81.9000015258789
DA023,2019-11-08,7:35,0.0
DA023,2019-11-08,12:00,4.217400074005127
DA023,2019-11-08,17:00,0.0
DA023,2019-11-08,22:02,0.0
DA023,2019-11-09,7:58,2.940000057220459
DA023,2019-11-09,12:00,0.0
DA023,2019-11-09,16:12,33.62189865112305
DA023,2019-11-09,22:27,0.0
DA024,2019-10-29,7:07,4.125
DA024,2019-10-29,12:00,0.0
DA024,2019-10-29,17:00,17.02400016784668
DA024,2019-10-29,19:12,0.0
DA024,2019-10-30,6:42,9.6899995803833
DA024,2019-10-30,12:00,0.0
DA024,2019-10-30,17:00,55.58259963989258
DA024,2019-10-30,20:00,0.0
DA024,2019-10-31,7:24,0.0
DA024,2019-10-31,12:00,12.93319988250732
DA024,2019-10-31,17:00,82.50379943847656
DA024,2019-10-31,19:17,0.0
DA024,2019-11-01,08:00,0.0
DA024,2019-11-01,12:00,2.644200086593628
DA024,2019-11-01,16:39,78.24960327148438
DA024,2019-11-01,21:07,0.0
DA024,2019-11-10,,0.0
DA024,2019-11-10,,3.098400115966797
DA024,2019-11-10,,107.5595016479492
DA024,2019-11-11,,0.0
DA024,2019-11-11,,37.86320114135742
DA024,2019-11-11,,14.52639961242676
DA024,2019-11-12,,4.0
DA024,2019-11-12,,0.6345000267028809
DA024,2019-11-02,6:28,2.765000104904175
DA024,2019-11-02,12:54,3.514600038528442
DA024,2019-11-02,17:32,32.21939849853516
DA024,2019-11-02,22:02,0.0
DA024,2019-11-03,7:24,0.0
DA024,2019-11-03,12:00,0.0
DA024,2019-11-03,17:00,7.205999851226807
DA024,2019-11-03,19:22,0.0
DA024,2019-11-04,12:00,37.97150039672852
DA024,2019-11-04,19:12,0.0
DA024,2019-11-05,8:07,4.0
DA024,2019-11-05,12:16,0.0
DA024,2019-11-05,17:00,10.56719970703125
DA024,2019-11-05,20:00,0.0
DA024,2019-11-06,,9.6899995803833
DA024,2019-11-06,,0.0
DA024,2019-11-06,,35.43899917602539
DA024,2019-11-07,,0.0
DA024,2019-11-07,,1.730399966239929
DA024,2019-11-07,,0.0
DA024,2019-11-08,,0.0
DA024,2019-11-08,,4.217400074005127
DA024,2019-11-08,,81.9000015258789
DA024,2019-11-09,,2.940000057220459
DA024,2019-11-09,,0.0
DA024,2019-11-09,,33.62189865112305
DA025,2019-10-29,08:00,4.125
DA025,2019-10-29,12:00,0.0
DA025,2019-10-29,17:00,8.51200008392334
DA025,2019-10-29,20:23,2.25
DA025,2019-10-30,08:00,9.6899995803833
DA025,2019-10-30,12:00,0.0
DA025,2019-10-30,17:43,27.79129981994629
DA025,2019-10-30,21:53,0.0
DA025,2019-10-31,08:00,0.0
DA025,2019-10-31,11:09,6.466599941253662
DA025,2019-10-31,17:23,41.25189971923828
DA025,2019-10-31,20:38,0.0
DA025,2019-11-01,7:44,0.0
DA025,2019-11-01,12:09,1.322100043296814
DA025,2019-11-01,17:00,39.12480163574219
DA025,2019-11-01,19:13,0.0
DA025,2019-11-10,8:31,0.0
DA025,2019-11-10,12:00,1.549200057983398
DA025,2019-11-10,17:00,53.77975082397461
DA025,2019-11-10,21:08,0.0
DA025,2019-11-11,,0.0
DA025,2019-11-11,,18.93160057067871
DA025,2019-11-11,,7.263199806213379
DA025,2019-11-12,,4.0
DA025,2019-11-12,,0.6345000267028809
DA025,2019-11-02,6:31,2.765000104904175
DA025,2019-11-02,12:00,1.757300019264221
DA025,2019-11-02,17:00,16.10969924926758
DA025,2019-11-02,22:08,0.0
DA025,2019-11-03,08:00,0.0
DA025,2019-11-03,12:00,0.0
DA025,2019-11-03,17:00,3.602999925613403
DA025,2019-11-03,21:12,0.0
DA025,2019-11-04,08:00,0.0
DA025,2019-11-04,12:00,18.98575019836426
DA025,2019-11-04,17:00,0.0
DA025,2019-11-04,22:46,0.0
DA025,2019-11-05,08:00,4.0
DA025,2019-11-05,12:31,0.0
DA025,2019-11-05,17:00,5.283599853515625
DA025,2019-11-05,19:53,0.0
DA025,2019-11-06,08:00,9.6899995803833
DA025,2019-11-06,12:00,0.0
DA025,2019-11-06,16:08,17.7194995880127
DA025,2019-11-06,21:01,0.0
DA025,2019-11-07,08:00,0.0
DA025,2019-11-07,12:00,0.8651999831199646
DA025,2019-11-07,17:00,0.0
DA025,2019-11-07,19:03,0.0
DA025,2019-11-08,8:54,0.0
DA025,2019-11-08,12:39,2.108700037002563
DA025,2019-11-08,17:00,40.95000076293945
DA025,2019-11-08,19:13,0.0
DA025,2019-11-09,8:50,2.940000057220459
DA025,2019-11-09,12:00,0.0
DA025,2019-11-09,17:00,16.81094932556152
DA025,2019-11-09,19:18,0.0
DA026,2019-10-29,08:00,4.125
DA026,2019-10-29,12:00,0.0
DA026,2019-10-29,17:00,17.02400016784668
DA026,2019-10-29,19:45,0.0
DA026,2019-10-30,8:41,9.6899995803833
DA026,2019-10-30,12:00,0.0
DA026,2019-10-30,16:15,55.58259963989258
DA026,2019-10-30,19:19,0.0
DA026,2019-10-31,7:15,0.0
DA026,2019-10-31,11:52,12.93319988250732
DA026,2019-10-31,17:00,82.50379943847656
DA026,2019-10-31,20:00,4.5
DA026,2019-11-01,08:00,0.0
DA026,2019-11-01,12:00,2.644200086593628
DA026,2019-11-01,16:15,78.24960327148438
DA026,2019-11-01,20:03,0.0
DA026,2019-11-10,6:07,0.0
DA026,2019-11-10,11:20,3.098400115966797
DA026,2019-11-10,17:00,107.5595016479492
DA026,2019-11-10,20:52,0.0
DA026,2019-11-11,,0.0
DA026,2019-11-11,,37.86320114135742
DA026,2019-11-11,,14.52639961242676
DA026,2019-11-11,,0.0
DA026,2019-11-12,,4.0
DA026,2019-11-12,,0.6345000267028809
DA026,2019-11-02,9:00,2.765000104904175
DA026,2019-11-02,12:00,3.514600038528442
DA026,2019-11-02,17:00,32.21939849853516
DA026,2019-11-03,6:55,0.0
DA026,2019-11-03,12:00,0.0
DA026,2019-11-03,17:00,7.205999851226807
DA026,2019-11-03,21:00,0.0
DA026,2019-11-04,08:00,0.0
DA026,2019-11-04,12:37,37.97150039672852
DA026,2019-11-04,17:07,0.0
DA026,2019-11-04,21:00,0.0
DA026,2019-11-05,08:00,4.0
DA026,2019-11-05,12:00,0.0
DA026,2019-11-05,17:22,10.56719970703125
DA026,2019-11-05,20:49,0.0
DA026,2019-11-06,7:37,9.6899995803833
DA026,2019-11-06,12:05,0.0
DA026,2019-11-06,17:00,35.43899917602539
DA026,2019-11-06,20:00,0.0
DA026,2019-11-07,6:00,0.0
DA026,2019-11-07,12:00,1.730399966239929
DA026,2019-11-07,17:00,81.9000015258789
DA026,2019-11-07,21:45,0.0
DA026,2019-11-08,08:00,0.0
DA026,2019-11-08,12:00,4.217400074005127
DA026,2019-11-08,17:34,0.0
DA026,2019-11-08,22:00,4.5
DA026,2019-11-09,08:00,2.940000057220459
DA026,2019-11-09,12:00,0.0
DA026,2019-11-09,16:52,33.62189865112305
DA026,2019-11-09,19:30,0.0
DA027,2019-10-29,7:46,4.125
DA027,2019-10-29,12:31,0.0
DA027,2019-10-29,17:00,17.02400016784668
DA027,2019-10-30,7:01,9.6899995803833
DA027,2019-10-30,12:00,0.0
DA027,2019-10-30,17:30,55.58259963989258
DA027,2019-10-30,22:15,0.0
DA027,2019-10-31,08:00,0.0
DA027,2019-10-31,12:00,12.93319988250732
DA027,2019-10-31,17:11,82.50379943847656
DA027,2019-10-31,21:38,0.0
DA027,2019-11-01,7:23,0.0
DA027,2019-11-01,12:16,2.644200086593628
DA027,2019-11-01,17:00,78.24960327148438
DA027,2019-11-01,19:23,0.0
DA027,2019-11-10,8:46,0.0
DA027,2019-11-10,12:00,3.098400115966797
DA027,2019-11-10,17:00,107.5595016479492
DA027,2019-11-11,,0.0
DA027,2019-11-11,,37.86320114135742
DA027,2019-11-11,,14.52639961242676
DA027,2019-11-12,,4.0
DA027,2019-11-12,,0.6345000267028809
DA027,2019-11-12,,0.0
DA027,2019-11-02,8:01,2.765000104904175
DA027,2019-11-02,12:38,3.514600038528442
DA027,2019-11-02,17:00,32.21939849853516
DA027,2019-11-02,20:35,0.0
DA027,2019-11-03,8:11,0.0
DA027,2019-11-03,12:00,0.0
DA027,2019-11-03,17:00,7.205999851226807
DA027,2019-11-04,6:46,0.0
DA027,2019-11-04,12:16,37.97150039672852
DA027,2019-11-04,17:00,0.0
DA027,2019-11-05,7:15,4.0
DA027,2019-11-05,12:00,0.0
DA027,2019-11-05,17:50,10.56719970703125
DA027,2019-11-06,6:41,9.6899995803833
DA027,2019-11-06,11:08,0.0
DA027,2019-11-06,16:45,35.43899917602539
DA027,2019-11-07,7:46,0.0
DA027,2019-11-07,12:38,1.730399966239929
DA027,2019-11-07,18:00,0.0
DA027,2019-11-08,6:26,0.0
DA027,2019-11-08,12:38,4.217400074005127
DA027,2019-11-08,17:20,81.9000015258789
DA027,2019-11-09,8:53,2.940000057220459
DA027,2019-11-09,12:00,0.0
DA027,2019-11-09,17:00,33.62189865112305
DA028,2019-10-29,6:12,4.125
DA028,2019-10-29,11:52,0.0
DA028,2019-10-29,16:15,17.02400016784668
DA028,2019-10-30,8:45,9.6899995803833
DA028,2019-10-30,12:22,0.0
DA028,2019-10-30,17:00,55.58259963989258
DA028,2019-10-31,9:00,0.0
DA028,2019-10-31,12:07,12.93319988250732
DA028,2019-10-31,17:00,82.50379943847656
DA028,2019-11-01,8:07,0.0
DA028,2019-11-01,12:07,2.644200086593628
DA028,2019-11-01,17:00,78.24960327148438
DA028,2019-11-10,,0.0
DA028,2019-11-10,,3.098400115966797
DA028,2019-11-10,,107.5595016479492
DA028,2019-11-10,,0.0
DA028,2019-11-11,,0.0
DA028,2019-11-11,,37.86320114135742
DA028,2019-11-11,,14.52639961242676
DA028,2019-11-11,,0.0
DA028,2019-11-12,,4.0
DA028,2019-11-12,,0.6345000267028809
DA028,2019-11-02,8:07,2.765000104904175
DA028,2019-11-02,11:22,3.514600038528442
DA028,2019-11-02,17:00,32.21939849853516
DA028,2019-11-03,8:37,0.0
DA028,2019-11-03,12:22,0.0
DA028,2019-11-03,17:48,7.205999851226807
DA028,2019-11-04,7:23,0.0
DA028,2019-11-04,11:37,37.97150039672852
DA028,2019-11-04,17:00,0.0
DA028,2019-11-04,21:58,0.0
DA028,2019-11-05,08:00,4.0
DA028,2019-11-05,12:00,0.0
DA028,2019-11-05,17:00,10.56719970703125
DA028,2019-11-05,19:33,0.0
DA028,2019-11-06,7:52,9.6899995803833
DA028,2019-11-06,12:00,0.0
DA028,2019-11-06,20:00,0.0
DA028,2019-11-07,,0.0
DA028,2019-11-07,,1.730399966239929
DA028,2019-11-07,,81.9000015258789
DA028,2019-11-07,,0.0
DA028,2019-11-08,,0.0
DA028,2019-11-08,,4.217400074005127
DA028,2019-11-08,,0.0
DA028,2019-11-08,,0.0
DA028,2019-11-09,,2.940000057220459
DA028,2019-11-09,,0.0
DA028,2019-11-09,,33.62189865112305
DA028,2019-11-09,,0.0
DA029,2019-10-29,7:58,4.125
DA029,2019-10-29,12:08,0.0
DA029,2019-10-29,17:00,8.51200008392334
DA029,2019-10-29,20:03,0.0
DA029,2019-10-30,6:55,9.6899995803833
DA029,2019-10-30,12:55,0.0
DA029,2019-10-30,17:00,27.79129981994629
DA029,2019-10-30,21:18,0.0
DA029,2019-10-31,08:00,0.0
DA029,2019-10-31,12:00,6.466599941253662
DA029,2019-10-31,17:00,41.25189971923828
DA029,2019-10-31,20:00,0.0
DA029,2019-11-01,8:03,0.0
DA029,2019-11-01,12:18,1.322100043296814
DA029,2019-11-01,17:53,39.12480163574219
DA029,2019-11-01,20:00,0.0
DA029,2019-11-10,,0.0
DA029,2019-11-10,,1.549200057983398
DA029,2019-11-10,,53.77975082397461
DA029,2019-11-11,,0.0
DA029,2019-11-11,,18.93160057067871
DA029,2019-11-11,,7.263199806213379
DA029,2019-11-11,,0.0
DA029,2019-11-12,,4.0
DA029,2019-11-12,,0.6345000267028809
DA029,2019-11-02,,2.765000104904175
DA029,2019-11-02,,1.757300019264221
DA029,2019-11-02,,16.10969924926758
DA029,2019-11-03,,0.0
DA029,2019-11-03,,0.0
DA029,2019-11-03,,3.602999925613403
DA029,2019-11-04,,0.0
DA029,2019-11-04,,18.98575019836426
DA029,2019-11-04,,0.0
DA029,2019-11-05,,4.0
DA029,2019-11-05,,0.0
DA029,2019-11-05,,5.283599853515625
DA029,2019-11-06,,9.6899995803833
DA029,2019-11-06,,0.0
DA029,2019-11-06,,17.7194995880127
DA029,2019-11-07,,0.0
DA029,2019-11-07,,0.8651999831199646
DA029,2019-11-07,,0.0
DA029,2019-11-08,,0.0
DA029,2019-11-08,,2.108700037002563
DA029,2019-11-08,,40.95000076293945
DA029,2019-11-09,,2.940000057220459
DA029,2019-11-09,,0.0
DA029,2019-11-09,,16.81094932556152
DA030,2019-10-29,08:00,4.125
DA030,2019-10-29,12:00,0.0
DA030,2019-10-29,17:14,8.51200008392334
DA030,2019-10-29,21:59,0.0
DA030,2019-10-30,08:00,0.0
DA030,2019-10-30,12:00,55.58259963989258
DA030,2019-10-30,16:56,55.58259963989258
DA030,2019-10-30,20:33,0.0
DA030,2019-10-31,7:48,0.0
DA030,2019-10-31,12:44,12.93319988250732
DA030,2019-10-31,17:15,82.50379943847656
DA030,2019-10-31,20:00,0.0
DA030,2019-11-01,08:00,0.0
DA030,2019-11-01,12:00,2.644200086593628
DA030,2019-11-01,17:00,78.24960327148438
DA030,2019-11-01,20:29,0.0
DA030,2019-11-10,6:48,0.0
DA030,2019-11-10,11:52,3.098400115966797
DA030,2019-11-10,17:03,107.5595016479492
DA030,2019-11-10,21:48,0.0
DA030,2019-11-11,,0.0
DA030,2019-11-11,,37.86320114135742
DA030,2019-11-11,,14.52639961242676
DA030,2019-11-11,,0.0
DA030,2019-11-12,,4.0
DA030,2019-11-12,,0.6345000267028809
DA030,2019-11-02,08:00,2.765000104904175
DA030,2019-11-02,12:00,3.514600038528442
DA030,2019-11-02,16:33,16.10969924926758
DA030,2019-11-02,20:56,0.0
DA030,2019-11-03,08:00,0.0
DA030,2019-11-03,12:00,0.0
DA030,2019-11-03,16:14,7.205999851226807
DA030,2019-11-03,21:26,0.0
DA030,2019-11-04,8:03,0.0
DA030,2019-11-04,11:48,37.97150039672852
DA030,2019-11-04,17:59,0.0
DA030,2019-11-04,20:00,0.0
DA030,2019-11-05,08:00,4.0
DA030,2019-11-05,11:39,0.0
DA030,2019-11-05,17:56,10.56719970703125
DA030,2019-11-05,21:26,0.0
DA030,2019-11-06,08:00,9.6899995803833
DA030,2019-11-06,11:30,0.0
DA030,2019-11-06,17:00,35.43899917602539
DA030,2019-11-06,22:48,0.0
DA030,2019-11-07,6:03,0.0
DA030,2019-11-07,12:00,1.730399966239929
DA030,2019-11-07,17:00,0.0
DA030,2019-11-07,21:03,0.0
DA030,2019-11-08,08:00,0.0
DA030,2019-11-08,12:00,4.217400074005127
DA030,2019-11-08,16:09,81.9000015258789
DA030,2019-11-08,21:14,0.0
DA030,2019-11-09,7:26,2.940000057220459
DA030,2019-11-09,11:48,0.0
DA030,2019-11-09,17:54,33.62189865112305
DA030,2019-11-09,21:59,0.0
DA031,2019-10-29,6:52,4.125
DA031,2019-10-29,12:52,0.0
DA031,2019-10-29,20:37,0.0
DA031,2019-10-30,8:48,0.0
DA031,2019-10-30,12:00,0.0
DA031,2019-10-30,17:00,55.58259963989258
DA031,2019-10-30,19:55,0.0
DA031,2019-10-31,6:44,0.0
DA031,2019-10-31,12:00,6.466599941253662
DA031,2019-10-31,16:26,82.50379943847656
DA031,2019-10-31,20:00,0.0
DA031,2019-11-01,7:37,0.0
DA031,2019-11-01,12:44,2.644200086593628
DA031,2019-11-01,17:00,78.24960327148438
DA031,2019-11-01,20:32,0.0
DA031,2019-11-10,7:22,0.0
DA031,2019-11-10,12:07,3.098400115966797
DA031,2019-11-10,17:00,107.5595016479492
DA031,2019-11-10,20:00,25.2502498626709
DA031,2019-11-11,,0.0
DA031,2019-11-11,,37.86320114135742
DA031,2019-11-11,,14.52639961242676
DA031,2019-11-11,,0.0
DA031,2019-11-12,,4.0
DA031,2019-11-12,,0.6345000267028809
DA031,2019-11-02,7:22,2.765000104904175
DA031,2019-11-02,11:46,3.514600038528442
DA031,2019-11-02,17:10,32.21939849853516
DA031,2019-11-02,22:44,0.0
DA031,2019-11-03,12:00,0.0
DA031,2019-11-03,20:07,50.5004997253418
DA031,2019-11-04,8:16,0.0
DA031,2019-11-04,11:52,37.97150039672852
DA031,2019-11-04,22:52,25.2502498626709
DA031,2019-11-05,7:37,1.0
DA031,2019-11-05,12:07,0.0
DA031,2019-11-05,21:29,0.0
DA031,2019-11-06,8:12,9.6899995803833
DA031,2019-11-06,12:00,0.0
DA031,2019-11-06,17:52,35.43899917602539
DA031,2019-11-06,21:51,2.25
DA031,2019-11-07,6:59,0.0
DA031,2019-11-07,12:18,1.730399966239929
DA031,2019-11-07,17:37,0.0
DA031,2019-11-07,21:41,12.71983528137207
DA031,2019-11-08,7:22,0.0
DA031,2019-11-08,12:44,4.217400074005127
DA031,2019-11-08,17:41,81.9000015258789
DA031,2019-11-08,22:22,25.2502498626709
DA031,2019-11-09,08:00,2.940000057220459
DA031,2019-11-09,11:22,0.0
DA031,2019-11-09,16:22,33.62189865112305
DA031,2019-11-09,19:37,25.2502498626709
DA032,2019-10-29,08:00,2.0625
DA032,2019-10-29,12:00,0.0
DA032,2019-10-29,17:00,17.02400016784668
DA032,2019-10-29,19:31,0.0
DA032,2019-10-30,08:00,9.6899995803833
DA032,2019-10-30,12:00,55.58259963989258
DA032,2019-10-30,17:11,55.58259963989258
DA032,2019-10-30,22:41,0.0
DA032,2019-10-31,08:00,0.0
DA032,2019-10-31,12:00,12.93319988250732
DA032,2019-10-31,16:11,82.50379943847656
DA032,2019-10-31,22:49,0.0
DA032,2019-11-01,08:00,0.0
DA032,2019-11-01,12:00,2.644200086593628
DA032,2019-11-01,16:51,78.24960327148438
DA032,2019-11-01,20:51,0.0
DA032,2019-11-10,08:00,0.0
DA032,2019-11-10,12:00,3.098400115966797
DA032,2019-11-10,17:00,107.5595016479492
DA032,2019-11-10,20:16,0.0
DA032,2019-11-11,,0.0
DA032,2019-11-11,,37.86320114135742
DA032,2019-11-11,,14.52639961242676
DA032,2019-11-11,,0.0
DA032,2019-11-12,,4.0
DA032,2019-11-12,,0.6345000267028809
DA032,2019-11-02,8:22,2.765000104904175
DA032,2019-11-02,12:00,3.514600038528442
DA032,2019-11-02,17:00,32.21939849853516
DA032,2019-11-02,21:23,0.0
DA032,2019-11-03,7:04,0.0
DA032,2019-11-03,11:19,0.0
DA032,2019-11-03,16:06,7.205999851226807
DA032,2019-11-03,21:26,0.0
DA032,2019-11-04,8:04,0.0
DA032,2019-11-04,12:00,37.97150039672852
DA032,2019-11-04,16:41,0.0
DA032,2019-11-04,21:01,0.0
DA032,2019-11-05,6:42,4.0
DA032,2019-11-05,12:00,0.0
DA032,2019-11-05,17:00,10.56719970703125
DA032,2019-11-05,20:41,0.0
DA032,2019-11-06,6:37,9.6899995803833
DA032,2019-11-06,12:26,0.0
DA032,2019-11-06,17:00,35.43899917602539
DA032,2019-11-06,20:00,0.0
DA032,2019-11-07,6:42,0.0
DA032,2019-11-07,12:00,1.730399966239929
DA032,2019-11-07,17:19,0.0
DA032,2019-11-07,21:56,0.0
DA032,2019-11-08,9:00,0.0
DA032,2019-11-08,12:00,4.217400074005127
DA032,2019-11-08,16:56,81.9000015258789
DA032,2019-11-08,20:34,0.0
DA032,2019-11-09,08:00,2.940000057220459
DA032,2019-11-09,11:31,0.0
DA032,2019-11-09,17:26,33.62189865112305
DA032,2019-11-09,22:06,0.0
DA033,2019-10-29,08:00,1.03125
DA033,2019-10-29,12:00,0.0
DA033,2019-10-29,16:05,17.02400016784668
DA033,2019-10-29,21:41,0.0
DA033,2019-10-30,6:26,2.422499895095825
DA033,2019-10-30,12:21,0.0
DA033,2019-10-30,16:45,27.79129981994629
DA033,2019-10-30,19:41,0.0
DA033,2019-10-31,08:00,0.0
DA033,2019-10-31,12:01,12.93319988250732
DA033,2019-10-31,17:00,82.50379943847656
DA033,2019-10-31,22:45,0.0
DA033,2019-11-01,7:11,0.0
DA033,2019-11-01,12:01,2.644200086593628
DA033,2019-11-01,17:41,78.24960327148438
DA033,2019-11-01,22:11,9.859999656677246
DA033,2019-11-10,12:00,1.549200057983398
DA033,2019-11-10,17:00,53.77975082397461
DA033,2019-11-10,19:35,0.0
DA033,2019-11-11,7:46,0.0
DA033,2019-11-11,12:00,37.86320114135742
DA033,2019-11-11,17:00,14.52639961242676
DA033,2019-11-11,20:00,0.0
DA033,2019-11-12,,4.0
DA033,2019-11-12,,0.6345000267028809
DA033,2019-11-02,08:00,0.6912500262260437
DA033,2019-11-02,12:00,3.514600038528442
DA033,2019-11-02,16:26,32.21939849853516
DA033,2019-11-02,22:05,0.0
DA033,2019-11-03,6:15,0.0
DA033,2019-11-03,12:00,0.0
DA033,2019-11-03,17:00,7.205999851226807
DA033,2019-11-03,20:00,0.0
DA033,2019-11-04,12:00,18.98575019836426
DA033,2019-11-04,17:00,0.0
DA033,2019-11-04,20:15,0.0
DA033,2019-11-05,08:00,1.0
DA033,2019-11-05,12:00,0.0
DA033,2019-11-05,17:38,10.56719970703125
DA033,2019-11-05,22:05,0.0
DA033,2019-11-06,6:53,4.84499979019165
DA033,2019-11-06,12:00,0.0
DA033,2019-11-06,17:00,35.43899917602539
DA033,2019-11-06,20:00,0.0
DA033,2019-11-07,8:01,0.0
DA033,2019-11-07,12:00,1.730399966239929
DA033,2019-11-07,17:00,0.0
DA033,2019-11-07,20:00,0.0
DA033,2019-11-08,08:00,0.0
DA033,2019-11-08,12:00,4.217400074005127
DA033,2019-11-08,17:00,81.9000015258789
DA033,2019-11-08,21:15,0.0
DA033,2019-11-09,7:23,0.7350000143051147
DA033,2019-11-09,12:46,0.0
DA033,2019-11-09,17:00,33.62189865112305
DA033,2019-11-09,20:00,0.0
DA034,2019-10-29,7:37,2.0625
DA034,2019-10-29,12:00,0.0
DA034,2019-10-29,17:00,0.0
DA034,2019-10-29,22:22,0.0
DA034,2019-10-30,08:00,0.0
DA034,2019-10-30,12:00,0.0
DA034,2019-10-30,17:00,27.79129981994629
DA034,2019-10-30,20:30,0.0
DA034,2019-10-31,7:02,0.0
DA034,2019-10-31,12:00,12.93319988250732
DA034,2019-10-31,17:00,41.25189971923828
DA034,2019-10-31,20:42,9.859999656677246
DA034,2019-11-01,08:00,0.0
DA034,2019-11-01,12:00,2.644200086593628
DA034,2019-11-01,20:33,25.2502498626709
DA034,2019-11-10,9:00,0.0
DA034,2019-11-10,12:00,3.098400115966797
DA034,2019-11-10,16:52,107.5595016479492
DA034,2019-11-10,22:22,9.859999656677246
DA034,2019-11-11,,0.0
DA034,2019-11-11,,18.93160057067871
DA034,2019-11-11,,7.263199806213379
DA034,2019-11-11,,0.0
DA034,2019-11-12,,4.0
DA034,2019-11-12,,0.6345000267028809
DA034,2019-11-02,6:52,0.6912500262260437
DA034,2019-11-02,12:00,3.514600038528442
DA034,2019-11-02,17:00,32.21939849853516
DA034,2019-11-02,22:52,0.0
DA034,2019-11-03,08:00,0.0
DA034,2019-11-03,12:00,0.0
DA034,2019-11-03,16:57,3.602999925613403
DA034,2019-11-03,21:30,0.0
DA034,2019-11-04,08:00,0.0
DA034,2019-11-04,12:00,37.97150039672852
DA034,2019-11-04,17:57,0.0
DA034,2019-11-04,21:37,0.0
DA034,2019-11-05,08:00,2.0
DA034,2019-11-05,12:00,0.0
DA034,2019-11-05,17:37,2.641799926757812
DA034,2019-11-05,22:03,0.0
DA034,2019-11-06,8:34,9.6899995803833
DA034,2019-11-06,12:00,0.0
DA034,2019-11-06,17:52,17.7194995880127
DA034,2019-11-06,22:52,0.0
DA034,2019-11-07,8:43,0.0
DA034,2019-11-07,12:00,1.730399966239929
DA034,2019-11-07,16:00,0.0
DA034,2019-11-07,20:37,0.0
DA034,2019-11-08,08:00,0.0
DA034,2019-11-08,12:00,4.217400074005127
DA034,2019-11-08,22:52,0.0
DA034,2019-11-09,7:17,2.940000057220459
DA034,2019-11-09,11:07,0.0
DA034,2019-11-09,16:42,33.62189865112305
DA034,2019-11-09,20:00,25.2502498626709
DA035,2019-10-29,7:00,4.125
DA035,2019-10-29,12:00,0.0
DA035,2019-10-29,17:00,17.02400016784668
DA035,2019-10-29,20:55,0.0
DA035,2019-10-30,6:45,9.6899995803833
DA035,2019-10-30,12:57,0.0
DA035,2019-10-30,16:34,55.58259963989258
DA035,2019-10-30,21:00,0.0
DA035,2019-10-31,8:20,0.0
DA035,2019-10-31,12:27,12.93319988250732
DA035,2019-10-31,17:00,82.50379943847656
DA035,2019-10-31,19:19,0.0
DA035,2019-11-01,7:35,0.0
DA035,2019-11-01,12:00,2.644200086593628
DA035,2019-11-01,17:00,78.24960327148438
DA035,2019-11-01,20:00,0.0
DA035,2019-11-10,12:00,3.098400115966797
DA035,2019-11-10,17:00,107.5595016479492
DA035,2019-11-10,20:00,0.0
DA035,2019-11-11,,0.0
DA035,2019-11-11,,37.86320114135742
DA035,2019-11-11,,14.52639961242676
DA035,2019-11-11,,0.0
DA035,2019-11-12,,4.0
DA035,2019-11-12,,0.6345000267028809
DA035,2019-11-02,7:25,2.765000104904175
DA035,2019-11-02,11:30,3.514600038528442
DA035,2019-11-02,16:40,32.21939849853516
DA035,2019-11-02,20:34,0.0
DA035,2019-11-03,6:57,0.0
DA035,2019-11-03,12:45,0.0
DA035,2019-11-03,17:00,7.205999851226807
DA035,2019-11-03,20:00,0.0
DA035,2019-11-04,8:39,0.0
DA035,2019-11-04,12:00,37.97150039672852
DA035,2019-11-04,17:34,0.0
DA035,2019-11-04,22:49,0.0
DA035,2019-11-05,7:42,4.0
DA035,2019-11-05,11:35,0.0
DA035,2019-11-05,17:34,10.56719970703125
DA035,2019-11-05,20:49,0.0
DA035,2019-11-06,6:19,9.6899995803833
DA035,2019-11-06,12:00,0.0
DA035,2019-11-06,17:42,35.43899917602539
DA035,2019-11-06,21:49,0.0
DA035,2019-11-07,08:00,0.0
DA035,2019-11-07,12:00,1.730399966239929
DA035,2019-11-07,17:34,0.0
DA035,2019-11-07,21:34,0.0
DA035,2019-11-08,08:00,0.0
DA035,2019-11-08,12:00,4.217400074005127
DA035,2019-11-08,17:04,81.9000015258789
DA035,2019-11-08,21:42,0.0
DA035,2019-11-09,08:00,2.940000057220459
DA035,2019-11-09,12:00,0.0
DA035,2019-11-09,17:00,33.62189865112305
DA035,2019-11-09,19:30,0.0
DA036,2019-10-29,6:41,1.03125
DA036,2019-10-29,12:00,0.0
DA036,2019-10-29,20:00,25.2502498626709
DA036,2019-10-30,08:00,0.0
DA036,2019-10-30,12:22,0.0
DA036,2019-10-30,21:14,0.0
DA036,2019-10-31,8:48,0.0
DA036,2019-10-31,12:00,12.93319988250732
DA036,2019-10-31,17:03,82.50379943847656
DA036,2019-10-31,20:26,0.0
DA036,2019-11-01,8:18,0.0
DA036,2019-11-01,12:00,2.644200086593628
DA036,2019-11-01,17:00,78.24960327148438
DA036,2019-11-01,20:41,0.0
DA036,2019-11-10,7:41,0.0
DA036,2019-11-10,11:56,0.7746000289916992
DA036,2019-11-10,16:48,26.8898754119873
DA036,2019-11-10,20:00,50.5004997253418
DA036,2019-11-11,,0.0
DA036,2019-11-11,,18.93160057067871
DA036,2019-11-11,,7.263199806213379
DA036,2019-11-11,,0.0
DA036,2019-11-12,,4.0
DA036,2019-11-12,,0.6345000267028809
DA036,2019-11-02,08:00,0.0
DA036,2019-11-02,12:00,1.757300019264221
DA036,2019-11-02,21:26,0.0
DA036,2019-11-03,08:00,0.0
DA036,2019-11-03,12:00,0.0
DA036,2019-11-03,16:20,1.801499962806702
DA036,2019-11-03,21:15,25.2502498626709
DA036,2019-11-04,7:03,0.0
DA036,2019-11-04,12:41,37.97150039672852
DA036,2019-11-04,17:00,0.0
DA036,2019-11-04,22:48,0.0
DA036,2019-11-05,08:00,1.0
DA036,2019-11-05,11:22,0.0
DA036,2019-11-05,17:26,0.0
DA036,2019-11-05,20:41,0.0
DA036,2019-11-06,08:00,9.6899995803833
DA036,2019-11-06,12:00,0.0
DA036,2019-11-06,21:33,0.0
DA036,2019-11-07,8:26,0.0
DA036,2019-11-07,17:18,0.0
DA036,2019-11-07,21:50,25.2502498626709
DA036,2019-11-08,7:03,0.0
DA036,2019-11-08,12:00,4.217400074005127
DA036,2019-11-08,17:00,40.95000076293945
DA036,2019-11-08,20:32,0.0
DA036,2019-11-09,7:33,2.940000057220459
DA036,2019-11-09,12:00,0.0
DA036,2019-11-09,20:00,0.0
DA037,2019-10-29,08:00,1.03125
DA037,2019-10-29,12:00,0.0
DA037,2019-10-29,17:11,8.51200008392334
DA037,2019-10-29,22:14,0.0
DA037,2019-10-30,7:26,2.422499895095825
DA037,2019-10-30,12:00,0.0
DA037,2019-10-30,17:00,27.79129981994629
DA037,2019-10-30,20:00,0.0
DA037,2019-10-31,08:00,0.0
DA037,2019-10-31,12:00,12.93319988250732
DA037,2019-10-31,17:33,82.50379943847656
DA037,2019-10-31,22:18,0.0
DA037,2019-11-01,7:18,0.0
DA037,2019-11-01,12:00,2.644200086593628
DA037,2019-11-01,17:00,78.24960327148438
DA037,2019-11-01,22:03,0.0
DA037,2019-11-10,08:00,0.0
DA037,2019-11-10,12:00,1.549200057983398
DA037,2019-11-10,16:18,107.5595016479492
DA037,2019-11-10,20:03,0.0
DA037,2019-11-11,,0.0
DA037,2019-11-11,,18.93160057067871
DA037,2019-11-11,,7.263199806213379
DA037,2019-11-11,,0.0
DA037,2019-11-12,,4.0
DA037,2019-11-12,,0.6345000267028809
DA037,2019-11-02,8:28,0.6912500262260437
DA037,2019-11-02,12:00,3.514600038528442
DA037,2019-11-02,17:00,32.21939849853516
DA037,2019-11-02,22:14,0.0
DA037,2019-11-03,8:56,0.0
DA037,2019-11-03,12:00,0.0
DA037,2019-11-03,17:00,7.205999851226807
DA037,2019-11-03,19:56,0.0
DA037,2019-11-04,7:18,0.0
DA037,2019-11-04,11:49,37.97150039672852
DA037,2019-11-04,17:48,0.0
DA037,2019-11-04,21:03,0.0
DA037,2019-11-05,7:18,1.0
DA037,2019-11-05,12:03,0.0
DA037,2019-11-05,17:00,10.56719970703125
DA037,2019-11-05,20:30,0.0
DA037,2019-11-06,6:44,4.84499979019165
DA037,2019-11-06,12:03,0.0
DA037,2019-11-06,17:48,35.43899917602539
DA037,2019-11-06,22:11,0.0
DA037,2019-11-07,08:00,0.0
DA037,2019-11-07,12:00,1.730399966239929
DA037,2019-11-07,17:00,0.0
DA037,2019-11-07,22:18,0.0
DA037,2019-11-08,7:11,0.0
DA037,2019-11-08,12:00,4.217400074005127
DA037,2019-11-08,17:18,81.9000015258789
DA037,2019-11-08,22:03,0.0
DA037,2019-11-09,7:18,2.940000057220459
DA037,2019-11-09,12:00,0.0
DA037,2019-11-09,17:00,33.62189865112305
DA038,2019-10-29,7:17,2.0625
DA038,2019-10-29,11:33,0.0
DA038,2019-10-29,17:00,17.02400016784668
DA038,2019-10-30,8:48,9.6899995803833
DA038,2019-10-30,12:10,0.0
DA038,2019-10-30,17:00,55.58259963989258
DA038,2019-10-30,20:00,0.0
DA038,2019-10-31,7:07,0.0
DA038,2019-10-31,11:33,12.93319988250732
DA038,2019-10-31,16:33,82.50379943847656
DA038,2019-11-01,7:18,0.0
DA038,2019-11-01,12:48,2.644200086593628
DA038,2019-11-01,17:00,78.24960327148438
DA038,2019-11-10,,0.0
DA038,2019-11-10,,3.098400115966797
DA038,2019-11-10,,107.5595016479492
DA038,2019-11-11,,0.0
DA038,2019-11-11,,37.86320114135742
DA038,2019-11-11,,14.52639961242676
DA038,2019-11-12,,4.0
DA038,2019-11-12,,0.6345000267028809
DA038,2019-11-02,7:48,0.0
DA038,2019-11-02,12:18,3.514600038528442
DA038,2019-11-02,17:25,32.21939849853516
DA038,2019-11-02,21:03,0.0
DA038,2019-11-03,6:10,0.0
DA038,2019-11-03,12:00,0.0
DA038,2019-11-03,17:10,7.205999851226807
DA038,2019-11-04,7:25,0.0
DA038,2019-11-04,12:00,37.97150039672852
DA038,2019-11-04,16:28,0.0
DA038,2019-11-05,6:32,4.0
DA038,2019-11-05,12:00,0.0
DA038,2019-11-05,16:48,10.56719970703125
DA038,2019-11-06,6:40,9.6899995803833
DA038,2019-11-06,12:28,0.0
DA038,2019-11-06,17:40,35.43899917602539
DA038,2019-11-07,6:25,0.0
DA038,2019-11-07,12:00,1.730399966239929
DA038,2019-11-07,17:10,0.0
DA038,2019-11-08,08:00,0.0
DA038,2019-11-08,12:33,4.217400074005127
DA038,2019-11-08,17:00,81.9000015258789
DA038,2019-11-09,6:47,2.940000057220459
DA038,2019-11-09,12:00,0.0
DA038,2019-11-09,16:33,33.62189865112305
DA039,2019-10-29,7:55,2.0625
DA039,2019-10-29,12:00,0.0
DA039,2019-10-29,17:00,8.51200008392334
DA039,2019-10-29,19:02,0.0
DA039,2019-10-30,7:14,2.422499895095825
DA039,2019-10-30,12:07,0.0
DA039,2019-10-30,16:07,13.89564990997314
DA039,2019-10-30,20:56,0.0
DA039,2019-10-31,8:37,0.0
DA039,2019-10-31,12:00,3.233299970626831
DA039,2019-10-31,17:00,82.50379943847656
DA039,2019-10-31,19:44,2.25
DA039,2019-11-01,08:00,0.0
DA039,2019-11-01,11:01,2.644200086593628
DA039,2019-11-01,17:56,19.56240081787109
DA039,2019-11-01,22:52,0.0
DA039,2019-11-10,8:59,0.0
DA039,2019-11-10,11:52,3.098400115966797
DA039,2019-11-10,16:22,107.5595016479492
DA039,2019-11-10,19:59,0.0
DA039,2019-11-11,,0.0
DA039,2019-11-11,,37.86320114135742
DA039,2019-11-11,,14.52639961242676
DA039,2019-11-11,,0.0
DA039,2019-11-12,,4.0
DA039,2019-11-12,,0.6345000267028809
DA039,2019-11-02,08:00,2.765000104904175
DA039,2019-11-02,12:00,0.8786500096321106
DA039,2019-11-02,16:07,32.21939849853516
DA039,2019-11-02,21:22,0.0
DA039,2019-11-03,8:18,0.0
DA039,2019-11-03,17:00,1.801499962806702
DA039,2019-11-03,20:37,0.0
DA039,2019-11-04,6:51,0.0
DA039,2019-11-04,12:00,9.492875099182129
DA039,2019-11-04,17:00,0.0
DA039,2019-11-04,20:00,0.0
DA039,2019-11-05,8:52,4.0
DA039,2019-11-05,12:00,0.0
DA039,2019-11-05,16:37,10.56719970703125
DA039,2019-11-05,21:44,0.0
DA039,2019-11-06,6:21,9.6899995803833
DA039,2019-11-06,12:00,0.0
DA039,2019-11-06,16:52,35.43899917602539
DA039,2019-11-06,20:22,0.0
DA039,2019-11-07,8:22,0.0
DA039,2019-11-07,12:00,1.730399966239929
DA039,2019-11-07,17:00,0.0
DA039,2019-11-07,22:37,0.0
DA039,2019-11-08,7:52,0.0
DA039,2019-11-08,11:52,4.217400074005127
DA039,2019-11-08,17:00,81.9000015258789
DA039,2019-11-08,19:52,0.0
DA039,2019-11-09,7:44,2.940000057220459
DA039,2019-11-09,12:00,0.0
DA039,2019-11-09,17:00,33.62189865112305
DA039,2019-11-09,20:47,0.0
DA040,2019-10-29,12:16,0.0
DA040,2019-10-29,16:26,0.0
DA040,2019-10-29,20:02,2.25
DA040,2019-10-30,12:00,0.0
DA040,2019-10-30,17:00,27.79129981994629
DA040,2019-10-30,19:09,4.5
DA040,2019-10-31,08:00,0.0
DA040,2019-10-31,11:16,12.93319988250732
DA040,2019-10-31,17:54,82.50379943847656
DA040,2019-10-31,21:32,2.25
DA040,2019-11-01,08:00,0.0
DA040,2019-11-01,11:09,1.322100043296814
DA040,2019-11-01,17:00,78.24960327148438
DA040,2019-11-01,20:00,2.25
DA040,2019-11-10,8:24,0.0
DA040,2019-11-10,12:00,3.098400115966797
DA040,2019-11-10,17:00,107.5595016479492
DA040,2019-11-10,20:00,0.0
DA040,2019-11-11,7:16,0.0
DA040,2019-11-11,12:01,37.86320114135742
DA040,2019-11-11,17:00,14.52639961242676
DA040,2019-11-11,20:00,0.0
DA040,2019-11-12,,4.0
DA040,2019-11-12,,0.6345000267028809
DA040,2019-11-02,08:00,1.382500052452087
DA040,2019-11-02,12:00,3.514600038528442
DA040,2019-11-02,17:00,0.0
DA040,2019-11-02,19:39,0.0
DA040,2019-11-03,08:00,0.0
DA040,2019-11-03,12:00,0.0
DA040,2019-11-03,16:11,3.602999925613403
DA040,2019-11-03,20:57,0.0
DA040,2019-11-04,08:00,0.0
DA040,2019-11-04,12:28,37.97150039672852
DA040,2019-11-04,17:00,0.0
DA040,2019-11-04,20:00,0.0
DA040,2019-11-05,08:00,4.0
DA040,2019-11-05,12:00,0.0
DA040,2019-11-05,17:17,5.283599853515625
DA040,2019-11-05,21:32,0.0
DA040,2019-11-06,08:00,9.6899995803833
DA040,2019-11-06,12:01,0.0
DA040,2019-11-06,16:39,17.7194995880127
DA040,2019-11-06,20:27,0.0
DA040,2019-11-07,7:16,0.0
DA040,2019-11-07,12:00,1.730399966239929
DA040,2019-11-07,17:00,0.0
DA040,2019-11-07,20:02,0.0
DA040,2019-11-08,08:00,0.0
DA040,2019-11-08,12:00,4.217400074005127
DA040,2019-11-08,16:32,81.9000015258789
DA040,2019-11-08,20:42,0.0
DA040,2019-11-09,08:00,2.940000057220459
DA040,2019-11-09,12:00,0.0
DA040,2019-11-09,16:07,33.62189865112305
DA040,2019-11-09,21:02,0.0
DA041,2019-10-29,11:17,0.0
DA041,2019-10-29,17:25,17.02400016784668
DA041,2019-10-29,20:00,0.0
DA041,2019-10-30,12:00,0.0
DA041,2019-10-30,17:00,55.58259963989258
DA041,2019-10-30,19:40,0.0
DA041,2019-10-31,7:25,0.0
DA041,2019-10-31,12:47,12.93319988250732
DA041,2019-10-31,17:00,82.50379943847656
DA041,2019-10-31,19:58,0.0
DA041,2019-11-01,7:21,0.0
DA041,2019-11-01,12:00,2.644200086593628
DA041,2019-11-01,17:00,78.24960327148438
DA041,2019-11-01,21:40,0.0
DA041,2019-11-10,7:25,0.0
DA041,2019-11-10,12:00,3.098400115966797
DA041,2019-11-10,17:00,107.5595016479492
DA041,2019-11-10,20:00,0.0
DA041,2019-11-11,7:10,0.0
DA041,2019-11-11,12:09,37.86320114135742
DA041,2019-11-11,17:25,14.52639961242676
DA041,2019-11-11,22:55,0.0
DA041,2019-11-12,,0.0
DA041,2019-11-12,,0.6345000267028809
DA041,2019-11-02,08:00,0.6912500262260437
DA041,2019-11-02,12:00,3.514600038528442
DA041,2019-11-02,17:00,32.21939849853516
DA041,2019-11-02,22:25,0.0
DA041,2019-11-03,6:40,0.0
DA041,2019-11-03,12:09,0.0
DA041,2019-11-03,17:00,3.602999925613403
DA041,2019-11-03,20:00,0.0
DA041,2019-11-04,8:17,0.0
DA041,2019-11-04,11:54,37.97150039672852
DA041,2019-11-04,17:00,0.0
DA041,2019-11-04,21:25,0.0
DA041,2019-11-05,6:25,2.0
DA041,2019-11-05,12:47,0.0
DA041,2019-11-05,17:00,5.283599853515625
DA041,2019-11-05,21:47,0.0
DA041,2019-11-06,7:17,9.6899995803833
DA041,2019-11-06,12:24,0.0
DA041,2019-11-06,17:25,35.43899917602539
DA041,2019-11-06,20:00,0.0
DA041,2019-11-07,7:02,0.0
DA041,2019-11-07,12:09,1.730399966239929
DA041,2019-11-07,17:00,0.0
DA041,2019-11-07,22:25,0.0
DA041,2019-11-08,7:10,0.0
DA041,2019-11-08,12:47,4.217400074005127
DA041,2019-11-08,17:30,81.9000015258789
DA041,2019-11-08,21:47,0.0
DA041,2019-11-09,6:25,2.940000057220459
DA041,2019-11-09,11:54,0.0
DA041,2019-11-09,17:25,33.62189865112305
DA041,2019-11-09,20:40,0.0
DA042,2019-10-29,11:43,0.0
DA042,2019-10-29,17:50,17.02400016784668
DA042,2019-10-29,20:42,0.0
DA042,2019-10-30,12:00,0.0
DA042,2019-10-30,17:00,55.58259963989258
DA042,2019-10-30,20:50,4.5
DA042,2019-10-31,7:28,0.0
DA042,2019-10-31,12:43,12.93319988250732
DA042,2019-10-31,17:00,82.50379943847656
DA042,2019-10-31,19:12,45.60964965820312
DA042,2019-11-01,7:43,0.0
DA042,2019-11-01,12:13,2.644200086593628
DA042,2019-11-01,17:00,78.24960327148438
DA042,2019-11-01,19:12,0.0
DA042,2019-11-10,7:58,0.0
DA042,2019-11-10,12:13,3.098400115966797
DA042,2019-11-10,17:00,107.5595016479492
DA042,2019-11-10,20:00,0.0
DA042,2019-11-11,,0.0
DA042,2019-11-11,,37.86320114135742
DA042,2019-11-11,,14.52639961242676
DA042,2019-11-11,,0.0
DA042,2019-11-12,,4.0
DA042,2019-11-12,,0.6345000267028809
DA042,2019-11-02,7:28,0.6912500262260437
DA042,2019-11-02,12:00,3.514600038528442
DA042,2019-11-02,17:00,32.21939849853516
DA042,2019-11-03,8:50,0.0
DA042,2019-11-03,12:00,0.0
DA042,2019-11-03,17:00,7.205999851226807
DA042,2019-11-03,19:02,0.0
DA042,2019-11-04,08:00,0.0
DA042,2019-11-04,12:00,37.97150039672852
DA042,2019-11-04,17:00,0.0
DA042,2019-11-04,22:12,0.0
DA042,2019-11-05,7:28,2.0
DA042,2019-11-05,12:00,0.0
DA042,2019-11-05,17:00,10.56719970703125
DA042,2019-11-05,21:20,0.0
DA042,2019-11-06,7:13,9.6899995803833
DA042,2019-11-06,12:13,0.0
DA042,2019-11-06,17:00,0.0
DA042,2019-11-06,19:05,0.0
DA042,2019-11-07,7:28,0.0
DA042,2019-11-07,11:05,1.730399966239929
DA042,2019-11-07,17:42,0.0
DA042,2019-11-07,20:00,0.0
DA042,2019-11-08,6:28,0.0
DA042,2019-11-08,12:13,4.217400074005127
DA042,2019-11-08,17:27,81.9000015258789
DA042,2019-11-08,20:12,0.0
DA042,2019-11-09,6:28,2.940000057220459
DA042,2019-11-09,12:00,0.0
DA042,2019-11-09,17:00,33.62189865112305
DA043,2019-10-29,12:01,0.0
DA043,2019-10-29,17:39,17.02400016784668
DA043,2019-10-29,22:17,0.0
DA043,2019-10-30,12:00,0.0
DA043,2019-10-30,17:00,55.58259963989258
DA043,2019-10-30,20:50,0.0
DA043,2019-10-31,7:16,0.0
DA043,2019-10-31,12:00,12.93319988250732
DA043,2019-10-31,17:00,82.50379943847656
DA043,2019-10-31,20:00,91.21929931640625
DA043,2019-11-01,8:07,0.0
DA043,2019-11-01,12:00,2.644200086593628
DA043,2019-11-01,19:32,0.0
DA043,2019-11-10,8:46,0.0
DA043,2019-11-10,12:00,3.098400115966797
DA043,2019-11-10,17:17,107.5595016479492
DA043,2019-11-10,20:00,0.0
DA043,2019-11-11,08:00,0.0
DA043,2019-11-11,12:00,37.86320114135742
DA043,2019-11-11,16:22,14.52639961242676
DA043,2019-11-11,22:17,0.0
DA043,2019-11-12,,4.0
DA043,2019-11-12,,0.6345000267028809
DA043,2019-11-02,8:58,0.6912500262260437
DA043,2019-11-02,12:00,3.514600038528442
DA043,2019-11-02,16:26,32.21939849853516
DA043,2019-11-02,21:47,0.0
DA043,2019-11-03,8:28,0.0
DA043,2019-11-03,12:00,0.0
DA043,2019-11-03,17:00,7.205999851226807
DA043,2019-11-03,20:05,0.0
DA043,2019-11-04,8:42,0.0
DA043,2019-11-04,12:39,37.97150039672852
DA043,2019-11-04,17:00,0.0
DA043,2019-11-04,22:09,0.0
DA043,2019-11-05,8:01,4.0
DA043,2019-11-05,12:54,0.0
DA043,2019-11-05,17:00,10.56719970703125
DA043,2019-11-05,20:02,0.0
DA043,2019-11-06,8:46,0.0
DA043,2019-11-06,12:22,0.0
DA043,2019-11-06,17:17,35.43899917602539
DA043,2019-11-06,20:27,0.0
DA043,2019-11-07,08:00,0.0
DA043,2019-11-07,12:00,1.730399966239929
DA043,2019-11-07,17:00,0.0
DA043,2019-11-07,20:00,0.0
DA043,2019-11-08,7:54,0.0
DA043,2019-11-08,12:00,4.217400074005127
DA043,2019-11-08,17:32,81.9000015258789
DA043,2019-11-08,21:22,0.0
DA043,2019-11-09,08:00,2.940000057220459
DA043,2019-11-09,12:00,0.0
DA043,2019-11-09,17:00,33.62189865112305
DA043,2019-11-09,22:47,0.0
DA044,2019-10-29,11:23,0.0
DA044,2019-10-29,17:00,8.51200008392334
DA044,2019-10-29,20:00,0.0
DA044,2019-10-30,12:16,0.0
DA044,2019-10-30,17:00,41.68695068359375
DA044,2019-10-30,20:00,0.0
DA044,2019-10-31,12:01,9.699899673461914
DA044,2019-10-31,17:30,82.50379943847656
DA044,2019-10-31,20:00,0.0
DA044,2019-11-01,,0.0
DA044,2019-11-01,,0.661050021648407
DA044,2019-11-01,,0.0
DA044,2019-11-01,,0.0
DA044,2019-11-10,,3.098400115966797
DA044,2019-11-10,,107.5595016479492
DA044,2019-11-10,,0.0
DA044,2019-11-11,,37.86320114135742
DA044,2019-11-11,,14.52639961242676
DA044,2019-11-11,,0.0
DA044,2019-11-12,,4.0
DA044,2019-11-12,,0.6345000267028809
DA044,2019-11-02,,0.6912500262260437
DA044,2019-11-02,,3.514600038528442
DA044,2019-11-02,,0.0
DA044,2019-11-03,,0.0
DA044,2019-11-03,,0.0
DA044,2019-11-03,,7.205999851226807
DA044,2019-11-03,,4.5
DA044,2019-11-04,,0.0
DA044,2019-11-04,,37.97150039672852
DA044,2019-11-04,,0.0
DA044,2019-11-04,,0.0
DA044,2019-11-05,,4.0
DA044,2019-11-05,,0.0
DA044,2019-11-05,,10.56719970703125
DA044,2019-11-05,,0.0
DA044,2019-11-06,,9.6899995803833
DA044,2019-11-06,,0.0
DA044,2019-11-06,,35.43899917602539
DA044,2019-11-06,,0.0
DA044,2019-11-07,,1.730399966239929
DA044,2019-11-07,,0.0
DA044,2019-11-07,,0.0
DA044,2019-11-08,,0.0
DA044,2019-11-08,,4.217400074005127
DA044,2019-11-08,,81.9000015258789
DA044,2019-11-08,,4.5
DA044,2019-11-09,,0.0
DA044,2019-11-09,,33.62189865112305
DA044,2019-11-09,,0.0
DA045,2019-10-29,12:00,0.0
DA045,2019-10-29,17:51,17.02400016784668
DA045,2019-10-29,22:06,4.5
DA045,2019-10-30,12:05,0.0
DA045,2019-10-30,17:00,27.79129981994629
DA045,2019-10-30,19:33,0.0
DA045,2019-10-31,08:00,0.0
DA045,2019-10-31,12:35,12.93319988250732
DA045,2019-10-31,17:00,82.50379943847656
DA045,2019-10-31,20:00,2.25
DA045,2019-11-01,,0.0
DA045,2019-11-01,,2.644200086593628
DA045,2019-11-01,,78.24960327148438
DA045,2019-11-01,,0.0
DA045,2019-11-10,,0.0
DA045,2019-11-10,,3.098400115966797
DA045,2019-11-10,,107.5595016479492
DA045,2019-11-10,,0.0
DA045,2019-11-11,,0.0
DA045,2019-11-11,,37.86320114135742
DA045,2019-11-11,,14.52639961242676
DA045,2019-11-11,,0.0
DA045,2019-11-12,,4.0
DA045,2019-11-12,,0.6345000267028809
DA045,2019-11-02,,0.6912500262260437
DA045,2019-11-02,,3.514600038528442
DA045,2019-11-02,,32.21939849853516
DA045,2019-11-02,,0.0
DA045,2019-11-03,,0.0
DA045,2019-11-03,,0.0
DA045,2019-11-03,,7.205999851226807
DA045,2019-11-03,,2.25
DA045,2019-11-04,,0.0
DA045,2019-11-04,,37.97150039672852
DA045,2019-11-04,,0.0
DA045,2019-11-04,,12.87487506866455
DA045,2019-11-05,,4.0
DA045,2019-11-05,,0.0
DA045,2019-11-05,,10.56719970703125
DA045,2019-11-05,,4.5
DA045,2019-11-06,,9.6899995803833
DA045,2019-11-06,,0.0
DA045,2019-11-06,,35.43899917602539
DA045,2019-11-06,,0.0
DA045,2019-11-07,,0.0
DA045,2019-11-07,,1.730399966239929
DA045,2019-11-07,,0.0
DA045,2019-11-07,,0.0
DA045,2019-11-08,,0.0
DA045,2019-11-08,,4.217400074005127
DA045,2019-11-08,,81.9000015258789
DA045,2019-11-08,,0.0
DA045,2019-11-09,,2.940000057220459
DA045,2019-11-09,,0.0
DA045,2019-11-09,,33.62189865112305
DA045,2019-11-09,,0.0
DA046,2019-10-29,12:20,0.0
DA046,2019-10-29,17:49,4.25600004196167
DA046,2019-10-29,21:27,0.0
DA046,2019-10-30,12:00,0.0
DA046,2019-10-30,17:00,27.79129981994629
DA046,2019-10-30,21:57,0.0
DA046,2019-10-31,12:00,3.233299970626831
DA046,2019-10-31,16:34,41.25189971923828
DA046,2019-10-31,22:04,45.60964965820312
DA046,2019-11-01,7:19,0.0
DA046,2019-11-01,12:35,1.322100043296814
DA046,2019-11-01,17:00,58.68719863891602
DA046,2019-11-01,20:00,0.0
DA046,2019-11-10,08:00,0.0
DA046,2019-11-10,12:00,2.323800086975098
DA046,2019-11-10,17:00,53.77975082397461
DA046,2019-11-10,20:42,0.0
DA046,2019-11-11,6:34,0.0
DA046,2019-11-11,12:00,9.465800285339355
DA046,2019-11-11,17:00,7.263199806213379
DA046,2019-11-11,20:49,0.0
DA046,2019-11-12,,4.0
DA046,2019-11-12,,0.6345000267028809
DA046,2019-11-02,08:00,4.5
DA046,2019-11-02,12:50,2.635950088500977
DA046,2019-11-02,17:04,32.21939849853516
DA046,2019-11-02,21:49,0.0
DA046,2019-11-03,6:19,0.0
DA046,2019-11-03,12:00,0.0
DA046,2019-11-03,17:00,0.0
DA046,2019-11-03,19:57,0.0
DA046,2019-11-04,08:00,0.0
DA046,2019-11-04,11:35,18.98575019836426
DA046,2019-11-04,16:19,0.0
DA046,2019-11-04,21:00,2.25
DA046,2019-11-05,08:00,4.0
DA046,2019-11-05,12:00,0.0
DA046,2019-11-05,17:00,5.283599853515625
DA046,2019-11-05,21:27,12.62512493133545
DA046,2019-11-06,8:38,9.6899995803833
DA046,2019-11-06,12:00,0.0
DA046,2019-11-06,17:34,26.57925033569336
DA046,2019-11-06,22:04,0.0
DA046,2019-11-07,6:27,0.0
DA046,2019-11-07,12:00,1.730399966239929
DA046,2019-11-07,16:25,0.0
DA046,2019-11-07,21:57,0.0
DA046,2019-11-08,08:00,0.0
DA046,2019-11-08,12:00,4.217400074005127
DA046,2019-11-08,17:00,40.95000076293945
DA046,2019-11-08,21:49,0.0
DA046,2019-11-09,7:00,0.0
DA046,2019-11-09,12:15,0.0
DA046,2019-11-09,17:00,25.2164249420166
DA046,2019-11-09,20:00,0.0
DA047,2019-10-29,12:00,0.0
DA047,2019-10-29,17:15,8.51200008392334
DA047,2019-10-29,21:07,0.0
DA047,2019-10-30,12:00,0.0
DA047,2019-10-30,17:00,27.79129981994629
DA047,2019-10-30,20:48,0.0
DA047,2019-10-31,11:52,3.233299970626831
DA047,2019-10-31,16:22,41.25189971923828
DA047,2019-10-31,20:00,70.66447448730469
DA047,2019-11-01,08:00,0.0
DA047,2019-11-01,11:37,1.983150005340576
DA047,2019-11-01,17:00,78.24960327148438
DA047,2019-11-01,19:30,2.25
DA047,2019-11-10,,0.0
DA047,2019-11-10,,1.549200057983398
DA047,2019-11-10,,107.5595016479492
DA047,2019-11-11,,0.0
DA047,2019-11-11,,18.93160057067871
DA047,2019-11-11,,14.52639961242676
DA047,2019-11-11,,0.0
DA047,2019-11-12,,4.0
DA047,2019-11-12,,0.6345000267028809
DA047,2019-11-02,08:00,2.765000104904175
DA047,2019-11-02,12:00,1.757300019264221
DA047,2019-11-02,17:00,16.10969924926758
DA047,2019-11-02,21:52,0.0
DA047,2019-11-03,8:32,0.0
DA047,2019-11-03,12:00,0.0
DA047,2019-11-03,17:00,1.801499962806702
DA047,2019-11-03,20:15,0.0
DA047,2019-11-04,08:00,0.0
DA047,2019-11-04,12:00,9.492875099182129
DA047,2019-11-04,16:03,0.0
DA047,2019-11-04,22:00,0.0
DA047,2019-11-05,7:56,4.0
DA047,2019-11-05,12:00,0.0
DA047,2019-11-05,17:00,10.56719970703125
DA047,2019-11-05,19:30,2.25
DA047,2019-11-06,08:00,9.6899995803833
DA047,2019-11-06,16:22,35.43899917602539
DA047,2019-11-06,21:15,0.0
DA047,2019-11-07,6:37,0.0
DA047,2019-11-07,12:00,1.730399966239929
DA047,2019-11-07,17:00,0.0
DA047,2019-11-07,21:07,2.25
DA047,2019-11-08,7:37,0.0
DA047,2019-11-08,11:37,4.217400074005127
DA047,2019-11-08,16:22,40.95000076293945
DA047,2019-11-08,20:00,0.0
DA047,2019-11-09,,2.204999923706055
DA047,2019-11-09,,0.0
DA047,2019-11-09,,16.81094932556152
DA047,2019-11-09,,2.25
DA048,2019-10-29,11:37,0.0
DA048,2019-10-29,19:22,0.0
DA048,2019-10-30,12:00,0.0
DA048,2019-10-30,17:00,55.58259963989258
DA048,2019-10-30,22:04,0.0
DA048,2019-10-31,08:00,0.0
DA048,2019-10-31,12:00,12.93319988250732
DA048,2019-10-31,17:00,82.50379943847656
DA048,2019-10-31,21:37,0.0
DA048,2019-11-01,08:00,0.0
DA048,2019-11-01,12:00,2.644200086593628
DA048,2019-11-01,17:00,78.24960327148438
DA048,2019-11-10,,0.0
DA048,2019-11-10,,0.7746000289916992
DA048,2019-11-10,,107.5595016479492
DA048,2019-11-10,,0.0
DA048,2019-11-11,,0.0
DA048,2019-11-11,,37.86320114135742
DA048,2019-11-11,,14.52639961242676
DA048,2019-11-11,,0.0
DA048,2019-11-12,,4.0
DA048,2019-11-12,,0.6345000267028809
DA048,2019-11-02,8:13,0.6912500262260437
DA048,2019-11-02,12:00,3.514600038528442
DA048,2019-11-02,17:00,8.054849624633789
DA048,2019-11-02,20:07,0.0
DA048,2019-11-03,08:00,0.0
DA048,2019-11-03,12:00,0.0
DA048,2019-11-03,17:00,7.205999851226807
DA048,2019-11-03,20:34,0.0
DA048,2019-11-04,7:27,0.0
DA048,2019-11-04,12:00,37.97150039672852
DA048,2019-11-04,17:00,0.0
DA048,2019-11-04,21:00,0.0
DA048,2019-11-05,7:42,4.0
DA048,2019-11-05,12:37,0.0
DA048,2019-11-05,20:45,0.0
DA048,2019-11-06,7:45,0.0
DA048,2019-11-06,17:00,35.43899917602539
DA048,2019-11-06,21:48,0.0
DA048,2019-11-07,08:00,0.0
DA048,2019-11-07,12:00,1.730399966239929
DA048,2019-11-07,17:00,0.0
DA048,2019-11-07,21:12,0.0
DA048,2019-11-08,08:00,0.0
DA048,2019-11-08,11:52,4.217400074005127
DA048,2019-11-08,16:52,81.9000015258789
DA048,2019-11-08,21:30,0.0
DA048,2019-11-09,08:00,2.940000057220459
DA048,2019-11-09,12:00,0.0
DA048,2019-11-09,16:03,33.62189865112305
DA048,2019-11-09,20:33,0.0
DA049,2019-10-29,11:46,0.0
DA049,2019-10-29,16:26,17.02400016784668
DA049,2019-10-29,21:53,4.5
DA049,2019-10-30,12:00,0.0
DA049,2019-10-30,17:00,55.58259963989258
DA049,2019-10-30,20:41,4.5
DA049,2019-10-31,12:00,12.93319988250732
DA049,2019-10-31,17:00,82.50379943847656
DA049,2019-10-31,21:19,9.0
DA049,2019-11-01,08:00,0.0
DA049,2019-11-01,12:00,2.644200086593628
DA049,2019-11-01,17:41,78.24960327148438
DA049,2019-11-01,22:05,4.5
DA049,2019-11-10,08:00,0.0
DA049,2019-11-10,12:00,3.098400115966797
DA049,2019-11-10,17:00,107.5595016479492
DA049,2019-11-10,21:05,0.0
DA049,2019-11-11,12:53,37.86320114135742
DA049,2019-11-11,16:45,14.52639961242676
DA049,2019-11-11,21:11,2.25
DA049,2019-11-12,,4.0
DA049,2019-11-12,,0.6345000267028809
DA049,2019-11-02,08:00,0.6912500262260437
DA049,2019-11-02,12:00,3.514600038528442
DA049,2019-11-02,17:35,32.21939849853516
DA049,2019-11-02,21:30,0.0
DA049,2019-11-03,8:01,0.0
DA049,2019-11-03,12:00,0.0
DA049,2019-11-03,17:00,7.205999851226807
DA049,2019-11-03,19:08,0.0
DA049,2019-11-04,8:19,0.0
DA049,2019-11-04,12:00,37.97150039672852
DA049,2019-11-04,17:00,0.0
DA049,2019-11-04,20:50,4.5
DA049,2019-11-05,08:00,4.0
DA049,2019-11-05,12:00,0.0
DA049,2019-11-05,17:00,10.56719970703125
DA049,2019-11-05,20:08,4.5
DA049,2019-11-06,08:00,9.6899995803833
DA049,2019-11-06,12:00,0.0
DA049,2019-11-06,17:00,35.43899917602539
DA049,2019-11-06,21:11,0.0
DA049,2019-11-07,8:01,0.0
DA049,2019-11-07,12:00,1.730399966239929
DA049,2019-11-07,17:45,0.0
DA049,2019-11-07,22:23,0.0
DA049,2019-11-08,08:00,0.0
DA049,2019-11-08,12:00,4.217400074005127
DA049,2019-11-08,17:00,81.9000015258789
DA049,2019-11-08,20:56,2.25
DA049,2019-11-09,8:35,2.940000057220459
DA049,2019-11-09,12:00,0.0
DA049,2019-11-09,17:23,33.62189865112305
DA049,2019-11-09,21:50,0.0
DA050,2019-10-29,11:18,0.0
DA050,2019-10-29,17:00,17.02400016784668
DA050,2019-10-29,21:03,0.0
DA050,2019-10-30,12:00,0.0
DA050,2019-10-30,17:00,55.58259963989258
DA050,2019-10-30,19:30,0.0
DA050,2019-10-31,8:54,0.0
DA050,2019-10-31,12:00,12.93319988250732
DA050,2019-10-31,16:44,82.50379943847656
DA050,2019-10-31,22:14,0.0
DA050,2019-11-01,6:03,0.0
DA050,2019-11-01,12:00,2.644200086593628
DA050,2019-11-01,17:00,39.12480163574219
DA050,2019-11-01,20:00,0.0
DA050,2019-11-10,,0.0
DA050,2019-11-10,,3.098400115966797
DA050,2019-11-10,,107.5595016479492
DA050,2019-11-10,,0.0
DA050,2019-11-11,,0.0
DA050,2019-11-11,,37.86320114135742
DA050,2019-11-11,,14.52639961242676
DA050,2019-11-11,,0.0
DA050,2019-11-12,,0.0
DA050,2019-11-02,,0.6912500262260437
DA050,2019-11-02,,3.514600038528442
DA050,2019-11-02,,32.21939849853516
DA050,2019-11-02,,2.25
DA050,2019-11-03,,0.0
DA050,2019-11-03,,0.0
DA050,2019-11-03,,7.205999851226807
DA050,2019-11-03,,0.0
DA050,2019-11-04,,0.0
DA050,2019-11-04,,37.97150039672852
DA050,2019-11-04,,0.0
DA050,2019-11-04,,0.0
DA050,2019-11-05,,4.0
DA050,2019-11-05,,0.0
DA050,2019-11-05,,10.56719970703125
DA050,2019-11-05,,0.0
DA050,2019-11-06,,9.6899995803833
DA050,2019-11-06,,0.0
DA050,2019-11-06,,35.43899917602539
DA050,2019-11-06,,0.0
DA050,2019-11-07,,0.0
DA050,2019-11-07,,1.730399966239929
DA050,2019-11-07,,0.0
DA050,2019-11-07,,0.0
DA050,2019-11-08,,0.0
DA050,2019-11-08,,4.217400074005127
DA050,2019-11-08,,81.9000015258789
DA050,2019-11-08,,0.0
DA050,2019-11-09,,2.940000057220459
DA050,2019-11-09,,0.0
DA050,2019-11-09,,33.62189865112305
DA050,2019-11-09,,0.0
DA051,2019-10-29,11:31,0.0
DA051,2019-10-29,17:00,4.25600004196167
DA051,2019-10-29,21:00,2.25
DA051,2019-10-30,12:00,0.0
DA051,2019-10-30,17:00,27.79129981994629
DA051,2019-10-30,19:20,0.0
DA051,2019-10-31,11:31,6.466599941253662
DA051,2019-10-31,16:30,41.25189971923828
DA051,2019-10-31,20:56,45.60964965820312
DA051,2019-11-01,11:06,1.322100043296814
DA051,2019-11-01,16:30,58.68719863891602
DA051,2019-11-10,8:46,0.0
DA051,2019-11-10,11:31,2.323800086975098
DA051,2019-11-10,17:00,107.5595016479492
DA051,2019-11-10,20:00,0.0
DA051,2019-11-11,,18.93160057067871
DA051,2019-11-11,,0.0
DA051,2019-11-11,,0.0
DA051,2019-11-12,,4.0
DA051,2019-11-12,,0.6345000267028809
DA051,2019-11-02,12:00,2.635950088500977
DA051,2019-11-02,17:00,32.21939849853516
DA051,2019-11-02,19:26,0.0
DA051,2019-11-03,8:05,0.0
DA051,2019-11-03,12:00,0.0
DA051,2019-11-03,17:00,0.0
DA051,2019-11-03,19:30,0.0
DA051,2019-11-04,8:01,0.0
DA051,2019-11-04,12:00,18.98575019836426
DA051,2019-11-04,17:00,0.0
DA051,2019-11-04,21:15,2.25
DA051,2019-11-05,7:53,4.0
DA051,2019-11-05,12:26,0.0
DA051,2019-11-05,17:00,5.283599853515625
DA051,2019-11-05,21:00,0.0
DA051,2019-11-06,7:30,9.6899995803833
DA051,2019-11-06,11:11,0.0
DA051,2019-11-06,17:00,26.57925033569336
DA051,2019-11-07,08:00,0.0
DA051,2019-11-07,12:00,1.730399966239929
DA051,2019-11-07,17:00,0.0
DA051,2019-11-07,22:15,0.0
DA051,2019-11-08,08:00,0.0
DA051,2019-11-08,11:38,4.217400074005127
DA051,2019-11-08,17:00,40.95000076293945
DA051,2019-11-08,20:15,0.0
DA051,2019-11-09,6:38,2.25
DA051,2019-11-09,12:00,0.0
DA051,2019-11-09,17:00,16.81094932556152
DA051,2019-11-09,22:23,0.0
DA052,2019-10-29,12:37,0.0
DA052,2019-10-29,17:00,4.25600004196167
DA052,2019-10-29,21:22,0.0
DA052,2019-10-30,12:59,0.0
DA052,2019-10-30,17:00,27.79129981994629
DA052,2019-10-30,19:37,4.5
DA052,2019-10-31,12:00,12.93319988250732
DA052,2019-10-31,17:00,41.25189971923828
DA052,2019-10-31,19:22,4.5
DA052,2019-11-01,8:52,0.0
DA052,2019-11-01,11:44,2.644200086593628
DA052,2019-11-01,17:52,39.12480163574219
DA052,2019-11-01,21:22,4.5
DA052,2019-11-10,8:16,0.0
DA052,2019-11-10,12:00,3.098400115966797
DA052,2019-11-10,17:00,107.5595016479492
DA052,2019-11-11,8:59,0.0
DA052,2019-11-11,11:52,18.93160057067871
DA052,2019-11-11,17:00,7.263199806213379
DA052,2019-11-11,20:00,0.0
DA052,2019-11-12,,0.0
DA052,2019-11-12,,0.0
DA052,2019-11-02,08:00,0.6912500262260437
DA052,2019-11-02,12:44,1.757300019264221
DA052,2019-11-02,17:00,32.21939849853516
DA052,2019-11-02,21:52,4.5
DA052,2019-11-03,8:12,0.0
DA052,2019-11-03,12:29,0.0
DA052,2019-11-03,17:22,3.602999925613403
DA052,2019-11-03,22:07,0.0
DA052,2019-11-04,8:07,0.0
DA052,2019-11-04,12:37,37.97150039672852
DA052,2019-11-04,17:00,0.0
DA052,2019-11-04,20:33,0.0
DA052,2019-11-05,7:29,4.0
DA052,2019-11-05,12:00,0.0
DA052,2019-11-05,17:00,5.283599853515625
DA052,2019-11-05,21:37,0.0
DA052,2019-11-06,8:59,9.6899995803833
DA052,2019-11-06,12:07,0.0
DA052,2019-11-06,17:11,0.0
DA052,2019-11-06,20:44,0.0
DA052,2019-11-07,08:00,0.0
DA052,2019-11-07,12:00,1.730399966239929
DA052,2019-11-07,16:52,0.0
DA052,2019-11-07,21:59,0.0
DA052,2019-11-08,8:07,0.0
DA052,2019-11-08,12:00,2.108700037002563
DA052,2019-11-08,17:00,81.9000015258789
DA052,2019-11-08,21:56,0.0
DA052,2019-11-09,6:52,2.940000057220459
DA052,2019-11-09,12:07,0.0
DA052,2019-11-09,17:14,33.62189865112305
DA052,2019-11-09,20:00,0.0
DA053,2019-10-29,12:00,0.0
DA053,2019-10-29,16:30,8.51200008392334
DA053,2019-10-29,20:55,0.0
DA053,2019-10-30,12:00,0.0
DA053,2019-10-30,16:25,27.79129981994629
DA053,2019-10-30,21:19,0.0
DA053,2019-10-31,12:00,6.466599941253662
DA053,2019-10-31,16:02,41.25189971923828
DA053,2019-10-31,19:32,45.60964965820312
DA053,2019-11-01,08:00,0.0
DA053,2019-11-01,12:00,1.322100043296814
DA053,2019-11-01,17:00,39.12480163574219
DA053,2019-11-10,,0.0
DA053,2019-11-10,,3.098400115966797
DA053,2019-11-10,,107.5595016479492
DA053,2019-11-10,,0.0
DA053,2019-11-11,,0.0
DA053,2019-11-11,,14.52639961242676
DA053,2019-11-11,,0.0
DA053,2019-11-12,,4.0
DA053,2019-11-12,,0.6345000267028809
DA053,2019-11-02,8:21,0.0
DA053,2019-11-02,12:00,1.757300019264221
DA053,2019-11-02,17:10,32.21939849853516
DA053,2019-11-02,22:17,0.0
DA053,2019-11-03,08:00,0.0
DA053,2019-11-03,12:00,0.0
DA053,2019-11-03,17:00,3.602999925613403
DA053,2019-11-03,21:49,0.0
DA053,2019-11-04,7:54,0.0
DA053,2019-11-04,12:00,18.98575019836426
DA053,2019-11-04,17:00,0.0
DA053,2019-11-04,20:25,0.0
DA053,2019-11-05,8:02,4.0
DA053,2019-11-05,12:00,0.0
DA053,2019-11-05,17:00,5.283599853515625
DA053,2019-11-05,20:00,0.0
DA053,2019-11-06,,9.6899995803833
DA053,2019-11-06,,35.43899917602539
DA053,2019-11-06,,0.0
DA053,2019-11-07,,0.0
DA053,2019-11-07,,0.0
DA053,2019-11-07,,0.0
DA053,2019-11-08,,0.0
DA053,2019-11-08,,4.217400074005127
DA053,2019-11-08,,81.9000015258789
DA053,2019-11-08,,0.0
DA053,2019-11-09,,0.0
DA053,2019-11-09,,0.0
DA053,2019-11-09,,33.62189865112305
DA053,2019-11-09,,0.0
DA054,2019-10-29,12:00,0.0
DA054,2019-10-29,16:33,8.51200008392334
DA054,2019-10-29,21:48,4.5
DA054,2019-10-30,12:00,0.0
DA054,2019-10-30,17:11,27.79129981994629
DA054,2019-10-30,21:18,0.0
DA054,2019-10-31,8:54,0.0
DA054,2019-10-31,12:00,3.233299970626831
DA054,2019-10-31,17:00,41.25189971923828
DA054,2019-10-31,19:18,71.3593978881836
DA054,2019-11-01,6:03,0.0
DA054,2019-11-01,12:00,2.644200086593628
DA054,2019-11-01,16:24,39.12480163574219
DA054,2019-11-10,08:00,0.0
DA054,2019-11-10,12:00,1.549200057983398
DA054,2019-11-10,17:00,53.77975082397461
DA054,2019-11-11,6:33,0.0
DA054,2019-11-11,12:00,18.93160057067871
DA054,2019-11-11,17:11,7.263199806213379
DA054,2019-11-12,,4.0
DA054,2019-11-12,,0.6345000267028809
DA054,2019-11-02,8:11,0.0
DA054,2019-11-02,12:00,1.757300019264221
DA054,2019-11-02,17:00,32.21939849853516
DA054,2019-11-02,20:03,0.0
DA054,2019-11-03,08:00,0.0
DA054,2019-11-03,12:00,0.0
DA054,2019-11-03,17:00,0.0
DA054,2019-11-03,20:39,2.25
DA054,2019-11-04,08:00,0.0
DA054,2019-11-04,12:19,18.98575019836426
DA054,2019-11-04,17:03,0.0
DA054,2019-11-04,21:14,0.0
DA054,2019-11-05,7:03,4.0
DA054,2019-11-05,12:09,0.0
DA054,2019-11-05,16:29,5.283599853515625
DA054,2019-11-05,21:41,0.0
DA054,2019-11-06,08:00,0.0
DA054,2019-11-06,12:00,0.0
DA054,2019-11-06,16:26,17.7194995880127
DA054,2019-11-07,08:00,0.0
DA054,2019-11-07,11:48,1.730399966239929
DA054,2019-11-07,17:00,0.0
DA054,2019-11-08,08:00,0.0
DA054,2019-11-08,12:00,4.217400074005127
DA054,2019-11-08,17:00,40.95000076293945
DA054,2019-11-09,8:03,0.0
DA054,2019-11-09,12:00,0.0
DA054,2019-11-09,17:00,16.81094932556152
DA055,2019-10-29,12:00,0.0
DA055,2019-10-29,17:50,8.51200008392334
DA055,2019-10-29,20:57,0.0
DA055,2019-10-30,12:28,0.0
DA055,2019-10-30,17:00,27.79129981994629
DA055,2019-10-30,20:00,0.0
DA055,2019-10-31,12:00,12.93319988250732
DA055,2019-10-31,17:00,82.50379943847656
DA055,2019-10-31,20:37,50.10964965820312
DA055,2019-11-01,8:43,0.0
DA055,2019-11-01,12:00,1.322100043296814
DA055,2019-11-01,17:00,78.24960327148438
DA055,2019-11-01,20:37,0.0
DA055,2019-11-10,8:16,0.0
DA055,2019-11-10,12:00,3.098400115966797
DA055,2019-11-10,17:00,53.77975082397461
DA055,2019-11-10,20:39,0.0
DA055,2019-11-11,08:00,0.0
DA055,2019-11-11,12:00,9.465800285339355
DA055,2019-11-11,16:03,14.52639961242676
DA055,2019-11-11,21:12,0.0
DA055,2019-11-12,,4.0
DA055,2019-11-12,,0.6345000267028809
DA055,2019-11-02,08:00,0.0
DA055,2019-11-02,12:00,3.514600038528442
DA055,2019-11-02,17:00,32.21939849853516
DA055,2019-11-02,19:22,0.0
DA055,2019-11-03,08:00,2.25
DA055,2019-11-03,12:00,0.0
DA055,2019-11-03,17:00,3.602999925613403
DA055,2019-11-03,20:54,0.0
DA055,2019-11-04,08:00,0.0
DA055,2019-11-04,17:07,0.0
DA055,2019-11-04,21:20,0.0
DA055,2019-11-05,7:57,4.0
DA055,2019-11-05,12:00,0.0
DA055,2019-11-05,17:00,10.56719970703125
DA055,2019-11-05,20:16,2.25
DA055,2019-11-06,6:31,0.0
DA055,2019-11-06,11:58,0.0
DA055,2019-11-06,16:27,35.43899917602539
DA055,2019-11-06,22:07,0.0
DA055,2019-11-07,6:42,0.0
DA055,2019-11-07,17:35,0.0
DA055,2019-11-07,22:05,0.0
DA055,2019-11-08,08:00,0.0
DA055,2019-11-08,12:00,4.217400074005127
DA055,2019-11-08,17:27,81.9000015258789
DA055,2019-11-08,21:35,0.0
DA055,2019-11-09,08:00,0.0
DA055,2019-11-09,12:58,0.0
DA055,2019-11-09,17:05,8.405474662780762
DA055,2019-11-09,21:42,2.25
DA056,2019-10-29,08:00,0.0
DA056,2019-10-29,11:35,0.0
DA056,2019-10-29,17:00,8.51200008392334
DA056,2019-10-29,21:42,0.0
DA056,2019-10-30,6:42,9.6899995803833
DA056,2019-10-30,11:57,0.0
DA056,2019-10-30,17:00,27.79129981994629
DA056,2019-10-30,19:15,0.0
DA056,2019-10-31,7:45,0.0
DA056,2019-10-31,12:05,12.93319988250732
DA056,2019-10-31,17:00,82.50379943847656
DA056,2019-10-31,19:00,0.0
DA056,2019-11-01,6:49,0.0
DA056,2019-11-01,11:53,2.644200086593628
DA056,2019-11-01,17:55,78.24960327148438
DA056,2019-11-01,21:34,0.0
DA056,2019-11-10,,0.0
DA056,2019-11-10,,3.098400115966797
DA056,2019-11-10,,107.5595016479492
DA056,2019-11-11,,0.0
DA056,2019-11-11,,37.86320114135742
DA056,2019-11-11,,14.52639961242676
DA056,2019-11-11,,0.0
DA056,2019-11-12,,4.0
DA056,2019-11-12,,0.6345000267028809
DA056,2019-11-02,08:00,2.765000104904175
DA056,2019-11-02,12:00,3.514600038528442
DA056,2019-11-02,17:49,32.21939849853516
DA056,2019-11-02,21:57,0.0
DA056,2019-11-03,8:42,0.0
DA056,2019-11-03,11:50,0.0
DA056,2019-11-03,16:34,7.205999851226807
DA056,2019-11-03,20:55,0.0
DA056,2019-11-04,6:27,0.0
DA056,2019-11-04,11:50,37.97150039672852
DA056,2019-11-04,17:00,0.0
DA056,2019-11-04,20:00,0.0
DA056,2019-11-05,,4.0
DA056,2019-11-05,,0.0
DA056,2019-11-05,,10.56719970703125
DA056,2019-11-05,,0.0
DA056,2019-11-06,,9.6899995803833
DA056,2019-11-06,,0.0
DA056,2019-11-06,,35.43899917602539
DA056,2019-11-06,,0.0
DA056,2019-11-07,,0.0
DA056,2019-11-07,,1.730399966239929
DA056,2019-11-07,,0.0
DA056,2019-11-07,,0.0
DA056,2019-11-08,,0.0
DA056,2019-11-08,,4.217400074005127
DA056,2019-11-08,,81.9000015258789
DA056,2019-11-08,,0.0
DA056,2019-11-09,,2.940000057220459
DA056,2019-11-09,,0.0
DA056,2019-11-09,,33.62189865112305
DA056,2019-11-09,,0.0
DA057,2019-10-29,11:24,0.0
DA057,2019-10-29,17:55,17.02400016784668
DA057,2019-10-29,22:10,4.5
DA057,2019-10-30,12:00,0.0
DA057,2019-10-30,17:00,55.58259963989258
DA057,2019-10-30,19:28,4.125
DA057,2019-10-31,7:24,0.0
DA057,2019-10-31,12:00,12.93319988250732
DA057,2019-10-31,17:00,82.50379943847656
DA057,2019-10-31,19:00,49.73464965820312
DA057,2019-11-01,08:00,0.0
DA057,2019-11-01,12:00,2.644200086593628
DA057,2019-11-01,16:25,78.24960327148438
DA057,2019-11-01,21:32,2.25
DA057,2019-11-10,,0.0
DA057,2019-11-10,,3.098400115966797
DA057,2019-11-10,,107.5595016479492
DA057,2019-11-10,,4.5
DA057,2019-11-11,,0.0
DA057,2019-11-11,,37.86320114135742
DA057,2019-11-11,,14.52639961242676
DA057,2019-11-11,,0.0
DA057,2019-11-12,,4.0
DA057,2019-11-12,,0.6345000267028809
DA057,2019-11-02,6:10,0.6912500262260437
DA057,2019-11-02,12:00,3.514600038528442
DA057,2019-11-02,17:00,32.21939849853516
DA057,2019-11-02,20:00,0.0
DA057,2019-11-03,08:00,0.0
DA057,2019-11-03,12:00,0.0
DA057,2019-11-03,17:00,0.0
DA057,2019-11-03,20:00,0.0
DA057,2019-11-04,7:54,0.0
DA057,2019-11-04,12:58,37.97150039672852
DA057,2019-11-04,17:00,0.0
DA057,2019-11-04,22:40,4.5
DA057,2019-11-05,08:00,4.0
DA057,2019-11-05,12:00,0.0
DA057,2019-11-05,16:34,10.56719970703125
DA057,2019-11-05,22:17,4.125
DA057,2019-11-06,7:24,9.6899995803833
DA057,2019-11-06,12:00,0.0
DA057,2019-11-06,17:00,35.43899917602539
DA057,2019-11-06,20:55,4.5
DA057,2019-11-07,7:55,0.0
DA057,2019-11-07,12:00,1.730399966239929
DA057,2019-11-07,17:00,0.0
DA057,2019-11-07,21:55,36.125
DA057,2019-11-08,08:00,0.0
DA057,2019-11-08,12:00,4.217400074005127
DA057,2019-11-08,17:10,81.9000015258789
DA057,2019-11-08,21:25,0.0
DA057,2019-11-09,7:40,2.940000057220459
DA057,2019-11-09,11:54,0.0
DA057,2019-11-09,17:47,33.62189865112305
DA057,2019-11-09,21:55,0.0
DA058,2019-10-29,11:13,0.0
DA058,2019-10-29,17:00,17.02400016784668
DA058,2019-10-29,22:27,4.5
DA058,2019-10-30,12:00,0.0
DA058,2019-10-30,17:00,55.58259963989258
DA058,2019-10-30,19:54,31.82999992370605
DA058,2019-10-31,7:43,0.0
DA058,2019-10-31,12:00,12.93319988250732
DA058,2019-10-31,17:00,82.50379943847656
DA058,2019-10-31,19:09,91.21929931640625
DA058,2019-11-01,08:00,0.0
DA058,2019-11-01,12:00,2.644200086593628
DA058,2019-11-01,17:57,78.24960327148438
DA058,2019-11-01,20:50,4.5
DA058,2019-11-10,,0.0
DA058,2019-11-10,,3.098400115966797
DA058,2019-11-10,,107.5595016479492
DA058,2019-11-10,,4.5
DA058,2019-11-11,,0.0
DA058,2019-11-11,,37.86320114135742
DA058,2019-11-11,,14.52639961242676
DA058,2019-11-11,,0.0
DA058,2019-11-12,,0.0
DA058,2019-11-12,,0.6345000267028809
DA058,2019-11-02,7:35,0.6912500262260437
DA058,2019-11-02,12:58,3.514600038528442
DA058,2019-11-02,17:37,32.21939849853516
DA058,2019-11-02,22:07,4.5
DA058,2019-11-03,7:43,0.0
DA058,2019-11-03,11:13,0.0
DA058,2019-11-03,17:00,7.205999851226807
DA058,2019-11-03,20:00,4.5
DA058,2019-11-04,,0.0
DA058,2019-11-04,,37.97150039672852
DA058,2019-11-04,,0.0
DA058,2019-11-04,,4.5
DA058,2019-11-05,,4.0
DA058,2019-11-05,,0.0
DA058,2019-11-05,,10.56719970703125
DA058,2019-11-05,,0.0
DA058,2019-11-06,,9.6899995803833
DA058,2019-11-06,,0.0
DA058,2019-11-06,,35.43899917602539
DA058,2019-11-06,,4.5
DA058,2019-11-07,,0.0
DA058,2019-11-07,,1.730399966239929
DA058,2019-11-07,,0.0
DA058,2019-11-07,,0.0
DA058,2019-11-08,,0.0
DA058,2019-11-08,,4.217400074005127
DA058,2019-11-08,,81.9000015258789
DA058,2019-11-08,,4.5
DA058,2019-11-09,,2.940000057220459
DA058,2019-11-09,,0.0
DA058,2019-11-09,,33.62189865112305
DA058,2019-11-09,,4.5
DA059,2019-10-29,12:00,0.0
DA059,2019-10-29,17:22,8.51200008392334
DA059,2019-10-29,20:52,0.0
DA059,2019-10-30,7:14,9.6899995803833
DA059,2019-10-30,12:00,0.0
DA059,2019-10-30,17:00,55.58259963989258
DA059,2019-10-30,19:17,0.0
DA059,2019-10-31,6:37,0.0
DA059,2019-10-31,12:00,12.93319988250732
DA059,2019-10-31,17:00,82.50379943847656
DA059,2019-10-31,20:56,0.0
DA059,2019-11-01,08:00,0.0
DA059,2019-11-01,12:00,2.644200086593628
DA059,2019-11-01,16:37,78.24960327148438
DA059,2019-11-01,20:56,0.0
DA059,2019-11-10,08:00,0.0
DA059,2019-11-10,11:10,3.098400115966797
DA059,2019-11-10,17:18,107.5595016479492
DA059,2019-11-10,22:37,0.0
DA059,2019-11-11,08:00,0.0
DA059,2019-11-11,12:00,37.86320114135742
DA059,2019-11-11,16:07,14.52639961242676
DA059,2019-11-11,19:37,0.0
DA059,2019-11-12,7:52,4.0
DA059,2019-11-12,12:00,0.6345000267028809
DA059,2019-11-02,08:00,2.765000104904175
DA059,2019-11-02,12:00,3.514600038528442
DA059,2019-11-02,17:02,32.21939849853516
DA059,2019-11-02,22:06,0.0
DA059,2019-11-03,8:52,0.0
DA059,2019-11-03,12:00,0.0
DA059,2019-11-03,17:00,7.205999851226807
DA059,2019-11-03,20:32,0.0
DA059,2019-11-04,12:00,37.97150039672852
DA059,2019-11-04,17:00,0.0
DA059,2019-11-04,21:59,0.0
DA059,2019-11-05,6:52,4.0
DA059,2019-11-05,12:00,0.0
DA059,2019-11-05,17:00,10.56719970703125
DA059,2019-11-05,20:52,0.0
DA059,2019-11-06,08:00,9.6899995803833
DA059,2019-11-06,12:00,0.0
DA059,2019-11-06,17:00,35.43899917602539
DA059,2019-11-07,8:33,0.0
DA059,2019-11-07,12:00,1.730399966239929
DA059,2019-11-07,17:00,0.0
DA059,2019-11-07,22:07,0.0
DA059,2019-11-08,08:00,0.0
DA059,2019-11-08,12:00,4.217400074005127
DA059,2019-11-08,16:07,81.9000015258789
DA059,2019-11-08,19:44,0.0
DA059,2019-11-09,8:44,2.940000057220459
DA059,2019-11-09,12:00,0.0
DA059,2019-11-09,17:00,33.62189865112305
DA060,2019-10-29,12:24,0.0
DA060,2019-10-29,17:00,17.02400016784668
DA060,2019-10-29,22:38,0.0
DA060,2019-10-30,7:27,9.6899995803833
DA060,2019-10-30,12:00,0.0
DA060,2019-10-30,17:00,0.0
DA060,2019-10-31,8:34,0.0
DA060,2019-10-31,12:00,12.93319988250732
DA060,2019-10-31,17:00,82.50379943847656
DA060,2019-11-01,7:46,0.0
DA060,2019-11-01,12:00,2.644200086593628
DA060,2019-11-01,17:00,78.24960327148438
DA060,2019-11-01,19:03,0.0
DA060,2019-11-10,,0.0
DA060,2019-11-10,,3.098400115966797
DA060,2019-11-10,,107.5595016479492
DA060,2019-11-10,,0.0
DA060,2019-11-11,,0.0
DA060,2019-11-11,,37.86320114135742
DA060,2019-11-11,,14.52639961242676
DA060,2019-11-12,,4.0
DA060,2019-11-12,,0.6345000267028809
DA060,2019-11-02,6:57,2.765000104904175
DA060,2019-11-02,11:09,3.514600038528442
DA060,2019-11-02,17:00,32.21939849853516
DA060,2019-11-02,19:31,0.0
DA060,2019-11-03,08:00,0.0
DA060,2019-11-03,12:00,0.0
DA060,2019-11-03,17:23,7.205999851226807
DA060,2019-11-04,7:04,0.0
DA060,2019-11-04,12:46,37.97150039672852
DA060,2019-11-04,17:43,0.0
DA060,2019-11-05,7:16,4.0
DA060,2019-11-05,11:49,0.0
DA060,2019-11-05,17:00,10.56719970703125
DA060,2019-11-06,,9.6899995803833
DA060,2019-11-06,,0.0
DA060,2019-11-06,,35.43899917602539
DA060,2019-11-06,,0.0
DA060,2019-11-07,,0.0
DA060,2019-11-07,,1.730399966239929
DA060,2019-11-07,,0.0
DA060,2019-11-07,,0.0
DA060,2019-11-08,,0.0
DA060,2019-11-08,,4.217400074005127
DA060,2019-11-08,,81.9000015258789
DA060,2019-11-08,,0.0
DA060,2019-11-09,,2.940000057220459
DA060,2019-11-09,,0.0
DA060,2019-11-09,,33.62189865112305
DA060,2019-11-09,,0.0
DA061,2019-10-29,08:00,0.0
DA061,2019-10-29,11:58,0.0
DA061,2019-10-29,17:00,8.51200008392334
DA061,2019-10-30,7:20,9.6899995803833
DA061,2019-10-30,11:58,0.0
DA061,2019-10-30,17:12,55.58259963989258
DA061,2019-10-31,08:00,0.0
DA061,2019-10-31,12:00,12.93319988250732
DA061,2019-10-31,17:00,82.50379943847656
DA061,2019-11-01,08:00,0.0
DA061,2019-11-01,12:00,2.644200086593628
DA061,2019-11-01,17:00,78.24960327148438
DA061,2019-11-01,21:20,0.0
DA061,2019-11-10,,0.0
DA061,2019-11-10,,3.098400115966797
DA061,2019-11-10,,107.5595016479492
DA061,2019-11-10,,0.0
DA061,2019-11-11,,0.0
DA061,2019-11-11,,37.86320114135742
DA061,2019-11-11,,14.52639961242676
DA061,2019-11-12,,4.0
DA061,2019-11-12,,0.6345000267028809
DA061,2019-11-02,6:27,2.765000104904175
DA061,2019-11-02,11:20,3.514600038528442
DA061,2019-11-02,17:00,32.21939849853516
DA061,2019-11-02,21:42,0.0
DA061,2019-11-03,08:00,0.0
DA061,2019-11-03,12:58,0.0
DA061,2019-11-03,17:00,7.205999851226807
DA061,2019-11-04,08:00,0.0
DA061,2019-11-04,12:00,37.97150039672852
DA061,2019-11-04,17:00,0.0
DA061,2019-11-05,08:00,4.0
DA061,2019-11-05,12:00,0.0
DA061,2019-11-05,17:00,10.56719970703125
DA061,2019-11-05,22:12,0.0
DA061,2019-11-06,08:00,9.6899995803833
DA061,2019-11-06,12:35,0.0
DA061,2019-11-06,17:00,35.43899917602539
DA061,2019-11-06,20:00,0.0
DA061,2019-11-07,7:57,0.0
DA061,2019-11-07,12:50,1.730399966239929
DA061,2019-11-07,17:00,0.0
DA061,2019-11-07,19:54,0.0
DA061,2019-11-08,6:47,0.0
DA061,2019-11-08,12:00,4.217400074005127
DA061,2019-11-08,17:00,81.9000015258789
DA061,2019-11-08,20:00,0.0
DA061,2019-11-09,,2.940000057220459
DA061,2019-11-09,,0.0
DA061,2019-11-09,,33.62189865112305
DA061,2019-11-09,,0.0
DA062,2019-10-29,08:00,0.0
DA062,2019-10-29,11:31,0.0
DA062,2019-10-29,17:00,17.02400016784668
DA062,2019-10-30,7:24,9.6899995803833
DA062,2019-10-30,11:01,0.0
DA062,2019-10-30,17:47,55.58259963989258
DA062,2019-10-30,22:09,0.0
DA062,2019-10-31,7:57,0.0
DA062,2019-10-31,12:00,6.466599941253662
DA062,2019-10-31,17:00,41.25189971923828
DA062,2019-11-01,,0.0
DA062,2019-11-01,,2.644200086593628
DA062,2019-11-01,,78.24960327148438
DA062,2019-11-01,,0.0
DA062,2019-11-10,,0.0
DA062,2019-11-10,,3.098400115966797
DA062,2019-11-10,,107.5595016479492
DA062,2019-11-10,,0.0
DA062,2019-11-11,,0.0
DA062,2019-11-11,,37.86320114135742
DA062,2019-11-11,,14.52639961242676
DA062,2019-11-11,,0.0
DA062,2019-11-12,,4.0
DA062,2019-11-12,,0.6345000267028809
DA062,2019-11-12,,0.0
DA062,2019-11-02,,2.765000104904175
DA062,2019-11-02,,3.514600038528442
DA062,2019-11-02,,32.21939849853516
DA062,2019-11-03,,0.0
DA062,2019-11-03,,0.0
DA062,2019-11-03,,7.205999851226807
DA062,2019-11-03,,0.0
DA062,2019-11-04,,0.0
DA062,2019-11-04,,37.97150039672852
DA062,2019-11-04,,0.0
DA062,2019-11-05,,4.0
DA062,2019-11-05,,0.0
DA062,2019-11-05,,10.56719970703125
DA062,2019-11-05,,0.0
DA062,2019-11-06,,9.6899995803833
DA062,2019-11-06,,0.0
DA062,2019-11-06,,35.43899917602539
DA062,2019-11-07,,0.0
DA062,2019-11-07,,1.730399966239929
DA062,2019-11-07,,0.0
DA062,2019-11-07,,0.0
DA062,2019-11-08,,0.0
DA062,2019-11-08,,4.217400074005127
DA062,2019-11-08,,81.9000015258789
DA062,2019-11-08,,0.0
DA062,2019-11-09,,2.940000057220459
DA062,2019-11-09,,0.0
DA062,2019-11-09,,33.62189865112305
DA062,2019-11-09,,0.0
DA063,2019-10-29,08:00,0.0
DA063,2019-10-29,12:00,0.0
DA063,2019-10-29,17:04,17.02400016784668
DA063,2019-10-29,20:49,0.0
DA063,2019-10-30,7:16,9.6899995803833
DA063,2019-10-30,12:00,0.0
DA063,2019-10-30,17:00,55.58259963989258
DA063,2019-10-30,19:30,0.0
DA063,2019-10-31,8:50,0.0
DA063,2019-10-31,12:00,12.93319988250732
DA063,2019-10-31,17:00,82.50379943847656
DA063,2019-10-31,19:10,0.0
DA063,2019-11-01,8:05,0.0
DA063,2019-11-01,12:42,2.644200086593628
DA063,2019-11-01,17:00,78.24960327148438
DA063,2019-11-01,20:00,0.0
DA063,2019-11-10,7:20,0.0
DA063,2019-11-10,12:00,3.098400115966797
DA063,2019-11-10,17:00,107.5595016479492
DA063,2019-11-10,19:34,0.0
DA063,2019-11-11,7:40,0.0
DA063,2019-11-11,12:50,0.0
DA063,2019-11-11,17:00,14.52639961242676
DA063,2019-11-11,19:49,0.0
DA063,2019-11-12,,4.0
DA063,2019-11-12,,0.6345000267028809
DA063,2019-11-12,,0.0
DA063,2019-11-02,7:00,2.765000104904175
DA063,2019-11-02,11:50,3.514600038528442
DA063,2019-11-02,17:00,32.21939849853516
DA063,2019-11-02,19:34,4.5
DA063,2019-11-03,7:35,0.0
DA063,2019-11-03,11:00,0.0
DA063,2019-11-03,17:00,7.205999851226807
DA063,2019-11-03,20:00,0.0
DA063,2019-11-04,8:35,0.0
DA063,2019-11-04,12:00,37.97150039672852
DA063,2019-11-04,16:27,0.0
DA063,2019-11-04,20:34,0.0
DA063,2019-11-05,8:27,4.0
DA063,2019-11-05,12:20,0.0
DA063,2019-11-05,17:00,10.56719970703125
DA063,2019-11-06,7:19,9.6899995803833
DA063,2019-11-06,12:50,0.0
DA063,2019-11-06,17:00,35.43899917602539
DA063,2019-11-06,22:12,0.0
DA063,2019-11-07,7:49,0.0
DA063,2019-11-07,12:05,1.730399966239929
DA063,2019-11-07,17:00,0.0
DA063,2019-11-07,19:04,0.0
DA063,2019-11-08,6:30,0.0
DA063,2019-11-08,12:20,4.217400074005127
DA063,2019-11-08,17:57,81.9000015258789
DA063,2019-11-08,20:00,0.0
DA063,2019-11-09,6:49,2.940000057220459
DA063,2019-11-09,12:00,0.0
DA063,2019-11-09,17:00,33.62189865112305
DA063,2019-11-09,22:10,0.0
DA064,2019-10-29,08:00,0.0
DA064,2019-10-29,12:00,0.0
DA064,2019-10-29,16:22,17.02400016784668
DA064,2019-10-29,22:52,0.0
DA064,2019-10-30,8:34,9.6899995803833
DA064,2019-10-30,12:00,0.0
DA064,2019-10-30,17:00,55.58259963989258
DA064,2019-10-30,19:04,0.0
DA064,2019-10-31,7:22,0.0
DA064,2019-10-31,12:37,12.93319988250732
DA064,2019-10-31,17:00,82.50379943847656
DA064,2019-10-31,20:00,0.0
DA064,2019-11-01,08:00,0.0
DA064,2019-11-01,12:00,2.644200086593628
DA064,2019-11-01,17:00,78.24960327148438
DA064,2019-11-01,20:18,0.0
DA064,2019-11-10,6:15,0.0
DA064,2019-11-10,11:28,3.098400115966797
DA064,2019-11-10,16:03,107.5595016479492
DA064,2019-11-10,20:00,0.0
DA064,2019-11-11,08:00,0.0
DA064,2019-11-11,12:45,37.86320114135742
DA064,2019-11-11,17:00,14.52639961242676
DA064,2019-11-11,19:52,0.0
DA064,2019-11-12,,4.0
DA064,2019-11-12,,0.6345000267028809
DA064,2019-11-12,,0.0
DA064,2019-11-02,08:00,0.0
DA064,2019-11-02,12:00,3.514600038528442
DA064,2019-11-02,17:00,32.21939849853516
DA064,2019-11-02,21:43,0.0
DA064,2019-11-03,08:00,0.0
DA064,2019-11-03,12:00,0.0
DA064,2019-11-03,17:00,7.205999851226807
DA064,2019-11-03,19:27,0.0
DA064,2019-11-04,6:52,0.0
DA064,2019-11-04,12:30,37.97150039672852
DA064,2019-11-04,17:48,0.0
DA064,2019-11-05,6:52,4.0
DA064,2019-11-05,12:32,0.0
DA064,2019-11-05,17:00,10.56719970703125
DA064,2019-11-05,20:00,0.0
DA064,2019-11-06,7:15,9.6899995803833
DA064,2019-11-06,12:07,0.0
DA064,2019-11-06,18:00,35.43899917602539
DA064,2019-11-06,21:22,0.0
DA064,2019-11-07,9:00,0.0
DA064,2019-11-07,12:58,1.730399966239929
DA064,2019-11-07,17:00,0.0
DA064,2019-11-07,22:37,0.0
DA064,2019-11-08,08:00,0.0
DA064,2019-11-08,12:00,4.217400074005127
DA064,2019-11-08,17:48,81.9000015258789
DA064,2019-11-08,22:00,0.0
DA064,2019-11-09,7:57,2.940000057220459
DA064,2019-11-09,12:00,0.0
DA064,2019-11-09,17:42,33.62189865112305
DA064,2019-11-09,22:08,0.0
DA065,2019-10-29,,0.0
DA065,2019-10-29,,0.0
DA065,2019-10-29,,17.02400016784668
DA065,2019-10-30,,9.6899995803833
DA065,2019-10-30,,0.0
DA065,2019-10-30,,55.58259963989258
DA065,2019-10-31,,0.0
DA065,2019-10-31,,12.93319988250732
DA065,2019-10-31,,82.50379943847656
DA065,2019-10-31,,0.0
DA065,2019-11-01,,0.0
DA065,2019-11-01,,2.644200086593628
DA065,2019-11-01,,78.24960327148438
DA065,2019-11-01,,0.0
DA065,2019-11-10,,0.0
DA065,2019-11-10,,3.098400115966797
DA065,2019-11-10,,107.5595016479492
DA065,2019-11-10,,0.0
DA065,2019-11-11,,0.0
DA065,2019-11-11,,37.86320114135742
DA065,2019-11-11,,14.52639961242676
DA065,2019-11-11,,0.0
DA065,2019-11-12,,4.0
DA065,2019-11-12,,0.6345000267028809
DA065,2019-11-12,,0.0
DA065,2019-11-02,,2.765000104904175
DA065,2019-11-02,,3.514600038528442
DA065,2019-11-02,,32.21939849853516
DA065,2019-11-02,,0.0
DA065,2019-11-03,,0.0
DA065,2019-11-03,,0.0
DA065,2019-11-03,,7.205999851226807
DA065,2019-11-04,,0.0
DA065,2019-11-04,,37.97150039672852
DA065,2019-11-04,,0.0
DA065,2019-11-04,,0.0
DA065,2019-11-05,,4.0
DA065,2019-11-05,,0.0
DA065,2019-11-05,,10.56719970703125
DA065,2019-11-05,,0.0
DA065,2019-11-06,,9.6899995803833
DA065,2019-11-06,,0.0
DA065,2019-11-06,,35.43899917602539
DA065,2019-11-06,,0.0
DA065,2019-11-07,,0.0
DA065,2019-11-07,,0.0
DA065,2019-11-07,,0.0
DA065,2019-11-07,,0.0
DA065,2019-11-08,,0.0
DA065,2019-11-08,,4.217400074005127
DA065,2019-11-08,,81.9000015258789
DA065,2019-11-08,,0.0
DA065,2019-11-09,,2.940000057220459
DA065,2019-11-09,,0.0
DA065,2019-11-09,,33.62189865112305
DA065,2019-11-09,,0.0
DA066,2019-10-29,08:00,0.0
DA066,2019-10-29,12:27,0.0
DA066,2019-10-29,16:25,17.02400016784668
DA066,2019-10-29,22:49,0.0
DA066,2019-10-30,7:27,9.6899995803833
DA066,2019-10-30,12:00,0.0
DA066,2019-10-30,17:00,55.58259963989258
DA066,2019-10-30,20:40,0.0
DA066,2019-10-31,6:30,0.0
DA066,2019-10-31,11:38,12.93319988250732
DA066,2019-10-31,17:15,82.50379943847656
DA066,2019-10-31,21:45,0.0
DA066,2019-11-01,7:49,0.0
DA066,2019-11-01,12:00,2.644200086593628
DA066,2019-11-01,17:00,78.24960327148438
DA066,2019-11-01,20:00,4.5
DA066,2019-11-10,8:42,0.0
DA066,2019-11-10,12:27,3.098400115966797
DA066,2019-11-10,17:00,107.5595016479492
DA066,2019-11-10,20:00,0.0
DA066,2019-11-11,7:40,0.0
DA066,2019-11-11,12:15,37.86320114135742
DA066,2019-11-11,17:00,14.52639961242676
DA066,2019-11-11,21:12,0.0
DA066,2019-11-12,,4.0
DA066,2019-11-12,,0.6345000267028809
DA066,2019-11-12,,0.0
DA066,2019-11-02,08:00,2.765000104904175
DA066,2019-11-02,12:00,3.514600038528442
DA066,2019-11-02,17:00,32.21939849853516
DA066,2019-11-02,21:10,0.0
DA066,2019-11-03,08:00,0.0
DA066,2019-11-03,12:00,0.0
DA066,2019-11-03,17:00,7.205999851226807
DA066,2019-11-03,20:49,0.0
DA066,2019-11-04,7:50,0.0
DA066,2019-11-04,12:35,37.97150039672852
DA066,2019-11-04,17:00,0.0
DA066,2019-11-04,20:01,0.0
DA066,2019-11-05,08:00,4.0
DA066,2019-11-05,12:00,0.0
DA066,2019-11-05,16:19,10.56719970703125
DA066,2019-11-05,20:25,0.0
DA066,2019-11-06,08:00,9.6899995803833
DA066,2019-11-06,12:00,0.0
DA066,2019-11-06,17:00,35.43899917602539
DA066,2019-11-06,22:04,0.0
DA066,2019-11-07,08:00,0.0
DA066,2019-11-07,11:12,1.730399966239929
DA066,2019-11-07,17:00,0.0
DA066,2019-11-07,21:27,0.0
DA066,2019-11-08,7:27,0.0
DA066,2019-11-08,12:00,4.217400074005127
DA066,2019-11-08,16:19,81.9000015258789
DA066,2019-11-08,21:00,0.0
DA066,2019-11-09,8:00,2.940000057220459
DA066,2019-11-09,12:00,0.0
DA066,2019-11-09,17:45,33.62189865112305
DA066,2019-11-09,21:19,0.0
DA067,2019-10-29,08:00,0.0
DA067,2019-10-29,12:00,0.0
DA067,2019-10-29,17:00,4.25600004196167
DA067,2019-10-29,20:56,0.0
DA067,2019-10-30,08:00,9.6899995803833
DA067,2019-10-30,12:00,0.0
DA067,2019-10-30,17:00,13.89564990997314
DA067,2019-10-30,20:00,0.0
DA067,2019-10-31,7:12,0.0
DA067,2019-10-31,11:56,12.93319988250732
DA067,2019-10-31,17:00,82.50379943847656
DA067,2019-10-31,20:06,91.21929931640625
DA067,2019-11-01,6:07,0.0
DA067,2019-11-01,11:31,2.644200086593628
DA067,2019-11-01,17:00,78.24960327148438
DA067,2019-11-01,20:36,0.0
DA067,2019-11-10,,0.0
DA067,2019-11-10,,3.098400115966797
DA067,2019-11-10,,107.5595016479492
DA067,2019-11-10,,0.0
DA067,2019-11-11,,0.0
DA067,2019-11-11,,37.86320114135742
DA067,2019-11-11,,14.52639961242676
DA067,2019-11-11,,0.0
DA067,2019-11-12,,4.0
DA067,2019-11-12,,0.6345000267028809
DA067,2019-11-12,,0.0
DA067,2019-11-02,08:00,0.0
DA067,2019-11-02,12:00,3.514600038528442
DA067,2019-11-02,16:41,32.21939849853516
DA067,2019-11-02,21:34,0.0
DA067,2019-11-03,8:49,0.0
DA067,2019-11-03,12:00,0.0
DA067,2019-11-03,17:00,7.205999851226807
DA067,2019-11-03,20:15,0.0
DA067,2019-11-04,6:32,0.0
DA067,2019-11-04,12:11,37.97150039672852
DA067,2019-11-04,16:16,0.0
DA067,2019-11-04,20:21,0.0
DA067,2019-11-05,7:42,4.0
DA067,2019-11-05,12:56,0.0
DA067,2019-11-05,17:34,10.56719970703125
DA067,2019-11-05,21:26,0.0
DA067,2019-11-06,08:00,9.6899995803833
DA067,2019-11-06,12:00,0.0
DA067,2019-11-06,17:21,35.43899917602539
DA067,2019-11-06,21:19,0.0
DA067,2019-11-07,7:27,0.0
DA067,2019-11-07,12:11,1.730399966239929
DA067,2019-11-07,17:00,0.0
DA067,2019-11-07,19:26,0.0
DA067,2019-11-08,08:00,0.0
DA067,2019-11-08,12:00,4.217400074005127
DA067,2019-11-08,17:00,81.9000015258789
DA067,2019-11-08,20:00,0.0
DA067,2019-11-09,,2.940000057220459
DA067,2019-11-09,,0.0
DA067,2019-11-09,,33.62189865112305
DA067,2019-11-09,,0.0
DA068,2019-10-29,08:00,0.0
DA068,2019-10-29,12:00,0.0
DA068,2019-10-29,17:02,8.51200008392334
DA068,2019-10-29,19:47,0.0
DA068,2019-10-30,08:00,7.267499923706055
DA068,2019-10-30,12:00,0.0
DA068,2019-10-30,17:00,41.68695068359375
DA068,2019-10-31,6:32,0.0
DA068,2019-10-31,12:00,12.93319988250732
DA068,2019-10-31,17:00,82.50379943847656
DA068,2019-10-31,20:00,0.0
DA068,2019-11-01,8:07,0.0
DA068,2019-11-01,12:00,2.644200086593628
DA068,2019-11-01,17:00,78.24960327148438
DA068,2019-11-01,20:17,0.0
DA068,2019-11-10,08:00,0.0
DA068,2019-11-10,12:00,3.098400115966797
DA068,2019-11-10,17:32,107.5595016479492
DA068,2019-11-10,20:27,0.0
DA068,2019-11-11,8:31,0.0
DA068,2019-11-11,11:31,37.86320114135742
DA068,2019-11-11,17:47,14.52639961242676
DA068,2019-11-11,21:17,0.0
DA068,2019-11-12,7:46,4.0
DA068,2019-11-12,12:00,0.6345000267028809
DA068,2019-11-12,20:00,0.0
DA068,2019-11-02,8:24,2.765000104904175
DA068,2019-11-02,12:01,3.514600038528442
DA068,2019-11-02,17:32,32.21939849853516
DA068,2019-11-03,08:00,0.0
DA068,2019-11-03,12:00,0.0
DA068,2019-11-03,17:00,7.205999851226807
DA068,2019-11-03,19:32,0.0
DA068,2019-11-04,12:00,37.97150039672852
DA068,2019-11-04,17:47,0.0
DA068,2019-11-04,21:47,0.0
DA068,2019-11-05,08:00,4.0
DA068,2019-11-05,12:00,0.0
DA068,2019-11-05,17:00,10.56719970703125
DA068,2019-11-05,20:00,0.0
DA068,2019-11-06,6:17,9.6899995803833
DA068,2019-11-06,12:01,0.0
DA068,2019-11-06,17:00,35.43899917602539
DA068,2019-11-06,19:02,0.0
DA068,2019-11-07,7:16,0.0
DA068,2019-11-07,11:46,1.730399966239929
DA068,2019-11-07,17:00,0.0
DA068,2019-11-07,21:39,0.0
DA068,2019-11-08,8:16,0.0
DA068,2019-11-08,12:46,4.217400074005127
DA068,2019-11-08,17:00,81.9000015258789
DA068,2019-11-08,20:00,0.0
DA068,2019-11-09,6:46,2.940000057220459
DA068,2019-11-09,12:00,0.0
DA068,2019-11-09,17:00,33.62189865112305
DA068,2019-11-09,20:22,0.0
DA069,2019-10-29,,0.0
DA069,2019-10-29,,0.0
DA069,2019-10-29,,17.02400016784668
DA069,2019-10-29,,0.0
DA069,2019-10-30,,9.6899995803833
DA069,2019-10-30,,0.0
DA069,2019-10-30,,55.58259963989258
DA069,2019-10-30,,0.0
DA069,2019-10-31,,0.0
DA069,2019-10-31,,12.93319988250732
DA069,2019-10-31,,82.50379943847656
DA069,2019-11-01,,0.0
DA069,2019-11-01,,2.644200086593628
DA069,2019-11-01,,78.24960327148438
DA069,2019-11-10,,0.0
DA069,2019-11-10,,3.098400115966797
DA069,2019-11-10,,107.5595016479492
DA069,2019-11-11,,0.0
DA069,2019-11-11,,37.86320114135742
DA069,2019-11-11,,14.52639961242676
DA069,2019-11-12,,4.0
DA069,2019-11-12,,0.6345000267028809
DA069,2019-11-02,,2.765000104904175
DA069,2019-11-02,,3.514600038528442
DA069,2019-11-02,,32.21939849853516
DA069,2019-11-03,,0.0
DA069,2019-11-03,,0.0
DA069,2019-11-03,,7.205999851226807
DA069,2019-11-04,,0.0
DA069,2019-11-04,,37.97150039672852
DA069,2019-11-04,,0.0
DA069,2019-11-05,,4.0
DA069,2019-11-05,,0.0
DA069,2019-11-05,,10.56719970703125
DA069,2019-11-05,,0.0
DA069,2019-11-06,,9.6899995803833
DA069,2019-11-06,,0.0
DA069,2019-11-06,,35.43899917602539
DA069,2019-11-07,,0.0
DA069,2019-11-07,,1.730399966239929
DA069,2019-11-07,,0.0
DA069,2019-11-08,,0.0
DA069,2019-11-08,,4.217400074005127
DA069,2019-11-08,,81.9000015258789
DA069,2019-11-09,,2.940000057220459
DA069,2019-11-09,,0.0
DA069,2019-11-09,,33.62189865112305
DA070,2019-10-29,08:00,0.0
DA070,2019-10-29,12:37,0.0
DA070,2019-10-29,17:15,12.76799964904785
DA070,2019-10-29,20:07,0.0
DA070,2019-10-30,6:27,9.6899995803833
DA070,2019-10-30,12:00,0.0
DA070,2019-10-30,17:00,55.58259963989258
DA070,2019-10-30,19:18,0.0
DA070,2019-10-31,7:00,0.0
DA070,2019-10-31,12:02,12.93319988250732
DA070,2019-10-31,17:00,82.50379943847656
DA070,2019-10-31,20:00,0.0
DA070,2019-11-01,7:15,0.0
DA070,2019-11-01,11:52,2.644200086593628
DA070,2019-11-01,17:00,78.24960327148438
DA070,2019-11-01,20:00,0.0
DA070,2019-11-10,8:13,0.0
DA070,2019-11-10,12:00,3.098400115966797
DA070,2019-11-10,17:00,107.5595016479492
DA070,2019-11-10,22:07,0.0
DA070,2019-11-11,08:00,0.0
DA070,2019-11-11,12:00,37.86320114135742
DA070,2019-11-11,17:00,14.52639961242676
DA070,2019-11-11,20:00,0.0
DA070,2019-11-12,,4.0
DA070,2019-11-12,,0.6345000267028809
DA070,2019-11-12,,0.0
DA070,2019-11-02,7:07,2.765000104904175
DA070,2019-11-02,11:52,3.514600038528442
DA070,2019-11-02,17:00,32.21939849853516
DA070,2019-11-02,20:57,0.0
DA070,2019-11-03,7:26,0.0
DA070,2019-11-03,12:52,0.0
DA070,2019-11-03,17:00,7.205999851226807
DA070,2019-11-03,22:52,0.0
DA070,2019-11-04,7:08,0.0
DA070,2019-11-04,11:47,37.97150039672852
DA070,2019-11-04,17:00,0.0
DA070,2019-11-05,6:22,4.0
DA070,2019-11-05,11:22,0.0
DA070,2019-11-05,17:00,10.56719970703125
DA070,2019-11-05,20:00,0.0
DA070,2019-11-06,6:30,9.6899995803833
DA070,2019-11-06,12:00,0.0
DA070,2019-11-06,17:00,35.43899917602539
DA070,2019-11-06,20:00,0.0
DA070,2019-11-07,08:00,0.0
DA070,2019-11-07,12:00,1.730399966239929
DA070,2019-11-07,17:00,0.0
DA070,2019-11-07,19:22,0.0
DA070,2019-11-08,7:37,0.0
DA070,2019-11-08,12:00,4.217400074005127
DA070,2019-11-08,17:00,81.9000015258789
DA070,2019-11-08,22:37,0.0
DA070,2019-11-09,7:15,2.940000057220459
DA070,2019-11-09,11:52,0.0
DA070,2019-11-09,17:00,33.62189865112305
DA070,2019-11-09,19:22,0.0
DA071,2019-10-29,08:00,0.0
DA071,2019-10-29,12:00,0.0
DA071,2019-10-29,17:00,4.25600004196167
DA071,2019-10-29,20:41,0.0
DA071,2019-10-30,08:00,9.6899995803833
DA071,2019-10-30,12:00,0.0
DA071,2019-10-30,17:00,55.58259963989258
DA071,2019-10-30,22:20,0.0
DA071,2019-10-31,08:00,0.0
DA071,2019-10-31,12:56,12.93319988250732
DA071,2019-10-31,17:00,82.50379943847656
DA071,2019-10-31,21:48,91.21929931640625
DA071,2019-11-01,7:11,0.0
DA071,2019-11-01,12:41,2.644200086593628
DA071,2019-11-01,17:11,78.24960327148438
DA071,2019-11-01,20:20,0.0
DA071,2019-11-10,,0.0
DA071,2019-11-10,,3.098400115966797
DA071,2019-11-10,,107.5595016479492
DA071,2019-11-10,,0.0
DA071,2019-11-11,,0.0
DA071,2019-11-11,,37.86320114135742
DA071,2019-11-11,,14.52639961242676
DA071,2019-11-11,,0.0
DA071,2019-11-12,,4.0
DA071,2019-11-12,,0.6345000267028809
DA071,2019-11-02,08:00,2.765000104904175
DA071,2019-11-02,12:00,3.514600038528442
DA071,2019-11-02,17:18,32.21939849853516
DA071,2019-11-02,21:33,0.0
DA071,2019-11-03,08:00,0.0
DA071,2019-11-03,12:00,0.0
DA071,2019-11-03,17:00,7.205999851226807
DA071,2019-11-03,20:41,0.0
DA071,2019-11-04,6:41,0.0
DA071,2019-11-04,12:11,37.97150039672852
DA071,2019-11-04,17:00,0.0
DA071,2019-11-04,19:56,0.0
DA071,2019-11-05,7:56,4.0
DA071,2019-11-05,12:35,0.0
DA071,2019-11-05,17:56,10.56719970703125
DA071,2019-11-05,20:00,0.0
DA071,2019-11-06,,9.6899995803833
DA071,2019-11-06,,0.0
DA071,2019-11-06,,35.43899917602539
DA071,2019-11-06,,0.0
DA071,2019-11-07,,0.0
DA071,2019-11-07,,1.730399966239929
DA071,2019-11-07,,0.0
DA071,2019-11-07,,0.0
DA071,2019-11-08,,0.0
DA071,2019-11-08,,4.217400074005127
DA071,2019-11-08,,81.9000015258789
DA071,2019-11-08,,0.0
DA071,2019-11-09,,2.940000057220459
DA071,2019-11-09,,0.0
DA071,2019-11-09,,33.62189865112305
DA071,2019-11-09,,0.0
DA072,2019-10-29,08:00,0.0
DA072,2019-10-29,12:00,0.0
DA072,2019-10-29,21:10,0.0
DA072,2019-10-30,08:00,9.6899995803833
DA072,2019-10-30,12:00,0.0
DA072,2019-10-30,16:10,55.58259963989258
DA072,2019-10-30,20:00,0.0
DA072,2019-10-31,08:00,0.0
DA072,2019-10-31,12:00,12.93319988250732
DA072,2019-10-31,17:00,82.50379943847656
DA072,2019-10-31,22:17,0.0
DA072,2019-11-01,7:25,0.0
DA072,2019-11-01,12:00,2.644200086593628
DA072,2019-11-01,16:40,78.24960327148438
DA072,2019-11-01,20:30,0.0
DA072,2019-11-10,8:24,0.0
DA072,2019-11-10,12:00,3.098400115966797
DA072,2019-11-10,17:00,107.5595016479492
DA072,2019-11-10,19:02,0.0
DA072,2019-11-11,7:17,0.0
DA072,2019-11-11,11:00,37.86320114135742
DA072,2019-11-11,17:00,14.52639961242676
DA072,2019-11-11,22:25,0.0
DA072,2019-11-12,6:25,4.0
DA072,2019-11-12,12:00,0.6345000267028809
DA072,2019-11-02,08:00,2.765000104904175
DA072,2019-11-02,12:00,3.514600038528442
DA072,2019-11-02,17:00,32.21939849853516
DA072,2019-11-02,19:25,0.0
DA072,2019-11-03,8:24,0.0
DA072,2019-11-03,12:00,0.0
DA072,2019-11-03,16:47,7.205999851226807
DA072,2019-11-03,20:55,0.0
DA072,2019-11-04,08:00,0.0
DA072,2019-11-04,12:00,37.97150039672852
DA072,2019-11-04,17:55,0.0
DA072,2019-11-05,7:55,4.0
DA072,2019-11-05,12:47,0.0
DA072,2019-11-05,17:00,10.56719970703125
DA072,2019-11-05,21:10,0.0
DA072,2019-11-06,7:17,9.6899995803833
DA072,2019-11-06,12:00,0.0
DA072,2019-11-06,17:00,35.43899917602539
DA072,2019-11-06,21:47,0.0
DA072,2019-11-07,7:10,0.0
DA072,2019-11-07,11:54,1.730399966239929
DA072,2019-11-07,17:00,0.0
DA072,2019-11-07,19:19,0.0
DA072,2019-11-08,7:10,0.0
DA072,2019-11-08,12:00,4.217400074005127
DA072,2019-11-08,17:00,81.9000015258789
DA072,2019-11-08,20:40,0.0
DA072,2019-11-09,7:32,2.940000057220459
DA072,2019-11-09,11:54,0.0
DA072,2019-11-09,17:00,33.62189865112305
DA072,2019-11-09,20:00,0.0
DA073,2019-10-29,,0.0
DA073,2019-10-29,,0.0
DA073,2019-10-30,08:00,9.6899995803833
DA073,2019-10-30,12:00,0.0
DA073,2019-10-30,16:13,55.58259963989258
DA073,2019-10-30,20:58,0.0
DA073,2019-10-31,6:47,0.0
DA073,2019-10-31,12:03,12.93319988250732
DA073,2019-10-31,17:18,82.50379943847656
DA073,2019-10-31,21:48,0.0
DA073,2019-11-01,08:00,0.0
DA073,2019-11-01,12:00,2.644200086593628
DA073,2019-11-01,16:18,78.24960327148438
DA073,2019-11-01,21:08,0.0
DA073,2019-11-10,7:33,0.0
DA073,2019-11-10,12:00,3.098400115966797
DA073,2019-11-10,17:00,107.5595016479492
DA073,2019-11-10,19:18,0.0
DA073,2019-11-11,7:02,0.0
DA073,2019-11-11,12:00,37.86320114135742
DA073,2019-11-11,16:18,14.52639961242676
DA073,2019-11-11,20:43,0.0
DA073,2019-11-12,,4.0
DA073,2019-11-12,,0.6345000267028809
DA073,2019-11-02,08:00,0.0
DA073,2019-11-02,12:03,3.514600038528442
DA073,2019-11-02,17:00,32.21939849853516
DA073,2019-11-02,19:43,0.0
DA073,2019-11-03,08:00,0.0
DA073,2019-11-03,12:00,0.0
DA073,2019-11-03,16:33,7.205999851226807
DA073,2019-11-03,20:59,0.0
DA073,2019-11-04,08:00,0.0
DA073,2019-11-04,12:03,37.97150039672852
DA073,2019-11-04,17:00,0.0
DA073,2019-11-05,8:03,4.0
DA073,2019-11-05,12:18,0.0
DA073,2019-11-05,17:00,10.56719970703125
DA073,2019-11-05,20:00,0.0
DA073,2019-11-06,08:00,9.6899995803833
DA073,2019-11-06,12:00,0.0
DA073,2019-11-06,17:38,35.43899917602539
DA073,2019-11-06,22:03,0.0
DA073,2019-11-07,08:00,0.0
DA073,2019-11-07,12:00,1.730399966239929
DA073,2019-11-07,17:00,0.0
DA073,2019-11-07,20:55,0.0
DA073,2019-11-08,8:05,0.0
DA073,2019-11-08,12:00,4.217400074005127
DA073,2019-11-08,16:18,81.9000015258789
DA073,2019-11-08,20:53,0.0
DA073,2019-11-09,08:00,2.940000057220459
DA073,2019-11-09,12:00,0.0
DA073,2019-11-09,17:00,33.62189865112305
DA073,2019-11-09,22:03,0.0
DA074,2019-10-29,08:00,0.0
DA074,2019-10-29,11:52,0.0
DA074,2019-10-29,17:00,8.51200008392334
DA074,2019-10-29,21:52,0.0
DA074,2019-10-30,8:22,9.6899995803833
DA074,2019-10-30,12:00,0.0
DA074,2019-10-30,16:22,55.58259963989258
DA074,2019-10-30,20:42,0.0
DA074,2019-10-31,08:00,0.0
DA074,2019-10-31,12:00,12.93319988250732
DA074,2019-10-31,17:00,82.50379943847656
DA074,2019-10-31,20:33,91.21929931640625
DA074,2019-11-01,08:00,0.0
DA074,2019-11-01,12:00,2.644200086593628
DA074,2019-11-01,17:33,78.24960327148438
DA074,2019-11-01,21:37,0.0
DA074,2019-11-10,,0.0
DA074,2019-11-10,,3.098400115966797
DA074,2019-11-10,,107.5595016479492
DA074,2019-11-10,,0.0
DA074,2019-11-11,,0.0
DA074,2019-11-11,,37.86320114135742
DA074,2019-11-11,,14.52639961242676
DA074,2019-11-11,,0.0
DA074,2019-11-12,,4.0
DA074,2019-11-12,,0.6345000267028809
DA074,2019-11-12,,0.0
DA074,2019-11-02,8:49,2.765000104904175
DA074,2019-11-02,12:00,3.514600038528442
DA074,2019-11-02,16:22,32.21939849853516
DA074,2019-11-02,20:48,0.0
DA074,2019-11-03,08:00,0.0
DA074,2019-11-03,12:00,0.0
DA074,2019-11-03,17:00,7.205999851226807
DA074,2019-11-03,20:37,0.0
DA074,2019-11-04,6:00,0.0
DA074,2019-11-04,11:15,37.97150039672852
DA074,2019-11-04,17:00,0.0
DA074,2019-11-04,20:00,0.0
DA074,2019-11-05,,4.0
DA074,2019-11-05,,0.0
DA074,2019-11-05,,10.56719970703125
DA074,2019-11-05,,0.0
DA074,2019-11-06,,9.6899995803833
DA074,2019-11-06,,0.0
DA074,2019-11-06,,35.43899917602539
DA074,2019-11-06,,0.0
DA074,2019-11-07,,0.0
DA074,2019-11-07,,1.730399966239929
DA074,2019-11-07,,0.0
DA074,2019-11-07,,0.0
DA074,2019-11-08,,0.0
DA074,2019-11-08,,4.217400074005127
DA074,2019-11-08,,81.9000015258789
DA074,2019-11-08,,0.0
DA074,2019-11-09,,2.940000057220459
DA074,2019-11-09,,0.0
DA074,2019-11-09,,33.62189865112305
DA074,2019-11-09,,0.0
DA075,2019-10-29,08:00,0.0
DA075,2019-10-29,12:35,0.0
DA075,2019-10-29,17:00,17.02400016784668
DA075,2019-10-30,08:00,9.6899995803833
DA075,2019-10-30,12:24,0.0
DA075,2019-10-30,17:00,55.58259963989258
DA075,2019-10-30,20:00,0.0
DA075,2019-10-31,6:00,0.0
DA075,2019-10-31,12:00,12.93319988250732
DA075,2019-10-31,17:00,82.50379943847656
DA075,2019-10-31,22:13,0.0
DA075,2019-11-01,08:00,0.0
DA075,2019-11-01,12:00,2.644200086593628
DA075,2019-11-01,16:36,78.24960327148438
DA075,2019-11-01,21:58,0.0
DA075,2019-11-10,08:00,0.0
DA075,2019-11-10,11:20,3.098400115966797
DA075,2019-11-10,16:28,107.5595016479492
DA075,2019-11-10,20:41,0.0
DA075,2019-11-11,8:05,0.0
DA075,2019-11-11,12:20,37.86320114135742
DA075,2019-11-11,17:00,14.52639961242676
DA075,2019-11-11,21:06,0.0
DA075,2019-11-12,,4.0
DA075,2019-11-12,,0.6345000267028809
DA075,2019-11-02,8:43,2.765000104904175
DA075,2019-11-02,12:00,3.514600038528442
DA075,2019-11-02,17:00,32.21939849853516
DA075,2019-11-02,20:46,0.0
DA075,2019-11-03,08:00,0.0
DA075,2019-11-03,11:13,0.0
DA075,2019-11-03,17:06,0.0
DA075,2019-11-03,20:21,0.0
DA075,2019-11-04,12:00,37.97150039672852
DA075,2019-11-04,16:06,0.0
DA075,2019-11-05,8:20,4.0
DA075,2019-11-05,12:00,0.0
DA075,2019-11-05,17:00,10.56719970703125
DA075,2019-11-05,19:11,0.0
DA075,2019-11-06,08:00,9.6899995803833
DA075,2019-11-06,12:00,0.0
DA075,2019-11-06,17:00,35.43899917602539
DA075,2019-11-06,21:36,0.0
DA075,2019-11-07,08:00,0.0
DA075,2019-11-07,12:00,1.730399966239929
DA075,2019-11-07,17:00,0.0
DA075,2019-11-07,20:51,0.0
DA075,2019-11-08,08:00,0.0
DA075,2019-11-08,12:00,4.217400074005127
DA075,2019-11-08,17:00,81.9000015258789
DA075,2019-11-08,20:13,0.0
DA075,2019-11-09,08:00,2.940000057220459
DA075,2019-11-09,11:00,0.0
DA075,2019-11-09,16:26,33.62189865112305
DA075,2019-11-09,19:58,0.0
DA076,2019-10-29,08:00,0.0
DA076,2019-10-29,12:32,0.0
DA076,2019-10-29,17:55,17.02400016784668
DA076,2019-10-29,22:10,0.0
DA076,2019-10-30,08:00,9.6899995803833
DA076,2019-10-30,12:00,0.0
DA076,2019-10-30,17:00,55.58259963989258
DA076,2019-10-30,20:06,0.0
DA076,2019-10-31,6:54,0.0
DA076,2019-10-31,12:00,12.93319988250732
DA076,2019-10-31,17:00,82.50379943847656
DA076,2019-11-01,8:50,0.0
DA076,2019-11-01,12:00,2.644200086593628
DA076,2019-11-01,17:00,78.24960327148438
DA076,2019-11-10,08:00,0.0
DA076,2019-11-10,12:00,3.098400115966797
DA076,2019-11-10,17:45,107.5595016479492
DA076,2019-11-11,7:02,0.0
DA076,2019-11-11,12:24,37.86320114135742
DA076,2019-11-11,17:45,14.52639961242676
DA076,2019-11-12,,4.0
DA076,2019-11-12,,0.6345000267028809
DA076,2019-11-02,8:54,2.765000104904175
DA076,2019-11-02,12:00,3.514600038528442
DA076,2019-11-02,17:00,32.21939849853516
DA076,2019-11-03,8:32,0.0
DA076,2019-11-03,12:00,0.0
DA076,2019-11-03,17:00,7.205999851226807
DA076,2019-11-04,7:10,0.0
DA076,2019-11-04,11:02,37.97150039672852
DA076,2019-11-04,16:47,0.0
DA076,2019-11-05,7:10,0.0
DA076,2019-11-05,12:00,0.0
DA076,2019-11-05,17:00,0.0
DA076,2019-11-06,8:43,0.0
DA076,2019-11-06,12:00,0.0
DA076,2019-11-06,17:00,0.0
DA076,2019-11-07,7:49,0.0
DA076,2019-11-07,11:54,1.730399966239929
DA076,2019-11-07,17:25,0.0
DA076,2019-11-08,8:50,0.0
DA076,2019-11-08,12:00,0.0
DA076,2019-11-08,17:00,0.0
DA076,2019-11-09,7:10,2.940000057220459
DA076,2019-11-09,12:05,0.0
DA076,2019-11-09,17:10,33.62189865112305
DA077,2019-10-29,08:00,0.0
DA077,2019-10-29,12:00,0.0
DA077,2019-10-29,17:00,12.76799964904785
DA077,2019-10-29,20:42,0.0
DA077,2019-10-30,08:00,7.267499923706055
DA077,2019-10-30,12:00,0.0
DA077,2019-10-30,16:12,55.58259963989258
DA077,2019-10-30,20:57,0.0
DA077,2019-10-31,7:13,0.0
DA077,2019-10-31,12:07,12.93319988250732
DA077,2019-10-31,17:00,82.50379943847656
DA077,2019-10-31,19:50,0.0
DA077,2019-11-01,7:20,0.0
DA077,2019-11-01,12:00,2.644200086593628
DA077,2019-11-01,17:00,78.24960327148438
DA077,2019-11-01,20:32,0.0
DA077,2019-11-10,,0.0
DA077,2019-11-10,,3.098400115966797
DA077,2019-11-10,,107.5595016479492
DA077,2019-11-10,,0.0
DA077,2019-11-11,,0.0
DA077,2019-11-11,,37.86320114135742
DA077,2019-11-11,,14.52639961242676
DA077,2019-11-12,,4.0
DA077,2019-11-12,,0.6345000267028809
DA077,2019-11-02,7:13,2.765000104904175
DA077,2019-11-02,12:43,3.514600038528442
DA077,2019-11-02,17:42,32.21939849853516
DA077,2019-11-03,08:00,0.0
DA077,2019-11-03,12:00,0.0
DA077,2019-11-03,17:00,7.205999851226807
DA077,2019-11-03,22:20,0.0
DA077,2019-11-04,08:00,0.0
DA077,2019-11-04,12:00,37.97150039672852
DA077,2019-11-04,17:00,0.0
DA077,2019-11-04,21:35,0.0
DA077,2019-11-05,7:05,4.0
DA077,2019-11-05,12:00,0.0
DA077,2019-11-05,17:00,10.56719970703125
DA077,2019-11-06,7:20,9.6899995803833
DA077,2019-11-06,11:20,0.0
DA077,2019-11-06,17:00,35.43899917602539
DA077,2019-11-06,20:00,0.0
DA077,2019-11-07,,0.0
DA077,2019-11-07,,1.730399966239929
DA077,2019-11-07,,0.0
DA077,2019-11-07,,0.0
DA077,2019-11-08,,0.0
DA077,2019-11-08,,4.217400074005127
DA077,2019-11-08,,81.9000015258789
DA077,2019-11-08,,0.0
DA077,2019-11-09,,2.940000057220459
DA077,2019-11-09,,0.0
DA077,2019-11-09,,33.62189865112305
DA077,2019-11-09,,0.0
DA078,2019-10-29,08:00,0.0
DA078,2019-10-29,12:00,0.0
DA078,2019-10-29,17:00,17.02400016784668
DA078,2019-10-30,7:19,9.6899995803833
DA078,2019-10-30,12:00,0.0
DA078,2019-10-30,17:00,55.58259963989258
DA078,2019-10-30,20:15,0.0
DA078,2019-10-31,08:00,0.0
DA078,2019-10-31,12:00,12.93319988250732
DA078,2019-10-31,16:03,82.50379943847656
DA078,2019-10-31,20:27,0.0
DA078,2019-11-01,08:00,0.0
DA078,2019-11-01,12:00,2.644200086593628
DA078,2019-11-01,17:00,78.24960327148438
DA078,2019-11-01,20:57,0.0
DA078,2019-11-10,,0.0
DA078,2019-11-10,,3.098400115966797
DA078,2019-11-10,,107.5595016479492
DA078,2019-11-11,,0.0
DA078,2019-11-11,,37.86320114135742
DA078,2019-11-11,,14.52639961242676
DA078,2019-11-12,,4.0
DA078,2019-11-12,,0.6345000267028809
DA078,2019-11-02,8:45,2.765000104904175
DA078,2019-11-02,12:00,3.514600038528442
DA078,2019-11-02,17:00,32.21939849853516
DA078,2019-11-02,19:27,0.0
DA078,2019-11-03,8:02,0.0
DA078,2019-11-03,12:00,0.0
DA078,2019-11-03,17:00,7.205999851226807
DA078,2019-11-03,20:52,0.0
DA078,2019-11-04,08:00,0.0
DA078,2019-11-04,12:00,37.97150039672852
DA078,2019-11-04,17:00,0.0
DA078,2019-11-05,08:00,4.0
DA078,2019-11-05,12:00,0.0
DA078,2019-11-05,16:18,10.56719970703125
DA078,2019-11-06,08:00,9.6899995803833
DA078,2019-11-06,12:00,0.0
DA078,2019-11-06,17:27,35.43899917602539
DA078,2019-11-07,08:00,0.0
DA078,2019-11-07,12:00,1.730399966239929
DA078,2019-11-07,17:52,0.0
DA078,2019-11-08,8:07,0.0
DA078,2019-11-08,12:00,4.217400074005127
DA078,2019-11-08,17:42,81.9000015258789
DA078,2019-11-08,20:00,0.0
DA078,2019-11-09,,2.940000057220459
DA078,2019-11-09,,0.0
DA078,2019-11-09,,33.62189865112305
DA078,2019-11-09,,0.0
DA079,2019-10-29,08:00,0.0
DA079,2019-10-29,12:00,0.0
DA079,2019-10-29,17:42,8.51200008392334
DA079,2019-10-29,20:57,0.0
DA079,2019-10-30,8:52,4.84499979019165
DA079,2019-10-30,12:00,0.0
DA079,2019-10-30,17:12,27.79129981994629
DA079,2019-10-30,19:50,0.0
DA079,2019-10-31,8:02,0.0
DA079,2019-10-31,12:00,12.93319988250732
DA079,2019-10-31,17:47,82.50379943847656
DA079,2019-10-31,21:27,0.0
DA079,2019-11-01,7:28,0.0
DA079,2019-11-01,12:58,2.644200086593628
DA079,2019-11-01,17:00,78.24960327148438
DA079,2019-11-10,6:27,0.0
DA079,2019-11-10,12:00,3.098400115966797
DA079,2019-11-10,16:57,107.5595016479492
DA079,2019-11-10,20:27,0.0
DA079,2019-11-11,7:13,0.0
DA079,2019-11-11,12:28,37.86320114135742
DA079,2019-11-11,17:52,14.52639961242676
DA079,2019-11-11,22:12,0.0
DA079,2019-11-12,,4.0
DA079,2019-11-12,,0.6345000267028809
DA079,2019-11-02,6:32,2.765000104904175
DA079,2019-11-02,11:58,3.514600038528442
DA079,2019-11-02,17:00,32.21939849853516
DA079,2019-11-02,20:00,0.0
DA079,2019-11-03,08:00,0.0
DA079,2019-11-03,12:00,0.0
DA079,2019-11-03,17:00,7.205999851226807
DA079,2019-11-04,7:13,0.0
DA079,2019-11-04,11:58,37.97150039672852
DA079,2019-11-04,17:20,0.0
DA079,2019-11-05,7:20,4.0
DA079,2019-11-05,12:28,0.0
DA079,2019-11-05,17:00,10.56719970703125
DA079,2019-11-05,21:12,0.0
DA079,2019-11-06,08:00,9.6899995803833
DA079,2019-11-06,12:00,0.0
DA079,2019-11-06,17:37,35.43899917602539
DA079,2019-11-06,21:50,0.0
DA079,2019-11-07,7:20,0.0
DA079,2019-11-07,12:13,1.730399966239929
DA079,2019-11-07,17:20,0.0
DA079,2019-11-07,20:00,0.0
DA079,2019-11-08,8:02,0.0
DA079,2019-11-08,12:00,0.0
DA079,2019-11-08,17:00,81.9000015258789
DA079,2019-11-08,19:12,0.0
DA079,2019-11-09,7:20,2.940000057220459
DA079,2019-11-09,12:00,0.0
DA079,2019-11-09,17:00,33.62189865112305
DA079,2019-11-09,19:32,0.0
DA080,2019-10-29,08:00,0.0
DA080,2019-10-29,12:13,0.0
DA080,2019-10-29,17:00,12.76799964904785
DA080,2019-10-29,22:29,0.0
DA080,2019-10-30,08:00,9.6899995803833
DA080,2019-10-30,12:00,0.0
DA080,2019-10-30,17:03,41.68695068359375
DA080,2019-10-30,21:18,0.0
DA080,2019-10-31,7:13,0.0
DA080,2019-10-31,12:23,12.93319988250732
DA080,2019-10-31,17:00,82.50379943847656
DA080,2019-10-31,20:00,91.21929931640625
DA080,2019-11-01,7:21,0.0
DA080,2019-11-01,12:13,2.644200086593628
DA080,2019-11-01,17:00,78.24960327148438
DA080,2019-11-01,20:00,0.0
DA080,2019-11-10,,0.0
DA080,2019-11-10,,3.098400115966797
DA080,2019-11-10,,107.5595016479492
DA080,2019-11-10,,0.0
DA080,2019-11-11,,0.0
DA080,2019-11-11,,37.86320114135742
DA080,2019-11-11,,14.52639961242676
DA080,2019-11-11,,0.0
DA080,2019-11-12,,4.0
DA080,2019-11-12,,0.6345000267028809
DA080,2019-11-02,8:43,2.765000104904175
DA080,2019-11-02,12:00,3.514600038528442
DA080,2019-11-02,17:00,32.21939849853516
DA080,2019-11-02,19:06,0.0
DA080,2019-11-03,08:00,0.0
DA080,2019-11-03,12:00,0.0
DA080,2019-11-03,17:00,7.205999851226807
DA080,2019-11-03,20:00,0.0
DA080,2019-11-04,,37.97150039672852
DA080,2019-11-04,,0.0
DA080,2019-11-04,,0.0
DA080,2019-11-05,,4.0
DA080,2019-11-05,,0.0
DA080,2019-11-05,,10.56719970703125
DA080,2019-11-05,,0.0
DA080,2019-11-06,,9.6899995803833
DA080,2019-11-06,,0.0
DA080,2019-11-06,,35.43899917602539
DA080,2019-11-06,,0.0
DA080,2019-11-07,,0.0
DA080,2019-11-07,,1.730399966239929
DA080,2019-11-07,,0.0
DA080,2019-11-07,,0.0
DA080,2019-11-08,,0.0
DA080,2019-11-08,,4.217400074005127
DA080,2019-11-08,,81.9000015258789
DA080,2019-11-08,,0.0
DA080,2019-11-09,,2.940000057220459
DA080,2019-11-09,,0.0
DA080,2019-11-09,,33.62189865112305
DA080,2019-11-09,,0.0
DA081,2019-11-10,11:46,0.0
DA081,2019-11-10,17:00,33.30879974365234
DA081,2019-11-10,22:15,0.0
DA081,2019-11-11,7:08,0.0
DA081,2019-11-11,12:00,31.97039985656738
DA081,2019-11-11,17:00,40.42855072021484
DA081,2019-11-11,20:23,0.0
DA081,2019-11-12,12:00,0.0
DA081,2019-11-12,16:45,14.37562465667725
DA081,2019-11-12,22:15,0.0
DA081,2019-11-13,11:01,0.0
DA081,2019-11-13,16:45,52.33997344970703
DA081,2019-11-13,22:15,0.0
DA081,2019-11-14,7:15,0.0
DA081,2019-11-14,12:00,59.83570098876953
DA081,2019-11-14,17:00,40.04069900512695
DA081,2019-11-14,20:00,0.0
DA081,2019-11-15,8:49,0.0
DA081,2019-11-15,12:00,16.24769973754883
DA081,2019-11-15,16:45,194.8498992919922
DA081,2019-11-08,08:00,0.0
DA081,2019-11-08,12:00,85.62854766845703
DA081,2019-11-08,17:00,53.94300079345703
DA081,2019-11-08,20:45,0.0
DA081,2019-11-09,12:00,4.269100189208984
DA081,2019-11-09,17:08,209.6952056884766
DA081,2019-11-09,22:45,0.0
DA082,2019-11-10,8:25,0.0
DA082,2019-11-10,17:00,24.98159980773926
DA082,2019-11-10,20:58,0.0
DA082,2019-11-11,7:48,0.0
DA082,2019-11-11,17:00,88.07630157470703
DA082,2019-11-11,20:51,0.0
DA082,2019-11-12,7:02,0.0
DA082,2019-11-12,17:00,87.91329956054688
DA082,2019-11-12,21:53,0.0
DA082,2019-11-13,08:00,0.0
DA082,2019-11-13,17:00,79.90792846679688
DA082,2019-11-13,22:03,0.0
DA082,2019-11-14,08:00,0.0
DA082,2019-11-14,16:08,46.95299911499023
DA082,2019-11-14,21:43,0.0
DA082,2019-11-15,6:25,0.0
DA082,2019-11-15,16:33,194.8498992919922
DA082,2019-11-15,22:10,0.0
DA082,2019-11-08,08:00,0.0
DA082,2019-11-08,12:00,114.1714019775391
DA082,2019-11-08,17:00,71.92400360107422
DA082,2019-11-08,20:18,0.0
DA082,2019-11-09,16:55,209.1864318847656
DA082,2019-11-09,20:00,0.0
DA083,2019-11-10,8:11,0.0
DA083,2019-11-10,12:00,0.0
DA083,2019-11-10,17:00,8.327199935913086
DA083,2019-11-11,12:00,10.61944961547852
DA083,2019-11-11,17:00,20.21427536010742
DA083,2019-11-12,08:00,0.0
DA083,2019-11-12,12:00,31.02567481994629
DA083,2019-11-12,17:00,14.37562465667725
DA083,2019-11-12,22:00,0.0
DA083,2019-11-13,12:00,0.0
DA083,2019-11-13,22:37,0.0
DA083,2019-11-14,8:45,0.0
DA083,2019-11-14,12:00,75.52749633789062
DA083,2019-11-14,17:00,23.47649955749512
DA083,2019-11-15,7:15,0.0
DA083,2019-11-15,12:00,8.61769962310791
DA083,2019-11-15,17:00,91.61427307128906
DA083,2019-11-08,8:17,0.0
DA083,2019-11-08,12:00,18.49097442626953
DA083,2019-11-08,17:00,17.98100090026855
DA083,2019-11-08,20:19,0.0
DA083,2019-11-09,8:45,0.0
DA083,2019-11-09,12:00,6.264299869537354
DA083,2019-11-09,17:00,173.9129180908203
DA083,2019-11-09,20:01,0.0
DA084,2019-11-10,12:00,0.0
DA084,2019-11-10,17:00,16.65439987182617
DA084,2019-11-10,21:31,0.0
DA084,2019-11-11,08:00,0.0
DA084,2019-11-11,12:00,18.6120491027832
DA084,2019-11-11,16:51,20.21427536010742
DA084,2019-11-12,7:43,0.0
DA084,2019-11-12,12:20,54.23310089111328
DA084,2019-11-12,17:00,14.37562465667725
DA084,2019-11-13,08:00,0.0
DA084,2019-11-13,12:00,0.0
DA084,2019-11-13,17:00,35.20397567749023
DA084,2019-11-13,19:06,0.0
DA084,2019-11-14,08:00,0.0
DA084,2019-11-14,12:00,52.72267532348633
DA084,2019-11-14,17:00,15.1943998336792
DA084,2019-11-14,21:28,0.0
DA084,2019-11-15,08:00,0.0
DA084,2019-11-15,11:43,11.81949996948242
DA084,2019-11-15,16:36,54.52315139770508
DA084,2019-11-08,08:00,0.0
DA084,2019-11-08,12:00,55.47292327880859
DA084,2019-11-08,17:00,17.98100090026855
DA084,2019-11-08,20:31,0.0
DA084,2019-11-09,08:00,0.0
DA084,2019-11-09,12:00,8.259499549865723
DA084,2019-11-09,16:36,161.9855041503906
DA084,2019-11-09,20:31,0.0
DA085,2019-11-10,08:00,0.0
DA085,2019-11-10,12:00,0.0
DA085,2019-11-10,17:14,16.65439987182617
DA085,2019-11-10,21:03,0.0
DA085,2019-11-11,08:00,0.0
DA085,2019-11-11,11:08,10.61944961547852
DA085,2019-11-11,17:00,20.21427536010742
DA085,2019-11-12,08:00,0.0
DA085,2019-11-12,12:00,38.84392547607422
DA085,2019-11-12,17:00,14.37562465667725
DA085,2019-11-12,20:44,0.0
DA085,2019-11-13,08:00,0.0
DA085,2019-11-13,12:00,0.0
DA085,2019-11-13,17:00,26.6359748840332
DA085,2019-11-14,08:00,0.0
DA085,2019-11-14,12:00,37.76374816894531
DA085,2019-11-14,17:00,11.73824977874756
DA085,2019-11-15,11:58,11.81949996948242
DA085,2019-11-15,17:00,91.61427307128906
DA085,2019-11-08,6:29,0.0
DA085,2019-11-08,12:00,55.47292327880859
DA085,2019-11-08,17:00,35.96200180053711
DA085,2019-11-08,20:29,0.0
DA085,2019-11-09,8:28,0.0
DA085,2019-11-09,12:00,8.259499549865723
DA085,2019-11-09,17:00,80.99275207519531
DA085,2019-11-09,21:59,0.0
DA086,2019-11-10,8:28,0.0
DA086,2019-11-10,12:00,0.0
DA086,2019-11-10,17:00,8.327199935913086
DA086,2019-11-11,7:25,0.0
DA086,2019-11-11,12:33,18.6120491027832
DA086,2019-11-11,16:33,20.21427536010742
DA086,2019-11-12,08:00,0.0
DA086,2019-11-12,12:00,62.05134963989258
DA086,2019-11-12,16:48,28.75124931335449
DA086,2019-11-12,21:48,0.0
DA086,2019-11-13,7:10,0.0
DA086,2019-11-13,12:25,0.0
DA086,2019-11-13,16:48,36.13594818115234
DA086,2019-11-14,8:55,0.0
DA086,2019-11-14,12:00,90.4864273071289
DA086,2019-11-14,16:33,26.93264961242676
DA086,2019-11-14,22:03,0.0
DA086,2019-11-15,12:00,11.81949996948242
DA086,2019-11-15,17:33,54.52315139770508
DA086,2019-11-08,6:32,0.0
DA086,2019-11-08,12:00,73.96389770507812
DA086,2019-11-08,17:00,35.96200180053711
DA086,2019-11-08,20:48,0.0
DA086,2019-11-09,08:00,0.0
DA086,2019-11-09,12:00,4.129749774932861
DA086,2019-11-09,17:48,52.42380142211914
DA086,2019-11-09,21:40,0.0
DA087,2019-11-10,08:00,0.0
DA087,2019-11-10,12:00,0.0
DA087,2019-11-10,16:34,8.327199935913086
DA087,2019-11-10,22:10,0.0
DA087,2019-11-11,7:17,0.0
DA087,2019-11-11,12:32,10.61944961547852
DA087,2019-11-11,17:47,40.33380126953125
DA087,2019-11-12,7:39,0.0
DA087,2019-11-12,11:35,31.02567481994629
DA087,2019-11-12,17:40,14.37562465667725
DA087,2019-11-13,7:55,0.0
DA087,2019-11-13,12:32,0.0
DA087,2019-11-13,16:10,26.6359748840332
DA087,2019-11-13,19:47,0.0
DA087,2019-11-14,08:00,0.0
DA087,2019-11-14,12:00,37.76374816894531
DA087,2019-11-14,17:40,11.73824977874756
DA087,2019-11-15,08:00,0.0
DA087,2019-11-15,12:00,8.61769962310791
DA087,2019-11-15,17:00,48.71247482299805
DA087,2019-11-08,7:24,0.0
DA087,2019-11-08,12:39,55.47292327880859
DA087,2019-11-08,17:00,35.96200180053711
DA087,2019-11-08,19:28,0.0
DA087,2019-11-09,7:17,0.0
DA087,2019-11-09,12:32,5.985599994659424
DA087,2019-11-09,17:00,40.49637603759766
DA087,2019-11-09,20:00,0.0
DA088,2019-11-10,08:00,0.0
DA088,2019-11-10,12:00,0.0
DA088,2019-11-10,17:00,33.30879974365234
DA088,2019-11-11,7:38,0.0
DA088,2019-11-11,11:46,31.97039985656738
DA088,2019-11-11,17:45,0.3790000081062317
DA088,2019-11-12,12:16,92.82969665527344
DA088,2019-11-12,17:38,0.2879999876022339
DA088,2019-11-13,7:23,0.0
DA088,2019-11-13,12:00,0.0
DA088,2019-11-13,17:00,34.27199935913086
DA088,2019-11-14,7:31,0.0
DA088,2019-11-14,12:46,59.83570098876953
DA088,2019-11-14,17:00,33.12839889526367
DA088,2019-11-15,7:15,0.0
DA088,2019-11-15,11:36,21.66360092163086
DA088,2019-11-15,17:00,171.6071929931641
DA088,2019-11-08,6:12,0.0
DA088,2019-11-08,12:00,73.96389770507812
DA088,2019-11-08,17:00,0.0
DA088,2019-11-09,8:22,0.0
DA088,2019-11-09,12:00,8.538200378417969
DA088,2019-11-09,17:08,161.9855041503906
DA089,2019-11-10,6:02,0.0
DA089,2019-11-10,12:00,0.0
DA089,2019-11-10,17:00,8.327199935913086
DA089,2019-11-10,21:11,0.0
DA089,2019-11-11,7:34,0.0
DA089,2019-11-11,12:00,21.23889923095703
DA089,2019-11-11,17:00,20.21427536010742
DA089,2019-11-12,08:00,0.0
DA089,2019-11-12,12:00,31.02567481994629
DA089,2019-11-12,17:00,14.37562465667725
DA089,2019-11-13,6:42,0.0
DA089,2019-11-13,12:04,0.0
DA089,2019-11-13,16:01,44.70394897460938
DA089,2019-11-13,22:26,0.0
DA089,2019-11-14,7:02,0.0
DA089,2019-11-14,11:49,52.72267532348633
DA089,2019-11-14,17:19,11.73824977874756
DA089,2019-11-15,12:00,8.61769962310791
DA089,2019-11-15,17:00,54.52315139770508
DA089,2019-11-08,8:21,0.0
DA089,2019-11-08,12:00,55.47292327880859
DA089,2019-11-08,17:00,17.98100090026855
DA089,2019-11-08,22:19,0.0
DA089,2019-11-09,7:04,0.0
DA089,2019-11-09,12:00,4.129749774932861
DA089,2019-11-09,17:00,161.9855041503906
DA089,2019-11-09,20:56,0.0
DA090,2019-11-10,08:00,0.0
DA090,2019-11-10,12:00,0.0
DA090,2019-11-10,17:00,33.30879974365234
DA090,2019-11-11,8:51,0.0
DA090,2019-11-11,12:00,31.97039985656738
DA090,2019-11-11,17:00,0.3790000081062317
DA090,2019-11-12,6:55,0.0
DA090,2019-11-12,12:00,92.82969665527344
DA090,2019-11-12,17:00,0.2879999876022339
DA090,2019-11-13,7:49,0.0
DA090,2019-11-13,12:17,0.0
DA090,2019-11-13,17:00,34.27199935913086
DA090,2019-11-14,7:49,0.0
DA090,2019-11-14,12:02,91.21929931640625
DA090,2019-11-14,17:00,33.12839889526367
DA090,2019-11-15,8:28,0.0
DA090,2019-11-15,12:00,21.66360092163086
DA090,2019-11-15,17:00,23.24270057678223
DA090,2019-11-08,08:00,0.0
DA090,2019-11-08,12:00,73.96389770507812
DA090,2019-11-08,16:19,0.0
DA090,2019-11-09,7:30,0.0
DA090,2019-11-09,12:00,8.538200378417969
DA090,2019-11-09,17:00,161.9855041503906
DA091,2019-11-10,12:00,0.0
DA091,2019-11-10,16:07,33.30879974365234
DA091,2019-11-10,20:37,0.0
DA091,2019-11-14,12:00,59.83570098876953
DA091,2019-11-14,17:27,33.12839889526367
DA091,2019-11-15,08:00,0.0
DA091,2019-11-15,12:00,34.27040100097656
DA091,2019-11-15,17:00,171.6071929931641
DA091,2019-11-08,08:00,0.0
DA091,2019-11-08,12:28,0.0
DA091,2019-11-08,16:05,0.0
DA091,2019-11-08,20:42,0.0
DA091,2019-11-09,6:35,0.0
DA091,2019-11-09,12:05,0.0
DA091,2019-11-09,17:35,0.0
DA091,2019-11-09,21:27,9.600000381469727
DA092,2019-11-10,12:00,0.0
DA092,2019-11-10,16:25,33.30879974365234
DA092,2019-11-10,20:45,0.0
DA092,2019-11-11,11:45,31.97039985656738
DA092,2019-11-11,17:00,0.3790000081062317
DA092,2019-11-11,19:00,0.0
DA092,2019-11-12,12:00,92.82969665527344
DA092,2019-11-12,17:00,0.2879999876022339
DA092,2019-11-12,20:45,0.0
DA092,2019-11-13,08:00,0.0
DA092,2019-11-13,12:00,0.0
DA092,2019-11-13,16:10,34.27199935913086
DA092,2019-11-14,7:55,0.0
DA092,2019-11-14,12:00,59.83570098876953
DA092,2019-11-14,17:00,33.12839889526367
DA092,2019-11-15,08:00,0.0
DA092,2019-11-15,12:00,34.47079849243164
DA092,2019-11-15,17:00,171.6071929931641
DA092,2019-11-08,08:00,0.0
DA092,2019-11-08,12:00,55.47292327880859
DA092,2019-11-08,16:07,0.0
DA092,2019-11-08,21:15,0.0
DA092,2019-11-09,8:52,0.0
DA092,2019-11-09,12:00,8.538200378417969
DA092,2019-11-09,17:30,161.9855041503906
DA092,2019-11-09,22:00,9.600000381469727
DA093,2019-11-10,6:27,0.0
DA093,2019-11-10,12:00,0.0
DA093,2019-11-10,17:00,33.30879974365234
DA093,2019-11-11,6:32,0.0
DA093,2019-11-11,12:33,31.97039985656738
DA093,2019-11-11,17:00,0.3790000081062317
DA093,2019-11-12,08:00,0.0
DA093,2019-11-12,12:00,31.27300071716309
DA093,2019-11-12,17:00,0.2879999876022339
DA093,2019-11-13,08:00,0.0
DA093,2019-11-13,12:00,0.0
DA093,2019-11-13,17:25,34.27199935913086
DA093,2019-11-14,7:51,0.0
DA093,2019-11-14,12:00,91.21929931640625
DA093,2019-11-14,17:00,33.12839889526367
DA093,2019-11-15,6:37,0.0
DA093,2019-11-15,11:38,21.66360092163086
DA093,2019-11-15,16:28,23.24270057678223
DA093,2019-11-08,7:37,0.0
DA093,2019-11-08,12:33,73.96389770507812
DA093,2019-11-08,16:53,0.0
DA093,2019-11-09,6:44,0.0
DA093,2019-11-09,12:03,8.538200378417969
DA093,2019-11-09,17:00,161.9855041503906
DA094,2019-11-10,12:00,0.0
DA094,2019-11-10,16:11,24.98159980773926
DA094,2019-11-10,21:51,0.0
DA094,2019-11-11,12:00,31.97039985656738
DA094,2019-11-11,16:41,0.3790000081062317
DA094,2019-11-12,9:00,0.0
DA094,2019-11-12,12:00,92.82969665527344
DA094,2019-11-12,17:46,0.2879999876022339
DA094,2019-11-13,08:00,0.0
DA094,2019-11-13,12:00,0.0
DA094,2019-11-13,17:00,34.27199935913086
DA094,2019-11-14,8:43,0.0
DA094,2019-11-14,11:35,59.83570098876953
DA094,2019-11-14,17:00,33.12839889526367
DA094,2019-11-15,08:00,0.0
DA094,2019-11-15,11:20,12.80720043182373
DA094,2019-11-15,17:06,171.6071929931641
DA094,2019-11-08,8:28,0.0
DA094,2019-11-08,12:00,73.96389770507812
DA094,2019-11-08,17:00,0.0
DA094,2019-11-08,20:41,0.0
DA094,2019-11-09,08:00,0.0
DA094,2019-11-09,12:00,8.538200378417969
DA094,2019-11-09,16:09,161.9855041503906
DA094,2019-11-09,21:21,9.600000381469727
DA095,2019-11-10,12:00,0.0
DA095,2019-11-10,17:00,33.30879974365234
DA095,2019-11-10,20:37,0.0
DA095,2019-11-11,12:00,10.507399559021
DA095,2019-11-11,17:00,10.65499973297119
DA095,2019-11-11,21:07,0.0
DA095,2019-11-12,12:00,92.82969665527344
DA095,2019-11-12,17:00,0.2879999876022339
DA095,2019-11-12,20:37,0.0
DA095,2019-11-13,12:00,0.0
DA095,2019-11-13,17:45,32.08639907836914
DA095,2019-11-13,22:15,0.0
DA095,2019-11-14,12:00,0.0
DA095,2019-11-14,17:22,33.12839889526367
DA095,2019-11-14,21:58,0.0
DA095,2019-11-15,12:37,21.66360092163086
DA095,2019-11-15,16:37,171.6071929931641
DA095,2019-11-15,21:12,0.0
DA095,2019-11-08,12:00,55.47292327880859
DA095,2019-11-08,17:30,0.0
DA095,2019-11-08,22:15,0.0
DA095,2019-11-09,12:00,8.538200378417969
DA095,2019-11-09,17:07,161.9855041503906
DA095,2019-11-09,21:33,0.0
DA096,2019-11-10,7:25,0.0
DA096,2019-11-10,11:35,0.0
DA096,2019-11-10,16:19,0.0
DA096,2019-11-10,20:45,0.0
DA096,2019-11-11,08:00,0.0
DA096,2019-11-11,11:00,31.97039985656738
DA096,2019-11-11,17:00,0.3790000081062317
DA096,2019-11-11,21:55,0.0
DA096,2019-11-12,7:02,0.0
DA096,2019-11-12,11:54,92.82969665527344
DA096,2019-11-12,17:25,0.2879999876022339
DA096,2019-11-12,22:19,0.0
DA096,2019-11-13,6:19,0.0
DA096,2019-11-13,12:32,0.0
DA096,2019-11-13,17:00,34.27199935913086
DA096,2019-11-13,19:49,0.0
DA096,2019-11-14,08:00,0.0
DA096,2019-11-14,12:00,59.83570098876953
DA096,2019-11-14,17:25,33.12839889526367
DA096,2019-11-14,21:19,0.0
DA096,2019-11-15,08:00,0.0
DA096,2019-11-15,12:00,21.66360092163086
DA096,2019-11-15,17:00,171.6071929931641
DA096,2019-11-15,21:25,0.0
DA096,2019-11-08,8:51,0.0
DA096,2019-11-08,12:00,73.96389770507812
DA096,2019-11-08,17:00,0.0
DA096,2019-11-08,21:00,0.0
DA096,2019-11-09,08:00,0.0
DA096,2019-11-09,11:24,8.538200378417969
DA096,2019-11-09,17:00,161.9855041503906
DA097,2019-11-10,08:00,0.0
DA097,2019-11-10,12:00,0.0
DA097,2019-11-10,17:00,33.30879974365234
DA097,2019-11-11,7:59,0.0
DA097,2019-11-11,12:06,0.0
DA097,2019-11-11,17:00,0.0
DA097,2019-11-12,08:00,0.0
DA097,2019-11-12,12:00,0.0
DA097,2019-11-12,16:14,0.0
DA097,2019-11-13,7:44,0.0
DA097,2019-11-13,12:21,0.0
DA097,2019-11-13,17:51,0.0
DA097,2019-11-14,08:00,0.0
DA097,2019-11-14,12:00,0.0
DA097,2019-11-14,17:00,0.0
DA097,2019-11-15,08:00,0.0
DA097,2019-11-15,12:00,0.0
DA097,2019-11-15,17:00,0.0
DA097,2019-11-08,8:43,0.0
DA097,2019-11-08,11:28,0.0
DA097,2019-11-08,17:44,0.0
DA097,2019-11-09,8:43,0.0
DA097,2019-11-09,12:38,0.0
DA097,2019-11-09,16:59,0.0
DA098,2019-11-10,11:46,0.0
DA098,2019-11-10,16:30,33.30879974365234
DA098,2019-11-11,7:31,0.0
DA098,2019-11-11,11:31,0.0
DA098,2019-11-11,17:45,0.0
DA098,2019-11-12,08:00,0.0
DA098,2019-11-12,12:00,92.82969665527344
DA098,2019-11-12,17:00,0.2879999876022339
DA098,2019-11-12,20:30,0.0
DA098,2019-11-13,7:08,0.0
DA098,2019-11-13,12:23,0.0
DA098,2019-11-13,17:38,0.0
DA098,2019-11-14,7:16,0.0
DA098,2019-11-14,12:16,59.83570098876953
DA098,2019-11-14,17:53,33.12839889526367
DA098,2019-11-15,8:03,0.0
DA098,2019-11-15,12:00,21.66360092163086
DA098,2019-11-15,17:30,171.6071929931641
DA098,2019-11-08,8:41,0.0
DA098,2019-11-08,12:00,0.0
DA098,2019-11-08,16:30,0.0
DA098,2019-11-09,08:00,0.0
DA098,2019-11-09,12:00,0.0
DA098,2019-11-09,16:15,161.9855041503906
DA099,2019-11-10,12:00,0.0
DA099,2019-11-10,17:00,33.30879974365234
DA099,2019-11-11,6:17,0.0
DA099,2019-11-11,12:16,0.0
DA099,2019-11-11,17:00,0.0
DA099,2019-11-12,08:00,0.0
DA099,2019-11-12,12:00,0.0
DA099,2019-11-12,17:00,0.0
DA099,2019-11-13,8:27,9.859999656677246
DA099,2019-11-13,12:00,9.859999656677246
DA099,2019-11-13,17:39,9.859999656677246
DA099,2019-11-14,7:01,0.0
DA099,2019-11-14,12:54,0.0
DA099,2019-11-14,17:00,0.0
DA099,2019-11-15,8:35,0.0
DA099,2019-11-15,12:00,0.0
DA099,2019-11-15,16:02,0.0
DA099,2019-11-08,6:54,0.0
DA099,2019-11-08,12:00,73.96389770507812
DA099,2019-11-08,17:00,0.0
DA099,2019-11-08,20:52,0.0
DA099,2019-11-09,08:00,0.0
DA099,2019-11-09,11:31,8.538200378417969
DA099,2019-11-09,17:00,161.9855041503906
DA100,2019-11-10,08:00,0.0
DA100,2019-11-10,12:00,0.0
DA100,2019-11-10,17:00,33.30879974365234
DA100,2019-11-10,21:26,0.0
DA100,2019-11-11,8:39,0.0
DA100,2019-11-11,12:00,31.97039985656738
DA100,2019-11-11,17:00,0.3790000081062317
DA100,2019-11-11,21:33,0.0
DA100,2019-11-12,6:26,0.0
DA100,2019-11-12,12:29,92.82969665527344
DA100,2019-11-12,16:14,0.2879999876022339
DA100,2019-11-13,08:00,0.0
DA100,2019-11-13,11:04,0.0
DA100,2019-11-13,17:33,34.27199935913086
DA100,2019-11-13,21:44,0.0
DA100,2019-11-14,08:00,0.0
DA100,2019-11-14,12:00,59.83570098876953
DA100,2019-11-14,16:33,33.12839889526367
DA100,2019-11-15,8:03,0.0
DA100,2019-11-15,11:34,21.66360092163086
DA100,2019-11-15,17:48,171.6071929931641
DA100,2019-11-15,22:03,0.0
DA100,2019-11-08,08:00,0.0
DA100,2019-11-08,11:00,73.96389770507812
DA100,2019-11-08,17:33,0.0
DA100,2019-11-08,21:26,0.0
DA100,2019-11-09,7:03,0.0
DA100,2019-11-09,11:56,7.980800151824951
DA100,2019-11-09,17:03,161.9855041503906
DA101,2019-11-10,12:00,0.0
DA101,2019-11-10,17:27,33.30879974365234
DA101,2019-11-10,21:15,0.0
DA101,2019-11-11,13:00,31.97039985656738
DA101,2019-11-11,17:00,0.1895000040531158
DA101,2019-11-11,19:31,0.0
DA101,2019-11-12,12:00,92.82969665527344
DA101,2019-11-12,17:00,0.2879999876022339
DA101,2019-11-12,19:27,0.0
DA101,2019-11-13,12:00,0.0
DA101,2019-11-13,16:10,34.27199935913086
DA101,2019-11-13,22:04,0.0
DA101,2019-11-14,7:20,0.0
DA101,2019-11-14,12:12,59.83570098876953
DA101,2019-11-14,17:19,33.12839889526367
DA101,2019-11-14,21:57,0.0
DA101,2019-11-15,12:00,21.66360092163086
DA101,2019-11-15,17:00,171.6071929931641
DA101,2019-11-15,19:57,0.0
DA101,2019-11-08,8:23,0.0
DA101,2019-11-08,12:00,73.96389770507812
DA101,2019-11-08,17:00,0.0
DA101,2019-11-08,20:19,0.0
DA101,2019-11-09,11:20,8.538200378417969
DA101,2019-11-09,17:00,161.9855041503906
DA101,2019-11-09,19:08,0.0
DA102,2019-11-10,6:34,0.0
DA102,2019-11-10,12:09,0.0
DA102,2019-11-10,17:00,0.0
DA102,2019-11-11,12:24,0.0
DA102,2019-11-11,17:00,0.0
DA102,2019-11-11,19:36,0.0
DA102,2019-11-12,12:00,0.0
DA102,2019-11-12,16:34,0.0
DA102,2019-11-13,11:24,0.0
DA102,2019-11-13,17:00,0.0
DA102,2019-11-14,12:24,0.0
DA102,2019-11-14,17:49,0.0
DA102,2019-11-14,22:19,0.0
DA102,2019-11-15,12:00,0.0
DA102,2019-11-15,17:00,0.0
DA102,2019-11-15,19:51,0.0
DA102,2019-11-08,19:43,0.0
DA102,2019-11-09,12:00,0.0
DA102,2019-11-09,17:47,0.0
DA103,2019-11-10,08:00,0.0
DA103,2019-11-10,12:00,0.0
DA103,2019-11-10,16:26,0.0
DA103,2019-11-10,21:56,0.0
DA103,2019-11-11,7:11,0.0
DA103,2019-11-11,12:00,0.0
DA103,2019-11-11,17:00,0.0
DA103,2019-11-11,20:00,0.0
DA103,2019-11-12,6:11,0.0
DA103,2019-11-12,12:48,0.0
DA103,2019-11-12,17:18,0.0
DA103,2019-11-12,21:14,0.0
DA103,2019-11-13,8:01,0.0
DA103,2019-11-13,12:00,0.0
DA103,2019-11-13,17:00,0.0
DA103,2019-11-13,19:00,0.0
DA103,2019-11-14,08:00,0.0
DA103,2019-11-14,12:00,0.0
DA103,2019-11-14,16:00,0.0
DA103,2019-11-14,21:56,0.0
DA103,2019-11-15,08:00,0.0
DA103,2019-11-15,12:00,0.0
DA103,2019-11-15,17:00,0.0
DA103,2019-11-15,22:03,0.0
DA103,2019-11-08,20:56,0.0
DA103,2019-11-09,7:18,0.0
DA103,2019-11-09,12:11,0.0
DA103,2019-11-09,17:00,0.0
DA103,2019-11-09,19:26,0.0
DA104,2019-11-10,08:00,0.0
DA104,2019-11-10,12:00,0.0
DA104,2019-11-10,17:00,0.0
DA104,2019-11-11,8:37,0.0
DA104,2019-11-11,12:00,0.0
DA104,2019-11-11,17:00,0.0
DA104,2019-11-12,7:05,0.0
DA104,2019-11-12,12:13,0.0
DA104,2019-11-12,16:42,0.0
DA104,2019-11-13,6:50,0.0
DA104,2019-11-13,11:37,0.0
DA104,2019-11-13,17:42,0.0
DA104,2019-11-14,08:00,0.0
DA104,2019-11-14,12:00,0.0
DA104,2019-11-14,17:00,0.0
DA104,2019-11-15,08:00,0.0
DA104,2019-11-15,11:02,0.0
DA104,2019-11-15,16:07,0.0
DA104,2019-11-09,6:17,0.0
DA104,2019-11-09,11:43,0.0
DA104,2019-11-09,17:57,0.0
DA105,2019-11-10,7:14,0.0
DA105,2019-11-10,11:38,0.0
DA105,2019-11-10,16:29,0.0
DA105,2019-11-10,21:18,0.0
DA105,2019-11-11,08:00,0.0
DA105,2019-11-11,11:09,0.0
DA105,2019-11-11,16:44,0.0
DA105,2019-11-11,21:44,0.0
DA105,2019-11-12,7:06,0.0
DA105,2019-11-12,12:00,0.0
DA105,2019-11-12,17:29,0.0
DA105,2019-11-12,22:14,0.0
DA105,2019-11-13,7:06,0.0
DA105,2019-11-13,12:13,0.0
DA105,2019-11-13,16:59,0.0
DA105,2019-11-13,21:09,0.0
DA105,2019-11-14,7:21,0.0
DA105,2019-11-14,12:00,0.0
DA105,2019-11-14,17:00,0.0
DA105,2019-11-14,20:21,0.0
DA105,2019-11-15,6:59,0.0
DA105,2019-11-15,12:28,0.0
DA105,2019-11-15,17:00,0.0
DA105,2019-11-15,22:21,0.0
DA105,2019-11-08,8:55,0.0
DA105,2019-11-08,12:00,0.0
DA105,2019-11-08,17:00,0.0
DA105,2019-11-09,7:14,0.0
DA105,2019-11-09,11:43,0.0
DA105,2019-11-09,17:29,0.0
DA106,2019-11-10,17:00,0.0
DA106,2019-11-10,20:00,0.0
DA106,2019-11-11,6:39,0.0
DA106,2019-11-11,17:42,0.0
DA106,2019-11-11,21:47,0.0
DA106,2019-11-12,7:37,0.0
DA106,2019-11-12,12:24,0.0
DA106,2019-11-12,16:26,0.0
DA106,2019-11-12,20:00,0.0
DA106,2019-11-13,8:31,0.0
DA106,2019-11-13,12:00,0.0
DA106,2019-11-13,17:00,0.0
DA106,2019-11-14,7:37,0.0
DA106,2019-11-14,12:27,0.0
DA106,2019-11-14,17:37,0.0
DA106,2019-11-15,7:32,0.0
DA106,2019-11-15,12:09,0.0
DA106,2019-11-15,17:02,0.0
DA106,2019-11-15,20:00,0.0
DA106,2019-11-09,7:27,0.0
DA106,2019-11-09,12:00,0.0
DA106,2019-11-09,17:00,0.0
DA106,2019-11-09,20:00,0.0
DA107,2019-11-10,08:00,0.0
DA107,2019-11-10,12:00,0.0
DA107,2019-11-10,16:53,0.0
DA107,2019-11-11,8:03,0.0
DA107,2019-11-11,12:55,0.0
DA107,2019-11-11,16:10,0.0
DA107,2019-11-11,21:48,0.0
DA107,2019-11-12,8:33,0.0
DA107,2019-11-12,12:03,0.0
DA107,2019-11-12,17:25,0.0
DA107,2019-11-13,08:00,0.0
DA107,2019-11-13,12:00,0.0
DA107,2019-11-13,17:00,0.0
DA107,2019-11-14,8:03,0.0
DA107,2019-11-14,12:40,0.0
DA107,2019-11-14,17:18,0.0
DA107,2019-11-14,21:55,0.0
DA107,2019-11-15,7:10,0.0
DA107,2019-11-15,12:03,0.0
DA107,2019-11-15,17:00,0.0
DA107,2019-11-15,21:03,0.0
DA107,2019-11-08,21:08,0.0
DA107,2019-11-09,8:03,0.0
DA107,2019-11-09,11:48,0.0
DA107,2019-11-09,17:18,0.0
DA108,2019-11-10,8:42,0.0
DA108,2019-11-10,11:35,0.0
DA108,2019-11-10,17:00,62.59930038452148
DA108,2019-11-10,20:49,0.0
DA108,2019-11-11,7:04,0.0
DA108,2019-11-11,11:35,10.507399559021
DA108,2019-11-11,17:00,0.3790000081062317
DA108,2019-11-11,20:49,0.0
DA108,2019-11-12,7:04,0.0
DA108,2019-11-12,12:57,31.27300071716309
DA108,2019-11-12,17:45,0.2879999876022339
DA108,2019-11-12,22:15,0.0
DA108,2019-11-13,7:04,0.0
DA108,2019-11-13,12:00,0.0
DA108,2019-11-13,17:00,72.27189636230469
DA108,2019-11-13,21:04,0.0
DA108,2019-11-14,6:57,0.0
DA108,2019-11-14,12:00,91.21929931640625
DA108,2019-11-14,17:00,13.82460021972656
DA108,2019-11-14,22:19,0.0
DA108,2019-11-15,6:49,0.0
DA108,2019-11-15,11:50,21.66360092163086
DA108,2019-11-15,17:42,171.6071929931641
DA108,2019-11-15,22:12,0.0
DA108,2019-11-08,08:00,0.0
DA108,2019-11-08,12:00,65.6240005493164
DA108,2019-11-08,16:27,0.0
DA108,2019-11-08,21:04,0.0
DA108,2019-11-09,7:04,0.0
DA108,2019-11-09,11:35,0.0
DA108,2019-11-09,16:34,161.9855041503906
DA108,2019-11-09,20:00,0.0
DA109,2019-11-10,9:00,0.0
DA109,2019-11-10,12:00,0.0
DA109,2019-11-10,17:00,33.30879974365234
DA109,2019-11-11,6:25,0.0
DA109,2019-11-11,12:37,31.97039985656738
DA109,2019-11-11,16:52,0.3790000081062317
DA109,2019-11-12,6:49,0.0
DA109,2019-11-12,13:00,92.82969665527344
DA109,2019-11-12,17:30,0.2879999876022339
DA109,2019-11-13,7:22,0.0
DA109,2019-11-13,12:37,0.0
DA109,2019-11-13,17:30,34.27199935913086
DA109,2019-11-14,8:48,0.0
DA109,2019-11-14,12:00,59.83570098876953
DA109,2019-11-14,17:00,33.12839889526367
DA109,2019-11-15,7:30,0.0
DA109,2019-11-15,11:35,34.27040100097656
DA109,2019-11-15,17:30,171.6071929931641
DA109,2019-11-08,08:00,0.0
DA109,2019-11-08,12:15,55.47292327880859
DA109,2019-11-08,17:45,0.0
DA109,2019-11-09,7:37,0.0
DA109,2019-11-09,12:30,7.980800151824951
DA109,2019-11-09,17:00,161.9855041503906
DA110,2019-11-10,11:42,0.0
DA110,2019-11-10,16:02,33.30879974365234
DA110,2019-11-10,20:17,0.0
DA110,2019-11-11,08:00,0.0
DA110,2019-11-11,11:12,23.9778003692627
DA110,2019-11-11,16:32,60.35857391357422
DA110,2019-11-12,11:22,15.63650035858154
DA110,2019-11-12,16:56,0.1439999938011169
DA110,2019-11-13,7:24,0.0
DA110,2019-11-13,12:00,0.0
DA110,2019-11-13,17:00,25.70400047302246
DA110,2019-11-14,7:31,0.0
DA110,2019-11-14,12:00,68.41447448730469
DA110,2019-11-14,17:00,24.84630012512207
DA110,2019-11-15,08:00,0.0
DA110,2019-11-15,12:00,9.605400085449219
DA110,2019-11-15,17:09,128.7053985595703
DA110,2019-11-08,08:00,0.0
DA110,2019-11-08,12:00,36.98194885253906
DA110,2019-11-08,17:47,0.0
DA110,2019-11-09,12:39,7.980800151824951
DA110,2019-11-09,17:00,161.9855041503906
DA111,2019-11-10,08:00,0.0
DA111,2019-11-10,11:19,0.0
DA111,2019-11-10,17:33,0.0
DA111,2019-11-10,21:03,0.0
DA111,2019-11-11,6:03,0.0
DA111,2019-11-11,12:00,31.97039985656738
DA111,2019-11-11,17:00,0.3790000081062317
DA111,2019-11-11,20:48,0.0
DA111,2019-11-12,08:00,0.0
DA111,2019-11-12,12:00,124.1026992797852
DA111,2019-11-12,17:00,0.2879999876022339
DA111,2019-11-12,21:33,0.0
DA111,2019-11-13,6:18,0.0
DA111,2019-11-13,12:00,0.0
DA111,2019-11-13,17:56,106.5438995361328
DA111,2019-11-14,08:00,0.0
DA111,2019-11-14,12:00,91.21929931640625
DA111,2019-11-14,17:00,33.12839889526367
DA111,2019-11-15,7:33,0.0
DA111,2019-11-15,12:00,21.66360092163086
DA111,2019-11-15,17:48,171.6071929931641
DA111,2019-11-08,08:00,0.0
DA111,2019-11-08,11:11,10.05187511444092
DA111,2019-11-08,16:18,0.0
DA111,2019-11-08,22:03,0.0
DA111,2019-11-09,7:18,0.0
DA111,2019-11-09,11:11,8.538200378417969
DA111,2019-11-09,17:00,161.9855041503906
DA111,2019-11-09,22:18,0.0
DA112,2019-11-10,08:00,0.0
DA112,2019-11-10,12:00,0.0
DA112,2019-11-10,16:30,33.30879974365234
DA112,2019-11-10,21:15,0.0
DA112,2019-11-11,08:00,0.0
DA112,2019-11-11,12:00,31.97039985656738
DA112,2019-11-11,16:49,80.47810363769531
DA112,2019-11-11,22:04,0.0
DA112,2019-11-12,7:12,0.0
DA112,2019-11-12,11:50,31.27300071716309
DA112,2019-11-12,17:34,0.2879999876022339
DA112,2019-11-12,21:19,0.0
DA112,2019-11-13,7:20,0.0
DA112,2019-11-13,12:00,0.0
DA112,2019-11-13,17:00,34.27199935913086
DA112,2019-11-14,7:04,0.0
DA112,2019-11-14,12:05,91.21929931640625
DA112,2019-11-14,17:00,33.12839889526367
DA112,2019-11-15,,0.0
DA112,2019-11-15,,21.66360092163086
DA112,2019-11-15,,171.6071929931641
DA112,2019-11-08,08:00,0.0
DA112,2019-11-08,12:20,40.20750045776367
DA112,2019-11-08,17:34,0.0
DA112,2019-11-09,8:57,0.0
DA112,2019-11-09,12:00,7.980800151824951
DA112,2019-11-09,17:00,161.9855041503906
DA112,2019-11-09,22:10,0.0
DA113,2019-11-10,08:00,18.60000038146973
DA113,2019-11-10,12:00,0.0
DA113,2019-11-10,17:00,16.65439987182617
DA113,2019-11-10,20:41,0.0
DA113,2019-11-11,6:17,0.0
DA113,2019-11-11,12:00,31.97039985656738
DA113,2019-11-11,17:00,0.3790000081062317
DA113,2019-11-11,20:56,0.0
DA113,2019-11-12,7:48,0.0
DA113,2019-11-12,12:00,54.48042678833008
DA113,2019-11-12,16:56,57.2864990234375
DA113,2019-11-12,21:59,0.0
DA113,2019-11-13,7:14,0.0
DA113,2019-11-13,11:46,0.0
DA113,2019-11-13,16:22,35.20397567749023
DA113,2019-11-13,21:17,0.0
DA113,2019-11-14,08:00,0.0
DA113,2019-11-14,12:00,91.21929931640625
DA113,2019-11-14,17:00,36.58454895019531
DA113,2019-11-14,21:02,0.0
DA113,2019-11-15,6:33,0.0
DA113,2019-11-15,12:00,21.66360092163086
DA113,2019-11-15,17:00,171.6071929931641
DA113,2019-11-15,20:37,18.60000038146973
DA113,2019-11-08,08:00,0.0
DA113,2019-11-08,12:00,40.20750045776367
DA113,2019-11-08,17:52,0.0
DA113,2019-11-08,22:07,32.25
DA113,2019-11-09,6:32,0.0
DA113,2019-11-09,12:37,7.980800151824951
DA113,2019-11-09,17:41,161.9855041503906
DA113,2019-11-09,22:14,18.60000038146973
DA114,2019-11-10,6:22,0.0
DA114,2019-11-10,12:00,0.0
DA114,2019-11-10,17:00,24.98159980773926
DA114,2019-11-10,19:22,9.399999618530273
DA114,2019-11-11,8:15,0.0
DA114,2019-11-11,12:45,23.9778003692627
DA114,2019-11-11,17:27,0.1895000040531158
DA114,2019-11-11,22:15,0.0
DA114,2019-11-12,7:15,0.0
DA114,2019-11-12,11:28,69.62227630615234
DA114,2019-11-12,16:33,0.2160000056028366
DA114,2019-11-12,21:45,0.0
DA114,2019-11-13,7:52,0.0
DA114,2019-11-13,11:43,0.0
DA114,2019-11-13,17:45,25.70400047302246
DA114,2019-11-13,22:15,0.0
DA114,2019-11-14,08:00,0.0
DA114,2019-11-14,12:00,44.87677383422852
DA114,2019-11-14,17:37,16.56419944763184
DA114,2019-11-14,21:52,0.0
DA114,2019-11-15,7:15,0.0
DA114,2019-11-15,11:52,6.403600215911865
DA114,2019-11-15,17:37,128.7053985595703
DA114,2019-11-15,22:15,0.0
DA114,2019-11-08,08:00,0.0
DA114,2019-11-08,12:07,55.47292327880859
DA114,2019-11-08,17:37,0.0
DA114,2019-11-08,20:22,6.0
DA114,2019-11-09,8:49,0.0
DA114,2019-11-09,12:00,6.403649806976318
DA114,2019-11-09,17:00,161.9855041503906
DA114,2019-11-09,21:52,0.0
DA115,2019-11-10,11:09,0.0
DA115,2019-11-10,17:17,33.30879974365234
DA115,2019-11-10,22:02,0.0
DA115,2019-11-11,6:19,0.0
DA115,2019-11-11,12:00,31.97039985656738
DA115,2019-11-11,17:00,0.3790000081062317
DA115,2019-11-11,21:10,0.0
DA115,2019-11-12,8:30,0.0
DA115,2019-11-12,12:00,31.27300071716309
DA115,2019-11-12,17:55,0.2879999876022339
DA115,2019-11-12,21:55,0.0
DA115,2019-11-13,08:00,0.0
DA115,2019-11-13,11:02,0.0
DA115,2019-11-13,17:15,34.27199935913086
DA115,2019-11-13,21:30,0.0
DA115,2019-11-14,8:51,0.0
DA115,2019-11-14,12:00,59.83570098876953
DA115,2019-11-14,17:00,33.12839889526367
DA115,2019-11-14,21:25,0.0
DA115,2019-11-15,6:30,0.0
DA115,2019-11-15,12:00,16.24769973754883
DA115,2019-11-15,17:00,171.6071929931641
DA115,2019-11-08,08:00,0.0
DA115,2019-11-08,11:32,20.10375022888184
DA115,2019-11-08,17:00,0.0
DA115,2019-11-08,22:10,0.0
DA115,2019-11-09,6:45,0.0
DA115,2019-11-09,12:00,4.269100189208984
DA115,2019-11-09,17:00,161.9855041503906
DA115,2019-11-09,22:02,0.0
DA116,2019-11-10,7:07,0.0
DA116,2019-11-10,12:00,0.0
DA116,2019-11-10,17:00,33.30879974365234
DA116,2019-11-10,20:45,0.0
DA116,2019-11-11,08:00,0.0
DA116,2019-11-11,12:00,31.97039985656738
DA116,2019-11-11,17:00,62.59930038452148
DA116,2019-11-11,20:37,0.0
DA116,2019-11-12,8:26,0.0
DA116,2019-11-12,12:00,31.27300071716309
DA116,2019-11-12,16:11,0.2879999876022339
DA116,2019-11-12,22:26,0.0
DA116,2019-11-13,08:00,0.0
DA116,2019-11-13,12:00,0.0
DA116,2019-11-13,17:48,34.27199935913086
DA116,2019-11-13,22:03,0.0
DA116,2019-11-14,8:35,0.0
DA116,2019-11-14,12:00,91.21929931640625
DA116,2019-11-14,17:00,33.12839889526367
DA116,2019-11-14,20:41,0.0
DA116,2019-11-15,08:00,0.0
DA116,2019-11-15,11:15,21.66360092163086
DA116,2019-11-15,17:26,171.6071929931641
DA116,2019-11-15,21:48,0.0
DA116,2019-11-08,08:00,0.0
DA116,2019-11-08,12:00,40.20750045776367
DA116,2019-11-08,17:11,0.0
DA116,2019-11-08,22:56,0.0
DA116,2019-11-09,08:00,0.0
DA116,2019-11-09,12:00,8.538200378417969
DA116,2019-11-09,17:26,161.9855041503906
DA116,2019-11-09,21:45,100.0
DA117,2019-11-10,08:00,0.0
DA117,2019-11-10,12:00,0.0
DA117,2019-11-10,17:00,33.30879974365234
DA117,2019-11-10,22:05,0.0
DA117,2019-11-11,8:39,0.0
DA117,2019-11-11,12:00,31.97039985656738
DA117,2019-11-11,17:00,0.3790000081062317
DA117,2019-11-12,7:05,0.0
DA117,2019-11-12,12:35,31.27300071716309
DA117,2019-11-12,17:00,0.2879999876022339
DA117,2019-11-13,7:43,0.0
DA117,2019-11-13,11:58,0.0
DA117,2019-11-13,16:57,34.27199935913086
DA117,2019-11-13,21:12,0.0
DA117,2019-11-14,7:28,0.0
DA117,2019-11-14,12:00,59.83570098876953
DA117,2019-11-14,16:12,33.12839889526367
DA117,2019-11-15,7:28,0.0
DA117,2019-11-15,11:58,21.66360092163086
DA117,2019-11-15,17:22,171.6071929931641
DA117,2019-11-08,08:00,0.0
DA117,2019-11-08,12:43,40.20750045776367
DA117,2019-11-08,16:20,0.0
DA117,2019-11-08,21:20,0.0
DA117,2019-11-09,08:00,0.0
DA117,2019-11-09,12:00,8.538200378417969
DA117,2019-11-09,17:00,161.9855041503906
DA118,2019-11-10,12:00,0.0
DA118,2019-11-10,17:00,33.30879974365234
DA118,2019-11-10,21:15,0.0
DA118,2019-11-11,7:15,0.0
DA118,2019-11-11,12:00,31.97039985656738
DA118,2019-11-11,17:00,0.3790000081062317
DA118,2019-11-11,21:22,1.159999966621399
DA118,2019-11-12,6:19,0.0
DA118,2019-11-12,12:54,92.82969665527344
DA118,2019-11-12,17:22,0.2879999876022339
DA118,2019-11-12,21:00,1.159999966621399
DA118,2019-11-13,6:30,0.0
DA118,2019-11-13,11:24,0.0
DA118,2019-11-13,17:52,34.27199935913086
DA118,2019-11-13,21:45,1.159999966621399
DA118,2019-11-14,08:00,0.0
DA118,2019-11-14,12:00,59.83570098876953
DA118,2019-11-14,17:30,33.12839889526367
DA118,2019-11-14,21:30,26.90974998474121
DA118,2019-11-15,7:22,0.0
DA118,2019-11-15,12:00,12.80720043182373
DA118,2019-11-15,17:15,171.6071929931641
DA118,2019-11-15,21:49,0.0
DA118,2019-11-08,08:00,0.0
DA118,2019-11-08,12:00,40.20750045776367
DA118,2019-11-08,17:00,0.0
DA118,2019-11-08,21:30,1.159999966621399
DA118,2019-11-09,6:19,0.0
DA118,2019-11-09,12:07,3.990400075912476
DA118,2019-11-09,17:52,161.9855041503906
DA118,2019-11-09,21:52,0.0
DA119,2019-11-10,08:00,0.0
DA119,2019-11-10,12:00,0.0
DA119,2019-11-10,16:02,33.30879974365234
DA119,2019-11-10,21:57,0.0
DA119,2019-11-11,08:00,0.0
DA119,2019-11-11,11:31,10.507399559021
DA119,2019-11-11,17:09,80.47810363769531
DA119,2019-11-11,21:17,0.0
DA119,2019-11-12,08:00,0.0
DA119,2019-11-12,12:00,92.82969665527344
DA119,2019-11-12,16:47,0.2879999876022339
DA119,2019-11-12,22:02,0.0
DA119,2019-11-13,08:00,0.0
DA119,2019-11-13,12:00,0.0
DA119,2019-11-13,17:54,34.27199935913086
DA119,2019-11-13,22:02,0.0
DA119,2019-11-14,08:00,0.0
DA119,2019-11-14,12:00,59.83570098876953
DA119,2019-11-14,17:00,33.12839889526367
DA119,2019-11-14,21:24,0.0
DA119,2019-11-15,8:54,0.0
DA119,2019-11-15,11:24,21.66360092163086
DA119,2019-11-15,17:00,23.24270057678223
DA119,2019-11-15,19:07,0.0
DA119,2019-11-08,08:00,0.0
DA119,2019-11-08,12:00,73.96389770507812
DA119,2019-11-08,17:00,0.0
DA119,2019-11-08,22:02,9.0
DA119,2019-11-09,08:00,0.0
DA119,2019-11-09,12:00,8.538200378417969
DA119,2019-11-09,17:17,161.9855041503906
DA119,2019-11-09,22:32,0.0
DA120,2019-11-10,12:00,0.0
DA120,2019-11-10,17:00,33.30879974365234
DA120,2019-11-11,12:48,5.253699779510498
DA120,2019-11-11,16:33,0.3790000081062317
DA120,2019-11-12,8:03,0.0
DA120,2019-11-12,11:48,15.63650035858154
DA120,2019-11-12,17:00,0.2879999876022339
DA120,2019-11-13,12:18,0.0
DA120,2019-11-13,17:00,17.13599967956543
DA120,2019-11-14,12:00,44.87677383422852
DA120,2019-11-14,17:00,24.84630012512207
DA120,2019-11-15,11:38,16.24769973754883
DA120,2019-11-15,17:00,171.6071929931641
DA120,2019-11-08,08:00,0.0
DA120,2019-11-08,12:00,20.10375022888184
DA120,2019-11-08,17:33,0.0
DA120,2019-11-08,19:18,0.0
DA120,2019-11-09,8:44,0.0
DA120,2019-11-09,12:00,4.269100189208984
DA120,2019-11-09,17:55,161.9855041503906
DA121,2019-11-10,08:00,0.0
DA121,2019-11-10,12:00,0.0
DA121,2019-11-10,17:00,33.30879974365234
DA121,2019-11-10,22:11,0.0
DA121,2019-11-11,6:48,0.0
DA121,2019-11-11,12:41,31.97039985656738
DA121,2019-11-11,17:48,0.3790000081062317
DA121,2019-11-11,21:03,0.0
DA121,2019-11-12,08:00,0.0
DA121,2019-11-12,12:00,124.1026992797852
DA121,2019-11-12,17:41,0.2879999876022339
DA121,2019-11-12,22:09,1.159999966621399
DA121,2019-11-13,8:56,0.0
DA121,2019-11-13,12:00,0.0
DA121,2019-11-13,17:18,106.5438995361328
DA121,2019-11-13,22:26,0.0
DA121,2019-11-14,6:48,0.0
DA121,2019-11-14,12:00,11.97900009155273
DA121,2019-11-14,17:00,33.12839889526367
DA121,2019-11-14,21:54,1.159999966621399
DA121,2019-11-15,08:00,0.0
DA121,2019-11-15,11:09,21.66360092163086
DA121,2019-11-15,16:24,171.6071929931641
DA121,2019-11-08,08:00,0.0
DA121,2019-11-08,12:00,40.20750045776367
DA121,2019-11-08,17:33,0.0
DA121,2019-11-08,22:18,1.159999966621399
DA121,2019-11-09,08:00,0.0
DA121,2019-11-09,11:33,7.980800151824951
DA121,2019-11-09,17:00,161.9855041503906
DA121,2019-11-09,19:48,0.0
DA122,2019-11-10,12:00,0.0
DA122,2019-11-10,16:41,8.327199935913086
DA122,2019-11-10,22:06,0.0
DA122,2019-11-11,08:00,0.0
DA122,2019-11-11,12:43,15.87314987182617
DA122,2019-11-11,16:36,60.35857391357422
DA122,2019-11-11,21:16,0.0
DA122,2019-11-12,7:20,0.0
DA122,2019-11-12,11:50,69.62227630615234
DA122,2019-11-12,16:58,42.91087341308594
DA122,2019-11-12,21:01,0.0
DA122,2019-11-13,08:00,0.0
DA122,2019-11-13,11:48,0.0
DA122,2019-11-13,17:58,80.83989715576172
DA122,2019-11-13,21:36,0.0
DA122,2019-11-14,6:45,0.0
DA122,2019-11-14,12:43,59.83570098876953
DA122,2019-11-14,17:16,33.12839889526367
DA122,2019-11-14,22:36,0.0
DA122,2019-11-15,08:00,0.0
DA122,2019-11-15,12:00,12.80720043182373
DA122,2019-11-15,17:00,171.6071929931641
DA122,2019-11-08,08:00,0.0
DA122,2019-11-08,12:00,73.96389770507812
DA122,2019-11-08,17:51,17.98100090026855
DA122,2019-11-08,22:51,0.0
DA122,2019-11-09,8:55,0.0
DA122,2019-11-09,12:00,7.980800151824951
DA122,2019-11-09,17:00,161.9855041503906
DA122,2019-11-09,22:28,0.0
DA123,2019-11-10,12:00,0.0
DA123,2019-11-10,17:00,33.30879974365234
DA123,2019-11-11,7:52,0.0
DA123,2019-11-11,12:37,31.97039985656738
DA123,2019-11-11,16:22,0.3790000081062317
DA123,2019-11-12,8:07,0.0
DA123,2019-11-12,11:52,92.82969665527344
DA123,2019-11-12,17:00,0.2879999876022339
DA123,2019-11-13,,0.0
DA123,2019-11-13,,0.0
DA123,2019-11-13,,34.27199935913086
DA123,2019-11-14,,0.0
DA123,2019-11-14,,59.83570098876953
DA123,2019-11-14,,33.12839889526367
DA123,2019-11-15,,0.0
DA123,2019-11-15,,12.80720043182373
DA123,2019-11-15,,171.6071929931641
DA123,2019-11-08,08:00,0.0
DA123,2019-11-08,12:37,73.96389770507812
DA123,2019-11-08,16:22,0.0
DA123,2019-11-09,7:47,0.0
DA123,2019-11-09,12:15,7.980800151824951
DA123,2019-11-09,17:00,161.9855041503906
DA124,2019-11-10,6:59,0.0
DA124,2019-11-10,12:31,0.0
DA124,2019-11-10,16:48,33.30879974365234
DA124,2019-11-10,21:58,9.600000381469727
DA124,2019-11-11,7:44,0.0
DA124,2019-11-11,12:39,31.97039985656738
DA124,2019-11-11,16:08,0.3790000081062317
DA124,2019-11-11,21:16,0.0
DA124,2019-11-12,8:09,0.0
DA124,2019-11-12,12:00,31.27300071716309
DA124,2019-11-12,21:12,0.0
DA124,2019-11-13,7:39,0.0
DA124,2019-11-13,12:24,0.0
DA124,2019-11-13,17:53,34.27199935913086
DA124,2019-11-13,22:16,0.0
DA124,2019-11-14,6:39,0.0
DA124,2019-11-14,11:29,59.83570098876953
DA124,2019-11-14,16:48,33.12839889526367
DA124,2019-11-15,6:24,0.0
DA124,2019-11-15,11:49,21.66360092163086
DA124,2019-11-15,17:00,171.6071929931641
DA124,2019-11-15,22:08,0.0
DA124,2019-11-08,08:00,0.0
DA124,2019-11-08,12:39,73.96389770507812
DA124,2019-11-08,17:00,0.0
DA124,2019-11-08,22:08,103.1999969482422
DA124,2019-11-09,7:16,0.0
DA124,2019-11-09,11:24,8.538200378417969
DA124,2019-11-09,17:23,161.9855041503906
DA124,2019-11-09,21:46,0.0
DA125,2019-11-10,6:11,9.600000381469727
DA125,2019-11-10,12:00,0.0
DA125,2019-11-10,16:03,0.0
DA125,2019-11-11,6:56,0.0
DA125,2019-11-11,11:56,42.47779846191406
DA125,2019-11-11,16:56,80.47810363769531
DA125,2019-11-12,7:18,0.0
DA125,2019-11-12,12:33,124.1026992797852
DA125,2019-11-12,17:18,57.50249862670898
DA125,2019-11-13,7:18,0.0
DA125,2019-11-13,12:26,0.0
DA125,2019-11-13,17:11,72.27189636230469
DA125,2019-11-14,7:03,0.0
DA125,2019-11-14,11:26,11.97900009155273
DA125,2019-11-14,16:26,13.82460021972656
DA125,2019-11-15,08:00,0.0
DA125,2019-11-15,12:00,21.66360092163086
DA125,2019-11-15,17:41,23.24270057678223
DA125,2019-11-08,08:00,0.0
DA125,2019-11-08,12:11,40.20750045776367
DA125,2019-11-08,17:26,71.92400360107422
DA125,2019-11-09,6:26,0.0
DA125,2019-11-09,12:11,8.538200378417969
DA125,2019-11-09,17:00,47.70970153808594
DA126,2019-11-10,08:00,9.600000381469727
DA126,2019-11-10,12:00,0.0
DA126,2019-11-10,17:00,0.0
DA126,2019-11-11,08:00,0.0
DA126,2019-11-11,12:00,42.47779846191406
DA126,2019-11-11,16:42,80.47810363769531
DA126,2019-11-12,8:35,0.0
DA126,2019-11-12,11:58,124.1026992797852
DA126,2019-11-12,17:27,57.21450042724609
DA126,2019-11-13,08:00,0.0
DA126,2019-11-13,12:00,0.0
DA126,2019-11-13,17:00,72.27189636230469
DA126,2019-11-14,6:58,0.0
DA126,2019-11-14,11:07,11.97900009155273
DA126,2019-11-14,17:05,13.82460021972656
DA126,2019-11-15,7:28,0.0
DA126,2019-11-15,12:24,21.66360092163086
DA126,2019-11-15,17:07,23.24270057678223
DA126,2019-11-08,08:00,0.0
DA126,2019-11-08,12:13,40.20750045776367
DA126,2019-11-08,17:00,71.92400360107422
DA126,2019-11-09,8:35,0.0
DA126,2019-11-09,11:43,8.538200378417969
DA126,2019-11-09,16:52,47.70970153808594
DA127,2019-11-10,8:03,0.0
DA127,2019-11-10,12:00,0.0
DA127,2019-11-10,17:00,33.30879974365234
DA127,2019-11-10,21:29,0.0
DA127,2019-11-11,8:54,0.0
DA127,2019-11-11,12:00,31.97039985656738
DA127,2019-11-11,17:09,0.3790000081062317
DA127,2019-11-12,6:53,0.0
DA127,2019-11-12,12:00,92.82969665527344
DA127,2019-11-12,17:00,0.2879999876022339
DA127,2019-11-13,7:14,0.0
DA127,2019-11-13,12:00,0.0
DA127,2019-11-13,17:00,34.27199935913086
DA127,2019-11-13,19:09,0.0
DA127,2019-11-14,08:00,0.0
DA127,2019-11-14,12:00,59.83570098876953
DA127,2019-11-14,16:48,33.12839889526367
DA127,2019-11-15,08:00,0.0
DA127,2019-11-15,12:00,21.66360092163086
DA127,2019-11-15,17:00,171.6071929931641
DA127,2019-11-08,08:00,0.0
DA127,2019-11-08,12:00,73.96389770507812
DA127,2019-11-08,16:18,0.0
DA127,2019-11-08,22:41,0.0
DA127,2019-11-09,7:26,0.0
DA127,2019-11-09,12:03,8.538200378417969
DA127,2019-11-09,17:00,161.9855041503906
DA128,2019-11-10,08:00,0.0
DA128,2019-11-10,11:05,0.0
DA128,2019-11-10,17:00,33.30879974365234
DA128,2019-11-10,19:51,0.0
DA128,2019-11-11,8:10,0.0
DA128,2019-11-11,12:35,31.97039985656738
DA128,2019-11-11,17:00,0.3790000081062317
DA128,2019-11-12,6:20,0.0
DA128,2019-11-12,12:43,92.82969665527344
DA128,2019-11-12,16:36,0.2879999876022339
DA128,2019-11-12,19:36,0.0
DA128,2019-11-13,8:00,0.0
DA128,2019-11-13,12:50,0.0
DA128,2019-11-13,17:00,34.27199935913086
DA128,2019-11-14,08:00,0.0
DA128,2019-11-14,12:00,59.83570098876953
DA128,2019-11-14,17:36,33.12839889526367
DA128,2019-11-14,21:06,0.0
DA128,2019-11-15,7:20,0.0
DA128,2019-11-15,12:00,21.66360092163086
DA128,2019-11-15,17:51,171.6071929931641
DA128,2019-11-15,21:58,0.0
DA128,2019-11-08,08:00,0.0
DA128,2019-11-08,12:00,73.96389770507812
DA128,2019-11-08,16:36,0.0
DA128,2019-11-09,6:50,0.0
DA128,2019-11-09,11:50,8.538200378417969
DA128,2019-11-09,17:00,161.9855041503906
DA128,2019-11-09,19:41,0.0
DA131,2019-11-10,08:00,0.0
DA131,2019-11-10,12:00,0.0
DA131,2019-11-10,17:00,33.30879974365234
DA131,2019-11-11,6:54,0.0
DA131,2019-11-11,12:09,31.97039985656738
DA131,2019-11-11,16:23,0.3790000081062317
DA131,2019-11-12,7:24,0.0
DA131,2019-11-12,12:00,92.82969665527344
DA131,2019-11-12,17:00,0.2879999876022339
DA131,2019-11-12,19:43,0.0
DA131,2019-11-13,6:24,0.0
DA131,2019-11-13,12:09,0.0
DA131,2019-11-13,16:08,34.27199935913086
DA131,2019-11-14,6:44,0.0
DA131,2019-11-14,12:09,59.83570098876953
DA131,2019-11-14,16:03,33.12839889526367
DA131,2019-11-14,20:38,0.0
DA131,2019-11-15,8:19,0.0
DA131,2019-11-15,12:00,21.66360092163086
DA131,2019-11-15,17:00,171.6071929931641
DA131,2019-11-15,21:31,0.0
DA131,2019-11-08,08:00,0.0
DA131,2019-11-08,12:00,73.96389770507812
DA131,2019-11-08,17:31,0.0
DA131,2019-11-09,08:00,0.0
DA131,2019-11-09,12:00,8.538200378417969
DA131,2019-11-09,17:00,161.9855041503906
DA131,2019-11-09,21:08,0.0
DA132,2019-11-10,8:48,0.0
DA132,2019-11-10,12:00,0.0
DA132,2019-11-10,17:00,33.30879974365234
DA132,2019-11-11,7:09,0.0
DA132,2019-11-11,12:17,31.97039985656738
DA132,2019-11-11,17:00,0.3790000081062317
DA132,2019-11-12,8:54,0.0
DA132,2019-11-12,12:00,92.82969665527344
DA132,2019-11-12,17:10,0.2879999876022339
DA132,2019-11-12,21:47,0.0
DA132,2019-11-13,08:00,0.0
DA132,2019-11-13,11:20,0.0
DA132,2019-11-13,17:34,34.27199935913086
DA132,2019-11-14,7:24,0.0
DA132,2019-11-14,12:32,59.83570098876953
DA132,2019-11-14,17:00,33.12839889526367
DA132,2019-11-14,21:17,0.0
DA132,2019-11-15,08:00,0.0
DA132,2019-11-15,11:51,21.66360092163086
DA132,2019-11-15,16:45,171.6071929931641
DA132,2019-11-15,21:47,0.0
DA132,2019-11-08,08:00,0.0
DA132,2019-11-08,11:39,73.96389770507812
DA132,2019-11-08,17:00,0.0
DA132,2019-11-09,7:24,0.0
DA132,2019-11-09,12:00,8.538200378417969
DA132,2019-11-09,17:00,161.9855041503906
DA132,2019-11-09,19:49,0.0
DA133,2019-11-10,7:49,0.0
DA133,2019-11-10,12:00,0.0
DA133,2019-11-10,17:00,33.30879974365234
DA133,2019-11-11,6:57,0.0
DA133,2019-11-11,11:54,31.97039985656738
DA133,2019-11-11,17:26,0.3790000081062317
DA133,2019-11-11,22:04,0.0
DA133,2019-11-12,12:00,92.82969665527344
DA133,2019-11-12,17:41,0.2879999876022339
DA133,2019-11-12,22:01,0.0
DA133,2019-11-13,8:07,0.0
DA133,2019-11-13,12:49,0.0
DA133,2019-11-13,17:00,34.27199935913086
DA133,2019-11-14,08:00,0.0
DA133,2019-11-14,12:00,11.97900009155273
DA133,2019-11-14,16:56,33.12839889526367
DA133,2019-11-14,22:26,0.0
DA133,2019-11-15,8:56,0.0
DA133,2019-11-15,12:49,12.80720043182373
DA133,2019-11-15,17:26,40.20750045776367
DA133,2019-11-15,21:51,0.0
DA133,2019-11-08,08:00,0.0
DA133,2019-11-08,12:00,40.20750045776367
DA133,2019-11-08,16:41,0.0
DA133,2019-11-08,19:11,0.0
DA133,2019-11-09,8:01,0.0
DA133,2019-11-09,12:00,8.538200378417969
DA133,2019-11-09,17:00,161.9855041503906
DA134,2019-11-10,08:00,0.0
DA134,2019-11-10,12:00,0.0
DA134,2019-11-10,16:10,33.30879974365234
DA134,2019-11-10,22:14,0.0
DA134,2019-11-11,7:25,0.0
DA134,2019-11-11,12:43,31.97039985656738
DA134,2019-11-11,17:29,0.3790000081062317
DA134,2019-11-11,22:59,0.0
DA134,2019-11-12,12:36,92.82969665527344
DA134,2019-11-12,16:54,0.2879999876022339
DA134,2019-11-12,21:09,0.0
DA134,2019-11-13,7:59,0.0
DA134,2019-11-13,12:00,0.0
DA134,2019-11-13,17:00,34.27199935913086
DA134,2019-11-13,22:44,0.0
DA134,2019-11-14,8:13,0.0
DA134,2019-11-14,12:36,11.97900009155273
DA134,2019-11-14,17:00,33.12839889526367
DA134,2019-11-14,19:36,0.0
DA134,2019-11-15,08:00,0.0
DA134,2019-11-15,12:00,12.80720043182373
DA134,2019-11-15,17:00,40.20750045776367
DA134,2019-11-15,19:59,0.0
DA134,2019-11-08,08:00,0.0
DA134,2019-11-08,12:43,40.20750045776367
DA134,2019-11-08,16:59,0.0
DA134,2019-11-09,7:14,0.0
DA134,2019-11-09,12:00,8.538200378417969
DA134,2019-11-09,17:00,161.9855041503906
DA135,2019-11-10,08:00,0.0
DA135,2019-11-10,12:00,0.0
DA135,2019-11-10,17:00,33.30879974365234
DA135,2019-11-10,19:55,0.0
DA135,2019-11-11,7:37,0.0
DA135,2019-11-11,12:00,31.97039985656738
DA135,2019-11-11,17:00,0.3790000081062317
DA135,2019-11-11,19:45,0.0
DA135,2019-11-12,12:00,92.82969665527344
DA135,2019-11-12,17:00,0.2879999876022339
DA135,2019-11-12,21:30,0.0
DA135,2019-11-13,7:30,0.0
DA135,2019-11-13,12:00,0.0
DA135,2019-11-13,16:52,34.27199935913086
DA135,2019-11-14,08:00,0.0
DA135,2019-11-14,12:00,11.97900009155273
DA135,2019-11-14,17:45,33.12839889526367
DA135,2019-11-14,21:15,0.0
DA135,2019-11-15,08:00,0.0
DA135,2019-11-15,12:00,12.80720043182373
DA135,2019-11-15,16:30,40.20750045776367
DA135,2019-11-15,22:37,0.0
DA135,2019-11-08,08:00,0.0
DA135,2019-11-08,12:00,40.20750045776367
DA135,2019-11-08,16:45,0.0
DA135,2019-11-08,21:37,0.0
DA135,2019-11-09,6:25,0.0
DA135,2019-11-09,13:00,8.538200378417969
DA135,2019-11-09,16:45,161.9855041503906
DA136,2019-11-10,08:00,0.0
DA136,2019-11-10,11:41,0.0
DA136,2019-11-10,16:50,33.30879974365234
DA136,2019-11-11,08:00,0.0
DA136,2019-11-11,12:00,31.97039985656738
DA136,2019-11-11,17:00,0.3790000081062317
DA136,2019-11-12,8:16,0.0
DA136,2019-11-12,12:31,92.82969665527344
DA136,2019-11-12,17:30,0.2879999876022339
DA136,2019-11-12,21:53,0.0
DA136,2019-11-13,7:08,0.0
DA136,2019-11-13,11:46,0.0
DA136,2019-11-13,17:00,34.27199935913086
DA136,2019-11-14,08:00,0.0
DA136,2019-11-14,11:01,59.83570098876953
DA136,2019-11-14,17:11,33.12839889526367
DA136,2019-11-14,21:23,0.0
DA136,2019-11-15,08:00,0.0
DA136,2019-11-15,12:00,21.66360092163086
DA136,2019-11-15,16:19,171.6071929931641
DA136,2019-11-15,21:34,0.0
DA136,2019-11-08,08:00,0.0
DA136,2019-11-08,12:23,73.96389770507812
DA136,2019-11-08,18:00,0.0
DA136,2019-11-09,8:49,0.0
DA136,2019-11-09,12:00,8.538200378417969
DA136,2019-11-09,17:00,161.9855041503906
DA136,2019-11-09,21:53,0.0
DA137,2019-11-10,7:46,0.0
DA137,2019-11-10,12:00,0.0
DA137,2019-11-10,17:00,33.30879974365234
DA137,2019-11-10,20:00,0.0
DA137,2019-11-11,8:16,0.0
DA137,2019-11-11,12:54,31.97039985656738
DA137,2019-11-11,17:00,0.3790000081062317
DA137,2019-11-11,19:02,0.0
DA137,2019-11-12,12:00,92.82969665527344
DA137,2019-11-12,17:32,0.2879999876022339
DA137,2019-11-12,21:02,0.0
DA137,2019-11-13,7:09,0.0
DA137,2019-11-13,12:46,0.0
DA137,2019-11-13,17:00,34.27199935913086
DA137,2019-11-14,08:00,0.0
DA137,2019-11-14,12:00,11.97900009155273
DA137,2019-11-14,17:00,33.12839889526367
DA137,2019-11-14,21:24,0.0
DA137,2019-11-15,8:50,0.0
DA137,2019-11-15,12:00,12.80720043182373
DA137,2019-11-15,16:52,40.20750045776367
DA137,2019-11-15,22:17,0.0
DA137,2019-11-08,08:00,0.0
DA137,2019-11-08,12:00,40.20750045776367
DA137,2019-11-08,16:32,0.0
DA137,2019-11-08,20:24,0.0
DA137,2019-11-09,08:00,0.0
DA137,2019-11-09,12:00,8.538200378417969
DA137,2019-11-09,16:39,161.9855041503906
DA138,2019-11-10,08:00,0.0
DA138,2019-11-10,12:00,0.0
DA138,2019-11-10,17:00,33.30879974365234
DA138,2019-11-11,08:00,0.0
DA138,2019-11-11,12:00,31.97039985656738
DA138,2019-11-11,17:00,0.3790000081062317
DA138,2019-11-12,6:44,0.0
DA138,2019-11-12,11:49,92.82969665527344
DA138,2019-11-12,17:41,0.2879999876022339
DA138,2019-11-12,22:03,0.0
DA138,2019-11-13,08:00,0.0
DA138,2019-11-13,11:03,0.0
DA138,2019-11-13,17:00,34.27199935913086
DA138,2019-11-14,08:00,0.0
DA138,2019-11-14,12:00,59.83570098876953
DA138,2019-11-14,17:00,33.12839889526367
DA138,2019-11-14,22:09,0.0
DA138,2019-11-15,08:00,0.0
DA138,2019-11-15,12:00,21.66360092163086
DA138,2019-11-15,17:00,171.6071929931641
DA138,2019-11-15,20:39,0.0
DA138,2019-11-08,08:00,0.0
DA138,2019-11-08,12:48,73.96389770507812
DA138,2019-11-08,16:33,0.0
DA138,2019-11-09,7:59,0.0
DA138,2019-11-09,12:00,8.538200378417969
DA138,2019-11-09,17:00,161.9855041503906
DA138,2019-11-09,19:44,0.0
DA139,2019-11-10,08:00,0.0
DA139,2019-11-10,12:00,0.0
DA139,2019-11-10,16:40,33.30879974365234
DA139,2019-11-11,7:50,0.0
DA139,2019-11-11,12:42,31.97039985656738
DA139,2019-11-11,17:00,0.3790000081062317
DA139,2019-11-12,08:00,0.0
DA139,2019-11-12,12:00,92.82969665527344
DA139,2019-11-12,17:00,0.2879999876022339
DA139,2019-11-13,7:35,0.0
DA139,2019-11-13,12:57,0.0
DA139,2019-11-13,17:00,34.27199935913086
DA139,2019-11-14,08:00,0.0
DA139,2019-11-14,11:09,59.83570098876953
DA139,2019-11-14,17:00,33.12839889526367
DA139,2019-11-15,08:00,0.0
DA139,2019-11-15,12:00,21.66360092163086
DA139,2019-11-15,16:08,171.6071929931641
DA139,2019-11-08,08:00,0.0
DA139,2019-11-08,11:50,73.96389770507812
DA139,2019-11-08,17:00,0.0
DA139,2019-11-09,7:50,0.0
DA139,2019-11-09,12:00,8.538200378417969
DA139,2019-11-09,17:00,161.9855041503906
DA140,2019-11-10,7:43,0.0
DA140,2019-11-10,11:50,0.0
DA140,2019-11-10,17:00,33.30879974365234
DA140,2019-11-10,20:00,0.0
DA140,2019-11-11,7:13,0.0
DA140,2019-11-11,12:43,31.97039985656738
DA140,2019-11-11,17:00,0.3790000081062317
DA140,2019-11-11,19:26,0.0
DA140,2019-11-12,12:00,92.82969665527344
DA140,2019-11-12,17:21,0.2879999876022339
DA140,2019-11-12,21:11,0.0
DA140,2019-11-13,08:00,0.0
DA140,2019-11-13,12:00,0.0
DA140,2019-11-13,17:00,34.27199935913086
DA140,2019-11-14,08:00,0.0
DA140,2019-11-14,12:00,11.97900009155273
DA140,2019-11-14,16:31,33.12839889526367
DA140,2019-11-14,20:51,0.0
DA140,2019-11-15,7:35,0.0
DA140,2019-11-15,12:00,12.80720043182373
DA140,2019-11-15,16:17,40.20750045776367
DA140,2019-11-15,22:28,0.0
DA140,2019-11-08,08:00,0.0
DA140,2019-11-08,11:20,40.20750045776367
DA140,2019-11-08,17:06,0.0
DA140,2019-11-08,19:28,0.0
DA140,2019-11-09,8:45,0.0
DA140,2019-11-09,12:00,8.538200378417969
DA140,2019-11-09,16:21,161.9855041503906
DA141,2019-11-15,12:00,99.5
DA141,2019-11-15,16:18,107.6205978393555
DA141,2019-11-15,21:32,0.0
DA141,2019-11-16,08:00,16.66799926757812
DA141,2019-11-16,12:00,92.04340362548828
DA141,2019-11-16,17:42,36.41730117797852
DA141,2019-11-16,21:35,0.0
DA141,2019-11-17,08:00,0.0
DA141,2019-11-17,12:00,32.91669845581055
DA141,2019-11-17,17:00,76.66799926757812
DA141,2019-11-17,21:02,0.0
DA141,2019-11-18,08:00,20.91799926757812
DA141,2019-11-18,11:01,32.58390045166016
DA141,2019-11-18,17:18,105.9738006591797
DA141,2019-11-18,22:12,0.0
DA141,2019-11-19,08:00,16.66799926757812
DA141,2019-11-19,12:00,76.66799926757812
DA141,2019-11-19,17:00,13.33360004425049
DA141,2019-11-19,21:12,0.0
DA141,2019-11-20,8:07,23.10050010681152
DA141,2019-11-20,12:00,88.94390106201172
DA141,2019-11-20,17:00,76.66799926757812
DA141,2019-11-20,22:12,0.0
DA141,2019-11-21,08:00,18.66799926757812
DA141,2019-11-21,12:00,24.6427001953125
DA141,2019-11-21,17:05,76.66799926757812
DA141,2019-11-21,20:00,0.0
DA141,2019-11-22,7:05,31.06800079345703
DA141,2019-11-22,12:00,76.66799926757812
DA141,2019-11-22,17:00,87.69730377197266
DA141,2019-11-23,7:05,16.66799926757812
DA141,2019-11-23,11:37,100.1091003417969
DA141,2019-11-23,17:00,36.41730117797852
DA141,2019-11-24,8:37,0.0
DA141,2019-11-24,12:00,32.91669845581055
DA141,2019-11-24,16:52,239.1679992675781
DA141,2019-11-25,7:05,20.91799926757812
DA141,2019-11-25,12:00,0.0
DA141,2019-11-25,17:00,87.69730377197266
DA141,2019-11-26,08:00,16.66799926757812
DA141,2019-11-26,12:00,76.66799926757812
DA141,2019-11-26,17:00,13.33360004425049
DA141,2019-11-26,20:05,9.600000381469727
DA141,2019-11-27,7:28,42.39799880981445
DA141,2019-11-27,12:22,88.94390106201172
DA141,2019-11-27,17:48,76.66799926757812
DA141,2019-11-27,22:35,0.0
DA141,2019-11-28,,17.66799926757812
DA141,2019-11-28,,11.72500038146973
DA141,2019-11-28,,0.0
DA141,2019-11-28,,9.600000381469727
DA141,2019-11-29,,31.06800079345703
DA141,2019-11-29,,99.5
DA141,2019-11-29,,107.6205978393555
DA142,2019-11-15,12:05,74.625
DA142,2019-11-15,17:00,26.90514945983887
DA142,2019-11-15,20:00,0.0
DA142,2019-11-16,08:00,16.66799926757812
DA142,2019-11-16,12:00,72.35555267333984
DA142,2019-11-16,17:00,0.0
DA142,2019-11-16,21:04,0.0
DA142,2019-11-17,8:15,0.0
DA142,2019-11-17,12:00,0.3328000009059906
DA142,2019-11-17,17:00,38.33399963378906
DA142,2019-11-17,21:30,0.0
DA142,2019-11-18,8:30,16.66799926757812
DA142,2019-11-18,12:00,16.29195022583008
DA142,2019-11-18,17:00,62.12514877319336
DA142,2019-11-18,19:22,0.0
DA142,2019-11-19,7:37,16.66799926757812
DA142,2019-11-19,12:45,57.50099945068359
DA142,2019-11-19,17:15,13.33360004425049
DA142,2019-11-19,22:15,0.0
DA142,2019-11-20,7:45,29.53300094604492
DA142,2019-11-20,12:45,45.09524917602539
DA142,2019-11-20,17:00,0.0
DA142,2019-11-21,7:37,18.66799926757812
DA142,2019-11-21,12:45,21.41327476501465
DA142,2019-11-21,17:00,19.16699981689453
DA142,2019-11-21,20:00,0.0
DA142,2019-11-22,7:37,27.4680004119873
DA142,2019-11-22,12:45,19.16699981689453
DA142,2019-11-22,17:45,43.84865188598633
DA142,2019-11-23,7:52,16.66799926757812
DA142,2019-11-23,12:00,60.7333984375
DA142,2019-11-23,17:00,27.31297492980957
DA142,2019-11-24,7:00,0.0
DA142,2019-11-24,12:00,32.91669845581055
DA142,2019-11-24,17:00,200.8339996337891
DA142,2019-11-24,19:30,0.0
DA142,2019-11-25,7:45,33.66799926757812
DA142,2019-11-25,12:00,0.0
DA142,2019-11-25,17:19,43.84865188598633
DA142,2019-11-25,22:37,0.0
DA142,2019-11-26,7:45,16.66799926757812
DA142,2019-11-26,12:37,38.33399963378906
DA142,2019-11-26,17:00,13.33360004425049
DA142,2019-11-26,21:07,9.600000381469727
DA142,2019-11-27,7:52,29.53300094604492
DA142,2019-11-27,12:45,45.09524917602539
DA142,2019-11-27,17:00,38.33399963378906
DA142,2019-11-27,22:15,0.0
DA142,2019-11-28,,17.66799926757812
DA142,2019-11-28,,18.1838493347168
DA142,2019-11-28,,38.33399963378906
DA142,2019-11-28,,9.600000381469727
DA142,2019-11-29,,23.86800003051758
DA142,2019-11-29,,49.75
DA142,2019-11-29,,53.81029891967773
DA142,2019-11-29,,0.0
DA143,2019-11-15,12:00,99.5
DA143,2019-11-15,17:00,107.6205978393555
DA143,2019-11-16,08:00,16.66799926757812
DA143,2019-11-16,12:00,92.04340362548828
DA143,2019-11-16,16:32,36.41730117797852
DA143,2019-11-17,8:57,0.0
DA143,2019-11-17,12:00,32.91669845581055
DA143,2019-11-17,17:57,76.66799926757812
DA143,2019-11-18,6:31,16.66799926757812
DA143,2019-11-18,12:00,32.58390045166016
DA143,2019-11-18,17:00,105.9738006591797
DA143,2019-11-19,8:16,0.0
DA143,2019-11-19,12:39,76.66799926757812
DA143,2019-11-19,17:47,13.33360004425049
DA143,2019-11-20,08:00,29.53300094604492
DA143,2019-11-20,12:00,45.09524917602539
DA143,2019-11-20,17:47,76.66799926757812
DA143,2019-11-21,6:16,18.66799926757812
DA143,2019-11-21,12:00,24.6427001953125
DA143,2019-11-21,17:00,76.66799926757812
DA143,2019-11-22,8:01,31.06800079345703
DA143,2019-11-22,12:31,76.66799926757812
DA143,2019-11-22,17:00,87.69730377197266
DA143,2019-11-23,8:39,16.66799926757812
DA143,2019-11-23,12:39,100.1091003417969
DA143,2019-11-23,17:00,36.41730117797852
DA143,2019-11-24,,0.0
DA143,2019-11-24,,32.91669845581055
DA143,2019-11-24,,239.1679992675781
DA143,2019-11-25,,20.91799926757812
DA143,2019-11-25,,0.0
DA143,2019-11-25,,87.69730377197266
DA143,2019-11-26,,16.66799926757812
DA143,2019-11-26,,76.66799926757812
DA143,2019-11-26,,13.33360004425049
DA143,2019-11-26,,9.600000381469727
DA143,2019-11-27,,42.39799880981445
DA143,2019-11-27,,88.94390106201172
DA143,2019-11-27,,76.66799926757812
DA143,2019-11-28,,17.66799926757812
DA143,2019-11-28,,18.1838493347168
DA143,2019-11-28,,38.33399963378906
DA143,2019-11-28,,9.600000381469727
DA143,2019-11-29,,31.06800079345703
DA143,2019-11-29,,99.5
DA143,2019-11-29,,107.6205978393555
DA143,2019-11-29,,0.0
DA144,2019-11-15,08:00,7.767000198364258
DA144,2019-11-15,12:00,24.875
DA144,2019-11-15,16:48,26.90514945983887
DA144,2019-11-16,08:00,4.166999816894531
DA144,2019-11-16,12:00,3.322999954223633
DA144,2019-11-16,17:00,0.0
DA144,2019-11-17,8:33,0.0
DA144,2019-11-17,12:56,8.145975112915039
DA144,2019-11-17,17:00,19.16699981689453
DA144,2019-11-18,7:48,8.416999816894531
DA144,2019-11-18,12:00,8.145975112915039
DA144,2019-11-18,17:00,26.49345016479492
DA144,2019-11-19,08:00,4.166999816894531
DA144,2019-11-19,12:00,19.16699981689453
DA144,2019-11-19,16:24,15.0
DA144,2019-11-20,8:58,10.59949970245361
DA144,2019-11-20,12:00,22.23597526550293
DA144,2019-11-20,17:00,19.16699981689453
DA144,2019-11-20,20:39,0.0
DA144,2019-11-21,7:22,4.666999816894531
DA144,2019-11-21,12:48,6.160675048828125
DA144,2019-11-21,17:00,19.16699981689453
DA144,2019-11-22,7:33,7.767000198364258
DA144,2019-11-22,11:33,19.16699981689453
DA144,2019-11-22,17:00,21.92432594299316
DA144,2019-11-22,20:00,0.0
DA144,2019-11-23,6:48,4.166999816894531
DA144,2019-11-23,12:00,25.02727508544922
DA144,2019-11-23,17:00,9.104325294494629
DA144,2019-11-24,7:18,0.0
DA144,2019-11-24,12:00,8.229174613952637
DA144,2019-11-24,17:00,19.16699981689453
DA144,2019-11-24,19:33,0.0
DA144,2019-11-25,6:44,8.416999816894531
DA144,2019-11-25,12:00,0.0
DA144,2019-11-25,17:00,21.92432594299316
DA144,2019-11-26,08:00,4.166999816894531
DA144,2019-11-26,12:00,19.16699981689453
DA144,2019-11-26,17:00,3.333400011062622
DA144,2019-11-26,22:11,9.600000381469727
DA144,2019-11-27,08:00,10.59949970245361
DA144,2019-11-27,12:00,22.23597526550293
DA144,2019-11-27,17:00,19.16699981689453
DA144,2019-11-28,,4.666999816894531
DA144,2019-11-28,,6.160675048828125
DA144,2019-11-28,,19.16699981689453
DA144,2019-11-28,,9.600000381469727
DA144,2019-11-29,,7.767000198364258
DA144,2019-11-29,,24.875
DA144,2019-11-29,,26.90514945983887
DA145,2019-11-15,7:35,31.06800079345703
DA145,2019-11-15,12:00,99.5
DA145,2019-11-15,17:00,107.6205978393555
DA145,2019-11-16,7:28,16.66799926757812
DA145,2019-11-16,12:58,92.04340362548828
DA145,2019-11-16,17:00,36.41730117797852
DA145,2019-11-17,7:20,0.0
DA145,2019-11-17,12:15,32.91669845581055
DA145,2019-11-17,17:51,76.66799926757812
DA145,2019-11-18,7:35,33.66799926757812
DA145,2019-11-18,11:43,32.58390045166016
DA145,2019-11-18,17:00,105.9738006591797
DA145,2019-11-19,6:35,16.66799926757812
DA145,2019-11-19,12:20,76.66799926757812
DA145,2019-11-19,17:51,0.0
DA145,2019-11-20,08:00,10.59949970245361
DA145,2019-11-20,12:00,22.23597526550293
DA145,2019-11-20,16:21,38.33399963378906
DA145,2019-11-21,8:45,8.833999633789062
DA145,2019-11-21,12:00,6.160675048828125
DA145,2019-11-21,17:00,38.33399963378906
DA145,2019-11-22,7:00,15.53400039672852
DA145,2019-11-22,12:00,38.33399963378906
DA145,2019-11-22,17:06,43.84865188598633
DA145,2019-11-23,6:55,8.333999633789062
DA145,2019-11-23,12:28,50.05455017089844
DA145,2019-11-23,16:36,18.20865058898926
DA145,2019-11-24,08:00,0.0
DA145,2019-11-24,11:32,8.229174613952637
DA145,2019-11-24,17:51,19.16699981689453
DA145,2019-11-24,21:41,0.0
DA145,2019-11-25,08:00,12.58399963378906
DA145,2019-11-25,12:00,0.0
DA145,2019-11-25,16:24,43.84865188598633
DA145,2019-11-26,08:00,12.50100040435791
DA145,2019-11-26,12:00,38.33399963378906
DA145,2019-11-26,16:16,3.333400011062622
DA145,2019-11-26,20:58,9.600000381469727
DA145,2019-11-27,7:35,21.19899940490723
DA145,2019-11-27,11:35,22.5476245880127
DA145,2019-11-27,17:00,76.66799926757812
DA145,2019-11-28,,8.833999633789062
DA145,2019-11-28,,6.160675048828125
DA145,2019-11-28,,19.16699981689453
DA145,2019-11-28,,9.600000381469727
DA145,2019-11-29,,11.93400001525879
DA145,2019-11-29,,24.875
DA145,2019-11-29,,26.90514945983887
DA146,2019-11-15,11:37,49.75
DA146,2019-11-15,17:00,53.81029891967773
DA146,2019-11-15,20:37,0.0
DA146,2019-11-16,7:37,16.66799926757812
DA146,2019-11-16,12:30,52.66770172119141
DA146,2019-11-16,17:18,18.20865058898926
DA146,2019-11-16,21:22,0.0
DA146,2019-11-17,8:30,0.0
DA146,2019-11-17,12:00,16.6247501373291
DA146,2019-11-17,16:12,38.33399963378906
DA146,2019-11-18,08:00,20.91799926757812
DA146,2019-11-18,12:00,16.29195022583008
DA146,2019-11-18,16:34,62.12514877319336
DA146,2019-11-18,21:48,0.0
DA146,2019-11-19,08:00,16.66799926757812
DA146,2019-11-19,11:13,38.33399963378906
DA146,2019-11-19,17:00,13.33360004425049
DA146,2019-11-19,19:37,0.0
DA146,2019-11-20,7:22,29.53300094604492
DA146,2019-11-20,12:47,45.09524917602539
DA146,2019-11-20,17:07,19.16699981689453
DA146,2019-11-21,08:00,17.16799926757812
DA146,2019-11-21,12:00,18.1838493347168
DA146,2019-11-21,17:00,57.50099945068359
DA146,2019-11-21,19:48,0.0
DA146,2019-11-22,08:00,23.86800003051758
DA146,2019-11-22,11:07,19.16699981689453
DA146,2019-11-22,17:00,21.92432594299316
DA146,2019-11-23,8:58,16.66799926757812
DA146,2019-11-23,12:00,21.35770034790039
DA146,2019-11-23,17:52,27.31297492980957
DA146,2019-11-24,8:00,0.0
DA146,2019-11-24,12:00,24.77072525024414
DA146,2019-11-24,16:52,200.8339996337891
DA146,2019-11-24,19:37,0.0
DA146,2019-11-25,8:22,33.66799926757812
DA146,2019-11-25,12:00,0.0
DA146,2019-11-25,17:00,43.84865188598633
DA146,2019-11-26,6:30,16.66799926757812
DA146,2019-11-26,12:22,38.33399963378906
DA146,2019-11-26,17:00,10.00020027160645
DA146,2019-11-26,21:53,9.600000381469727
DA146,2019-11-27,08:00,29.53300094604492
DA146,2019-11-27,12:00,45.09524917602539
DA146,2019-11-27,17:00,38.33399963378906
DA146,2019-11-27,21:12,0.0
DA146,2019-11-28,,17.16799926757812
DA146,2019-11-28,,18.1838493347168
DA146,2019-11-28,,38.33399963378906
DA146,2019-11-28,,9.600000381469727
DA146,2019-11-29,,23.86800003051758
DA146,2019-11-29,,49.75
DA146,2019-11-29,,53.81029891967773
DA147,2019-11-15,08:00,23.86800003051758
DA147,2019-11-15,12:00,24.875
DA147,2019-11-15,16:15,107.6205978393555
DA147,2019-11-16,08:00,16.66799926757812
DA147,2019-11-16,12:00,85.39739990234375
DA147,2019-11-16,16:30,36.41730117797852
DA147,2019-11-17,08:00,0.0
DA147,2019-11-17,11:05,24.60432434082031
DA147,2019-11-17,17:34,19.16699981689453
DA147,2019-11-18,8:15,20.91799926757812
DA147,2019-11-18,12:00,32.58390045166016
DA147,2019-11-18,17:00,52.98690032958984
DA147,2019-11-19,08:00,16.66799926757812
DA147,2019-11-19,12:00,38.33399963378906
DA147,2019-11-19,16:30,0.0
DA147,2019-11-20,6:49,14.76650047302246
DA147,2019-11-20,12:45,22.23597526550293
DA147,2019-11-20,17:10,19.16699981689453
DA147,2019-11-21,08:00,4.666999816894531
DA147,2019-11-21,12:00,6.160675048828125
DA147,2019-11-21,17:10,19.16699981689453
DA147,2019-11-22,7:39,7.767000198364258
DA147,2019-11-22,12:54,19.16699981689453
DA147,2019-11-22,17:00,21.92432594299316
DA147,2019-11-23,8:15,4.166999816894531
DA147,2019-11-23,12:00,25.02727508544922
DA147,2019-11-23,17:00,9.104325294494629
DA147,2019-11-24,08:00,0.0
DA147,2019-11-24,12:00,8.229174613952637
DA147,2019-11-24,17:00,19.16699981689453
DA147,2019-11-24,20:32,0.0
DA147,2019-11-25,8:15,8.416999816894531
DA147,2019-11-25,12:30,0.0
DA147,2019-11-25,17:15,21.92432594299316
DA147,2019-11-26,08:00,4.166999816894531
DA147,2019-11-26,12:00,19.16699981689453
DA147,2019-11-26,17:00,3.333400011062622
DA147,2019-11-27,8:24,10.59949970245361
DA147,2019-11-27,12:00,22.23597526550293
DA147,2019-11-27,17:49,19.16699981689453
DA147,2019-11-28,,4.666999816894531
DA147,2019-11-28,,6.160675048828125
DA147,2019-11-28,,19.16699981689453
DA147,2019-11-28,,9.600000381469727
DA147,2019-11-29,,7.767000198364258
DA147,2019-11-29,,24.875
DA147,2019-11-29,,26.90514945983887
DA147,2019-11-29,,0.0
DA149,2019-11-15,6:42,4.166999816894531
DA149,2019-11-15,12:02,24.875
DA149,2019-11-15,17:00,26.90514945983887
DA149,2019-11-15,20:20,0.0
DA149,2019-11-16,7:28,4.166999816894531
DA149,2019-11-16,12:13,0.0
DA149,2019-11-16,17:01,18.20865058898926
DA149,2019-11-16,20:00,0.0
DA149,2019-11-17,08:00,0.0
DA149,2019-11-17,11:17,16.54154968261719
DA149,2019-11-17,17:00,57.50099945068359
DA149,2019-11-18,08:00,25.25099945068359
DA149,2019-11-18,12:00,32.58390045166016
DA149,2019-11-18,17:00,105.9738006591797
DA149,2019-11-19,8:28,16.66799926757812
DA149,2019-11-19,11:43,57.50099945068359
DA149,2019-11-19,17:00,13.33360004425049
DA149,2019-11-20,7:43,12.50100040435791
DA149,2019-11-20,11:43,67.01957702636719
DA149,2019-11-20,17:00,76.66799926757812
DA149,2019-11-20,22:57,0.0
DA149,2019-11-21,8:13,16.66799926757812
DA149,2019-11-21,12:00,12.91769981384277
DA149,2019-11-21,17:00,57.50099945068359
DA149,2019-11-21,20:00,0.0
DA149,2019-11-22,8:28,10.80000019073486
DA149,2019-11-22,12:13,76.66799926757812
DA149,2019-11-22,17:00,65.7729721069336
DA149,2019-11-22,20:00,0.0
DA149,2019-11-23,7:35,12.50100040435791
DA149,2019-11-23,11:58,80.42124938964844
DA149,2019-11-23,17:00,27.31297492980957
DA149,2019-11-24,08:00,0.0
DA149,2019-11-24,11:13,24.68752479553223
DA149,2019-11-24,17:00,138.7510070800781
DA149,2019-11-25,7:43,12.50100040435791
DA149,2019-11-25,12:13,0.0
DA149,2019-11-25,17:00,65.7729721069336
DA149,2019-11-26,7:28,8.333999633789062
DA149,2019-11-26,12:13,76.66799926757812
DA149,2019-11-26,17:12,10.00020027160645
DA149,2019-11-26,19:27,9.600000381469727
DA149,2019-11-27,7:43,0.0
DA149,2019-11-27,11:50,65.7729721069336
DA149,2019-11-27,17:00,57.50099945068359
DA149,2019-11-27,20:00,0.0
DA149,2019-11-28,,13.00100040435791
DA149,2019-11-28,,21.41327476501465
DA149,2019-11-28,,57.50099945068359
DA149,2019-11-28,,9.600000381469727
DA149,2019-11-29,,23.30100059509277
DA149,2019-11-29,,74.625
DA149,2019-11-29,,80.71544647216797
DA150,2019-11-15,7:31,8.333999633789062
DA150,2019-11-15,12:00,24.875
DA150,2019-11-15,17:00,107.6205978393555
DA150,2019-11-15,19:48,0.0
DA150,2019-11-16,08:00,16.66799926757812
DA150,2019-11-16,11:29,13.29199981689453
DA150,2019-11-16,17:48,36.41730117797852
DA150,2019-11-16,22:31,0.0
DA150,2019-11-17,08:00,0.0
DA150,2019-11-17,12:00,32.58390045166016
DA150,2019-11-17,17:00,19.16699981689453
DA150,2019-11-17,19:23,0.0
DA150,2019-11-18,08:00,16.66799926757812
DA150,2019-11-18,12:00,24.43792533874512
DA150,2019-11-18,17:00,40.20082473754883
DA150,2019-11-18,19:13,0.0
DA150,2019-11-19,7:39,16.66799926757812
DA150,2019-11-19,12:09,19.16699981689453
DA150,2019-11-19,17:08,6.666800022125244
DA150,2019-11-19,21:13,0.0
DA150,2019-11-20,08:00,6.432499885559082
DA150,2019-11-20,12:00,23.17092514038086
DA150,2019-11-20,17:00,19.16699981689453
DA150,2019-11-20,21:08,0.0
DA150,2019-11-21,6:39,1.5
DA150,2019-11-21,12:09,6.160675048828125
DA150,2019-11-21,17:00,38.33399963378906
DA150,2019-11-21,20:28,0.0
DA150,2019-11-22,8:39,19.70100021362305
DA150,2019-11-22,12:09,19.16699981689453
DA150,2019-11-22,17:00,21.92432594299316
DA150,2019-11-22,19:16,0.0
DA150,2019-11-23,7:31,4.166999816894531
DA150,2019-11-23,12:00,60.7333984375
DA150,2019-11-23,17:00,18.20865058898926
DA150,2019-11-23,19:38,0.0
DA150,2019-11-24,08:00,0.0
DA150,2019-11-24,12:00,16.37515068054199
DA150,2019-11-24,17:00,38.33399963378906
DA150,2019-11-24,21:03,0.0
DA150,2019-11-25,6:59,4.166999816894531
DA150,2019-11-25,12:00,0.0
DA150,2019-11-25,17:00,21.92432594299316
DA150,2019-11-25,22:13,0.0
DA150,2019-11-26,8:39,8.333999633789062
DA150,2019-11-26,12:00,57.50099945068359
DA150,2019-11-26,17:53,6.666800022125244
DA150,2019-11-26,20:00,9.600000381469727
DA150,2019-11-27,7:39,21.19899940490723
DA150,2019-11-27,12:00,22.85927581787109
DA150,2019-11-27,17:00,38.33399963378906
DA150,2019-11-27,22:23,0.0
DA150,2019-11-28,,8.833999633789062
DA150,2019-11-28,,14.95442485809326
DA150,2019-11-28,,19.16699981689453
DA150,2019-11-28,,9.600000381469727
DA150,2019-11-29,,19.70100021362305
DA150,2019-11-29,,24.875
DA150,2019-11-29,,80.71544647216797
DA150,2019-11-29,,0.0
DA151,2019-11-15,08:00,31.06800079345703
DA151,2019-11-15,12:00,99.5
DA151,2019-11-15,17:00,107.6205978393555
DA151,2019-11-15,21:27,0.0
DA151,2019-11-16,7:31,16.66799926757812
DA151,2019-11-16,12:00,92.04340362548828
DA151,2019-11-16,17:45,36.41730117797852
DA151,2019-11-16,22:15,0.0
DA151,2019-11-17,8:20,0.0
DA151,2019-11-17,12:00,32.91669845581055
DA151,2019-11-17,17:00,76.66799926757812
DA151,2019-11-18,08:00,33.66799926757812
DA151,2019-11-18,11:46,32.58390045166016
DA151,2019-11-18,17:11,105.9738006591797
DA151,2019-11-18,21:26,0.0
DA151,2019-11-19,7:38,16.66799926757812
DA151,2019-11-19,12:00,76.66799926757812
DA151,2019-11-19,17:00,13.33360004425049
DA151,2019-11-20,08:00,42.39799880981445
DA151,2019-11-20,11:31,88.94390106201172
DA151,2019-11-20,16:35,76.66799926757812
DA151,2019-11-21,08:00,18.66799926757812
DA151,2019-11-21,11:31,24.6427001953125
DA151,2019-11-21,17:00,76.66799926757812
DA151,2019-11-21,21:53,0.0
DA151,2019-11-22,7:46,31.06800079345703
DA151,2019-11-22,12:01,76.66799926757812
DA151,2019-11-22,17:00,87.69730377197266
DA151,2019-11-23,8:16,16.66799926757812
DA151,2019-11-23,12:16,100.1091003417969
DA151,2019-11-23,17:00,36.41730117797852
DA151,2019-11-23,19:26,0.0
DA151,2019-11-24,08:00,0.0
DA151,2019-11-24,12:00,32.91669845581055
DA151,2019-11-24,17:00,239.1679992675781
DA151,2019-11-25,08:00,33.66799926757812
DA151,2019-11-25,12:00,0.0
DA151,2019-11-25,17:00,87.69730377197266
DA151,2019-11-25,19:11,0.0
DA151,2019-11-26,08:00,16.66799926757812
DA151,2019-11-26,11:06,76.66799926757812
DA151,2019-11-26,17:35,13.33360004425049
DA151,2019-11-26,22:15,9.600000381469727
DA151,2019-11-27,7:31,42.39799880981445
DA151,2019-11-27,12:00,88.94390106201172
DA151,2019-11-27,17:00,76.66799926757812
DA151,2019-11-27,20:56,0.0
DA151,2019-11-28,8:16,18.66799926757812
DA151,2019-11-28,12:00,24.6427001953125
DA151,2019-11-28,17:00,76.66799926757812
DA151,2019-11-28,20:00,9.600000381469727
DA151,2019-11-29,,31.06800079345703
DA151,2019-11-29,,99.5
DA151,2019-11-29,,107.6205978393555
DA151,2019-11-29,,0.0
DA152,2019-11-15,20:05,0.0
DA152,2019-11-16,08:00,12.50100040435791
DA152,2019-11-16,12:00,92.04340362548828
DA152,2019-11-16,17:00,36.41730117797852
DA152,2019-11-16,21:12,0.0
DA152,2019-11-17,08:00,0.0
DA152,2019-11-17,11:01,32.91669845581055
DA152,2019-11-17,17:52,76.66799926757812
DA152,2019-11-17,21:47,0.0
DA152,2019-11-18,08:00,0.0
DA152,2019-11-18,11:27,32.58390045166016
DA152,2019-11-18,17:02,105.9738006591797
DA152,2019-11-18,22:17,0.0
DA152,2019-11-19,8:01,0.0
DA152,2019-11-19,12:31,76.66799926757812
DA152,2019-11-19,17:00,0.0
DA152,2019-11-19,20:05,0.0
DA152,2019-11-20,7:46,16.66799926757812
DA152,2019-11-20,12:00,88.94390106201172
DA152,2019-11-20,17:00,76.66799926757812
DA152,2019-11-20,20:41,0.0
DA152,2019-11-21,7:54,2.0
DA152,2019-11-21,11:46,24.6427001953125
DA152,2019-11-21,17:32,76.66799926757812
DA152,2019-11-21,21:12,0.0
DA152,2019-11-22,08:00,31.06800079345703
DA152,2019-11-22,12:00,76.66799926757812
DA152,2019-11-22,17:00,87.69730377197266
DA152,2019-11-22,22:39,0.0
DA152,2019-11-23,7:35,16.66799926757812
DA152,2019-11-23,12:00,100.1091003417969
DA152,2019-11-23,17:00,36.41730117797852
DA152,2019-11-23,19:58,0.0
DA152,2019-11-24,12:16,32.91669845581055
DA152,2019-11-24,17:00,239.1679992675781
DA152,2019-11-25,08:00,8.416999816894531
DA152,2019-11-25,11:01,0.0
DA152,2019-11-25,17:00,21.92432594299316
DA152,2019-11-26,08:00,4.166999816894531
DA152,2019-11-26,11:57,19.16699981689453
DA152,2019-11-26,17:47,3.333400011062622
DA152,2019-11-26,22:32,9.600000381469727
DA152,2019-11-27,7:46,10.59949970245361
DA152,2019-11-27,12:00,22.23597526550293
DA152,2019-11-27,17:00,19.16699981689453
DA152,2019-11-28,8:16,18.66799926757812
DA152,2019-11-28,12:00,24.6427001953125
DA152,2019-11-28,17:00,76.66799926757812
DA152,2019-11-28,20:00,9.600000381469727
DA152,2019-11-29,,11.93400001525879
DA152,2019-11-29,,49.75
DA152,2019-11-29,,80.71544647216797
DA153,2019-11-15,08:00,7.767000198364258
DA153,2019-11-15,12:00,24.875
DA153,2019-11-15,17:59,26.90514945983887
DA153,2019-11-16,08:00,4.166999816894531
DA153,2019-11-16,12:00,23.01085090637207
DA153,2019-11-16,17:00,36.41730117797852
DA153,2019-11-17,7:59,0.0
DA153,2019-11-17,12:34,32.91669845581055
DA153,2019-11-17,17:29,76.66799926757812
DA153,2019-11-18,8:43,33.66799926757812
DA153,2019-11-18,12:00,32.58390045166016
DA153,2019-11-18,17:00,105.9738006591797
DA153,2019-11-19,6:53,16.66799926757812
DA153,2019-11-19,12:48,76.66799926757812
DA153,2019-11-19,17:00,13.33360004425049
DA153,2019-11-20,8:58,42.39799880981445
DA153,2019-11-20,12:00,88.94390106201172
DA153,2019-11-20,17:00,76.66799926757812
DA153,2019-11-21,08:00,18.66799926757812
DA153,2019-11-21,12:00,24.6427001953125
DA153,2019-11-21,16:03,76.66799926757812
DA153,2019-11-22,6:41,31.06800079345703
DA153,2019-11-22,12:04,76.66799926757812
DA153,2019-11-22,17:00,87.69730377197266
DA153,2019-11-23,7:48,16.66799926757812
DA153,2019-11-23,12:00,100.1091003417969
DA153,2019-11-23,17:00,36.41730117797852
DA153,2019-11-24,08:00,0.0
DA153,2019-11-24,12:00,32.91669845581055
DA153,2019-11-24,17:00,239.1679992675781
DA153,2019-11-25,08:00,8.416999816894531
DA153,2019-11-25,12:00,0.0
DA153,2019-11-25,17:00,21.92432594299316
DA153,2019-11-26,6:22,4.166999816894531
DA153,2019-11-26,12:00,19.16699981689453
DA153,2019-11-26,17:00,3.333400011062622
DA153,2019-11-27,8:11,10.59949970245361
DA153,2019-11-27,12:00,22.23597526550293
DA153,2019-11-27,17:00,19.16699981689453
DA153,2019-11-28,,4.666999816894531
DA153,2019-11-28,,6.160675048828125
DA153,2019-11-28,,19.16699981689453
DA153,2019-11-29,,31.06800079345703
DA153,2019-11-29,,99.5
DA153,2019-11-29,,107.6205978393555
DA154,2019-11-15,7:05,20.26799964904785
DA154,2019-11-15,11:40,24.875
DA154,2019-11-15,17:58,53.81029891967773
DA154,2019-11-15,22:21,0.0
DA154,2019-11-16,08:00,16.66799926757812
DA154,2019-11-16,11:02,32.97985076904297
DA154,2019-11-16,17:56,9.104325294494629
DA154,2019-11-16,22:13,0.0
DA154,2019-11-17,7:05,0.0
DA154,2019-11-17,11:28,8.478775024414062
DA154,2019-11-17,17:00,38.33399963378906
DA154,2019-11-17,22:06,0.0
DA154,2019-11-18,7:28,16.66799926757812
DA154,2019-11-18,12:00,32.58390045166016
DA154,2019-11-18,16:36,18.2765007019043
DA154,2019-11-18,20:56,0.0
DA154,2019-11-19,7:28,16.66799926757812
DA154,2019-11-19,12:43,38.33399963378906
DA154,2019-11-19,16:58,0.0
DA154,2019-11-19,21:36,0.0
DA154,2019-11-20,7:35,12.86499977111816
DA154,2019-11-20,12:05,23.17092514038086
DA154,2019-11-20,17:51,19.16699981689453
DA154,2019-11-20,21:58,0.0
DA154,2019-11-21,8:15,17.16799926757812
DA154,2019-11-21,12:43,6.458849906921387
DA154,2019-11-21,17:00,38.33399963378906
DA154,2019-11-21,20:21,0.0
DA154,2019-11-22,8:15,20.26799964904785
DA154,2019-11-22,12:25,38.33399963378906
DA154,2019-11-22,17:00,21.92432594299316
DA154,2019-11-22,21:51,0.0
DA154,2019-11-23,7:28,16.66799926757812
DA154,2019-11-23,11:35,41.04555130004883
DA154,2019-11-23,17:00,9.104325294494629
DA154,2019-11-23,20:51,0.0
DA154,2019-11-24,7:35,0.0
DA154,2019-11-24,12:05,16.6247501373291
DA154,2019-11-24,17:09,19.16699981689453
DA154,2019-11-24,22:51,0.0
DA154,2019-11-25,08:00,20.91799926757812
DA154,2019-11-25,12:00,0.0
DA154,2019-11-25,17:00,21.92432594299316
DA154,2019-11-25,22:11,0.0
DA154,2019-11-26,6:28,16.66799926757812
DA154,2019-11-26,12:50,38.33399963378906
DA154,2019-11-26,16:51,6.666800022125244
DA154,2019-11-26,21:01,9.600000381469727
DA154,2019-11-27,6:58,14.76650047302246
DA154,2019-11-27,12:15,23.17092514038086
DA154,2019-11-27,17:51,0.0
DA154,2019-11-27,21:41,0.0
DA154,2019-11-28,,17.66799926757812
DA154,2019-11-28,,18.1838493347168
DA154,2019-11-28,,38.33399963378906
DA154,2019-11-28,,9.600000381469727
DA154,2019-11-29,,20.26799964904785
DA154,2019-11-29,,24.875
DA154,2019-11-29,,53.81029891967773
DA154,2019-11-29,,0.0
DA156,2019-11-15,7:32,14.39999961853027
DA156,2019-11-15,12:00,24.875
DA156,2019-11-15,17:00,53.81029891967773
DA156,2019-11-16,8:54,16.66799926757812
DA156,2019-11-16,12:00,26.3338508605957
DA156,2019-11-16,17:00,36.41730117797852
DA156,2019-11-17,08:00,0.0
DA156,2019-11-17,12:00,24.60432434082031
DA156,2019-11-17,17:00,76.66799926757812
DA156,2019-11-18,08:00,29.41799926757812
DA156,2019-11-18,12:00,32.58390045166016
DA156,2019-11-18,17:00,105.9738006591797
DA156,2019-11-19,6:40,16.66799926757812
DA156,2019-11-19,12:20,57.50099945068359
DA156,2019-11-19,17:47,13.33360004425049
DA156,2019-11-20,7:55,42.39799880981445
DA156,2019-11-20,12:00,67.01957702636719
DA156,2019-11-20,17:00,38.33399963378906
DA156,2019-11-21,08:00,18.16799926757812
DA156,2019-11-21,11:09,24.6427001953125
DA156,2019-11-21,17:40,57.50099945068359
DA156,2019-11-22,8:54,15.53400039672852
DA156,2019-11-22,12:24,76.66799926757812
DA156,2019-11-22,16:17,98.2645034790039
DA156,2019-11-23,08:00,16.66799926757812
DA156,2019-11-23,12:00,78.75140380859375
DA156,2019-11-23,17:00,87.69730377197266
DA156,2019-11-24,08:00,0.0
DA156,2019-11-24,12:00,32.91669845581055
DA156,2019-11-24,17:00,0.0
DA156,2019-11-25,08:00,25.33399963378906
DA156,2019-11-25,12:00,0.0
DA156,2019-11-25,17:45,65.7729721069336
DA156,2019-11-26,08:00,8.333999633789062
DA156,2019-11-26,11:43,19.16699981689453
DA156,2019-11-26,17:19,13.33360004425049
DA156,2019-11-27,8:09,34.06399917602539
DA156,2019-11-27,12:00,67.01957702636719
DA156,2019-11-27,17:25,57.50099945068359
DA156,2019-11-28,,10.33399963378906
DA156,2019-11-28,,24.6427001953125
DA156,2019-11-28,,57.50099945068359
DA156,2019-11-29,,31.06800079345703
DA156,2019-11-29,,74.625
DA156,2019-11-29,,80.71544647216797
DA157,2019-11-15,8:47,31.06800079345703
DA157,2019-11-15,12:00,99.5
DA157,2019-11-15,17:22,107.6205978393555
DA157,2019-11-16,7:05,16.66799926757812
DA157,2019-11-16,11:32,92.04340362548828
DA157,2019-11-16,17:00,36.41730117797852
DA157,2019-11-17,6:50,0.0
DA157,2019-11-17,12:43,32.91669845581055
DA157,2019-11-17,17:00,76.66799926757812
DA157,2019-11-18,7:58,33.66799926757812
DA157,2019-11-18,11:28,32.58390045166016
DA157,2019-11-18,16:03,105.9738006591797
DA157,2019-11-19,8:47,16.66799926757812
DA157,2019-11-19,12:00,76.66799926757812
DA157,2019-11-19,17:12,13.33360004425049
DA157,2019-11-20,7:13,42.39799880981445
DA157,2019-11-20,12:13,88.94390106201172
DA157,2019-11-20,17:57,76.66799926757812
DA157,2019-11-21,7:05,18.66799926757812
DA157,2019-11-21,12:00,24.6427001953125
DA157,2019-11-21,17:42,76.66799926757812
DA157,2019-11-22,7:13,31.06800079345703
DA157,2019-11-22,12:32,76.66799926757812
DA157,2019-11-22,17:22,87.69730377197266
DA157,2019-11-23,7:20,16.66799926757812
DA157,2019-11-23,12:02,100.1091003417969
DA157,2019-11-23,17:42,36.41730117797852
DA157,2019-11-24,08:00,0.0
DA157,2019-11-24,11:43,32.91669845581055
DA157,2019-11-24,17:00,239.1679992675781
DA157,2019-11-25,7:20,33.66799926757812
DA157,2019-11-25,11:58,0.0
DA157,2019-11-25,16:27,87.69730377197266
DA157,2019-11-26,7:28,16.66799926757812
DA157,2019-11-26,12:00,76.66799926757812
DA157,2019-11-26,17:00,13.33360004425049
DA157,2019-11-27,7:20,42.39799880981445
DA157,2019-11-27,12:43,88.94390106201172
DA157,2019-11-27,17:57,76.66799926757812
DA157,2019-11-28,,18.66799926757812
DA157,2019-11-28,,24.6427001953125
DA157,2019-11-28,,76.66799926757812
DA157,2019-11-29,,31.06800079345703
DA157,2019-11-29,,99.5
DA157,2019-11-29,,107.6205978393555
DA158,2019-11-15,6:49,31.06800079345703
DA158,2019-11-15,11:20,74.625
DA158,2019-11-15,16:00,107.6205978393555
DA158,2019-11-16,6:30,16.66799926757812
DA158,2019-11-16,12:00,92.04340362548828
DA158,2019-11-16,17:10,36.41730117797852
DA158,2019-11-17,08:00,0.0
DA158,2019-11-17,11:00,24.68752479553223
DA158,2019-11-17,17:00,76.66799926757812
DA158,2019-11-18,8:45,25.33399963378906
DA158,2019-11-18,12:00,24.43792533874512
DA158,2019-11-18,17:30,105.9738006591797
DA158,2019-11-19,7:30,16.66799926757812
DA158,2019-11-19,12:00,76.66799926757812
DA158,2019-11-19,17:00,13.33360004425049
DA158,2019-11-20,8:22,42.39799880981445
DA158,2019-11-20,11:52,88.94390106201172
DA158,2019-11-20,17:15,57.50099945068359
DA158,2019-11-21,7:22,14.50100040435791
DA158,2019-11-21,12:00,15.55077457427979
DA158,2019-11-21,17:00,76.66799926757812
DA158,2019-11-22,6:30,27.4680004119873
DA158,2019-11-22,12:07,57.50099945068359
DA158,2019-11-22,17:00,98.2645034790039
DA158,2019-11-22,20:00,0.0
DA158,2019-11-23,08:00,8.333999633789062
DA158,2019-11-23,12:00,78.75140380859375
DA158,2019-11-23,17:15,87.69730377197266
DA158,2019-11-23,20:45,0.0
DA158,2019-11-24,08:00,0.0
DA158,2019-11-24,12:00,24.68752479553223
DA158,2019-11-24,16:25,0.0
DA158,2019-11-24,20:34,0.0
DA158,2019-11-25,7:22,33.66799926757812
DA158,2019-11-25,12:22,0.0
DA158,2019-11-25,17:00,65.7729721069336
DA158,2019-11-25,19:37,0.0
DA158,2019-11-26,7:30,12.50100040435791
DA158,2019-11-26,12:50,38.33399963378906
DA158,2019-11-26,16:25,13.33360004425049
DA158,2019-11-27,6:45,42.39799880981445
DA158,2019-11-27,11:39,88.94390106201172
DA158,2019-11-27,16:41,76.66799926757812
DA158,2019-11-28,,14.50100040435791
DA158,2019-11-28,,24.6427001953125
DA158,2019-11-28,,38.33399963378906
DA158,2019-11-29,,31.06800079345703
DA158,2019-11-29,,99.5
DA158,2019-11-29,,80.71544647216797
DA159,2019-11-15,7:31,31.06800079345703
DA159,2019-11-15,12:11,99.5
DA159,2019-11-15,17:00,107.6205978393555
DA159,2019-11-15,20:05,0.0
DA159,2019-11-16,7:16,16.66799926757812
DA159,2019-11-16,12:00,92.04340362548828
DA159,2019-11-16,17:00,36.41730117797852
DA159,2019-11-16,20:15,0.0
DA159,2019-11-17,08:00,0.0
DA159,2019-11-17,12:00,32.91669845581055
DA159,2019-11-17,17:00,76.66799926757812
DA159,2019-11-17,20:41,0.0
DA159,2019-11-18,08:00,33.66799926757812
DA159,2019-11-18,12:00,32.58390045166016
DA159,2019-11-18,16:41,105.9738006591797
DA159,2019-11-18,21:08,0.0
DA159,2019-11-19,7:41,16.66799926757812
DA159,2019-11-19,12:08,76.66799926757812
DA159,2019-11-19,17:30,13.33360004425049
DA159,2019-11-19,21:23,0.0
DA159,2019-11-20,7:42,35.96549987792969
DA159,2019-11-20,12:00,88.94390106201172
DA159,2019-11-20,17:00,76.66799926757812
DA159,2019-11-20,20:45,0.0
DA159,2019-11-21,7:00,17.66799926757812
DA159,2019-11-21,11:46,24.6427001953125
DA159,2019-11-21,17:00,76.66799926757812
DA159,2019-11-21,19:50,0.0
DA159,2019-11-22,8:31,31.06800079345703
DA159,2019-11-22,12:00,76.66799926757812
DA159,2019-11-22,17:00,87.69730377197266
DA159,2019-11-22,21:30,0.0
DA159,2019-11-23,08:00,16.66799926757812
DA159,2019-11-23,12:00,100.1091003417969
DA159,2019-11-23,17:00,36.41730117797852
DA159,2019-11-23,20:41,0.0
DA159,2019-11-24,7:46,0.0
DA159,2019-11-24,12:00,32.91669845581055
DA159,2019-11-24,17:00,239.1679992675781
DA159,2019-11-24,21:15,0.0
DA159,2019-11-25,08:00,33.66799926757812
DA159,2019-11-25,12:00,0.0
DA159,2019-11-25,17:30,87.69730377197266
DA159,2019-11-25,20:35,0.0
DA159,2019-11-26,8:56,16.66799926757812
DA159,2019-11-26,12:00,76.66799926757812
DA159,2019-11-26,17:00,13.33360004425049
DA159,2019-11-26,21:41,0.0
DA159,2019-11-27,8:46,42.39799880981445
DA159,2019-11-27,12:00,88.94390106201172
DA159,2019-11-27,17:00,76.66799926757812
DA159,2019-11-27,20:00,0.0
DA159,2019-11-28,,18.66799926757812
DA159,2019-11-28,,24.6427001953125
DA159,2019-11-28,,76.66799926757812
DA159,2019-11-28,,0.0
DA159,2019-11-29,,31.06800079345703
DA159,2019-11-29,,99.5
DA159,2019-11-29,,107.6205978393555
DA159,2019-11-29,,0.0
DA160,2019-11-15,08:00,31.06800079345703
DA160,2019-11-15,11:36,99.5
DA160,2019-11-15,17:18,107.6205978393555
DA160,2019-11-15,20:33,0.0
DA160,2019-11-16,08:00,16.66799926757812
DA160,2019-11-16,12:00,92.04340362548828
DA160,2019-11-16,16:18,36.41730117797852
DA160,2019-11-16,22:48,0.0
DA160,2019-11-17,08:00,0.0
DA160,2019-11-17,11:03,32.91669845581055
DA160,2019-11-17,16:13,76.66799926757812
DA160,2019-11-17,21:14,0.0
DA160,2019-11-18,8:53,33.66799926757812
DA160,2019-11-18,12:00,32.58390045166016
DA160,2019-11-18,17:33,105.9738006591797
DA160,2019-11-18,22:10,0.0
DA160,2019-11-19,08:00,16.66799926757812
DA160,2019-11-19,11:03,76.66799926757812
DA160,2019-11-19,17:18,13.33360004425049
DA160,2019-11-19,20:38,0.0
DA160,2019-11-20,7:33,42.39799880981445
DA160,2019-11-20,12:00,88.94390106201172
DA160,2019-11-20,17:00,76.66799926757812
DA160,2019-11-20,20:00,0.0
DA160,2019-11-21,08:00,18.66799926757812
DA160,2019-11-21,12:00,24.6427001953125
DA160,2019-11-21,17:03,76.66799926757812
DA160,2019-11-21,21:55,0.0
DA160,2019-11-22,7:33,31.06800079345703
DA160,2019-11-22,11:48,76.66799926757812
DA160,2019-11-22,16:40,87.69730377197266
DA160,2019-11-22,22:10,0.0
DA160,2019-11-23,8:53,16.66799926757812
DA160,2019-11-23,12:00,100.1091003417969
DA160,2019-11-23,17:00,36.41730117797852
DA160,2019-11-23,21:48,0.0
DA160,2019-11-24,7:47,0.0
DA160,2019-11-24,12:33,32.91669845581055
DA160,2019-11-24,17:00,239.1679992675781
DA160,2019-11-24,19:03,0.0
DA160,2019-11-25,7:40,16.66799926757812
DA160,2019-11-25,12:03,0.0
DA160,2019-11-25,17:00,87.69730377197266
DA160,2019-11-25,22:33,0.0
DA160,2019-11-26,08:00,16.66799926757812
DA160,2019-11-26,11:33,76.66799926757812
DA160,2019-11-26,17:00,13.33360004425049
DA160,2019-11-26,19:03,0.0
DA160,2019-11-27,08:00,42.39799880981445
DA160,2019-11-27,12:00,88.94390106201172
DA160,2019-11-27,17:33,76.66799926757812
DA160,2019-11-27,20:58,0.0
DA160,2019-11-28,,18.66799926757812
DA160,2019-11-28,,24.6427001953125
DA160,2019-11-28,,76.66799926757812
DA160,2019-11-28,,0.0
DA160,2019-11-29,,31.06800079345703
DA160,2019-11-29,,99.5
DA160,2019-11-29,,107.6205978393555
DA160,2019-11-29,,0.0
DA161,2019-11-15,08:00,31.06800079345703
DA161,2019-11-15,12:00,49.75
DA161,2019-11-15,16:54,80.71544647216797
DA161,2019-11-16,8:48,12.50100040435791
DA161,2019-11-16,12:00,32.97985076904297
DA161,2019-11-16,17:33,36.41730117797852
DA161,2019-11-17,7:41,0.0
DA161,2019-11-17,12:00,16.6247501373291
DA161,2019-11-17,17:33,57.50099945068359
DA161,2019-11-18,7:18,25.33399963378906
DA161,2019-11-18,11:54,24.43792533874512
DA161,2019-11-18,17:33,105.9738006591797
DA161,2019-11-19,7:33,8.333999633789062
DA161,2019-11-19,12:56,38.33399963378906
DA161,2019-11-19,17:18,13.33360004425049
DA161,2019-11-20,8:58,42.39799880981445
DA161,2019-11-20,12:00,88.94390106201172
DA161,2019-11-20,17:03,76.66799926757812
DA161,2019-11-21,7:03,10.33399963378906
DA161,2019-11-21,11:33,15.55077457427979
DA161,2019-11-21,17:18,57.50099945068359
DA161,2019-11-22,8:03,22.73399925231934
DA161,2019-11-22,11:48,38.33399963378906
DA161,2019-11-22,17:18,98.2645034790039
DA161,2019-11-22,21:03,0.0
DA161,2019-11-23,7:26,4.166999816894531
DA161,2019-11-23,12:00,78.75140380859375
DA161,2019-11-23,17:00,87.69730377197266
DA161,2019-11-23,21:41,0.0
DA161,2019-11-24,7:48,0.0
DA161,2019-11-24,11:48,32.91669845581055
DA161,2019-11-24,17:18,0.0
DA161,2019-11-24,19:54,0.0
DA161,2019-11-25,7:48,0.0
DA161,2019-11-25,12:26,0.0
DA161,2019-11-25,17:00,65.7729721069336
DA161,2019-11-25,20:03,0.0
DA161,2019-11-26,8:03,8.333999633789062
DA161,2019-11-26,12:29,38.33399963378906
DA161,2019-11-26,17:33,13.33360004425049
DA161,2019-11-27,8:03,34.06399917602539
DA161,2019-11-27,12:00,67.01957702636719
DA161,2019-11-27,16:41,38.33399963378906
DA161,2019-11-28,,10.33399963378906
DA161,2019-11-28,,24.6427001953125
DA161,2019-11-28,,76.66799926757812
DA161,2019-11-29,,31.06800079345703
DA161,2019-11-29,,99.5
DA161,2019-11-29,,53.81029891967773
DA162,2019-11-15,08:00,31.06800079345703
DA162,2019-11-15,12:00,49.75
DA162,2019-11-15,17:00,80.71544647216797
DA162,2019-11-16,08:00,12.50100040435791
DA162,2019-11-16,12:00,32.97985076904297
DA162,2019-11-16,17:00,36.41730117797852
DA162,2019-11-17,7:34,0.0
DA162,2019-11-17,12:27,16.6247501373291
DA162,2019-11-17,17:00,57.50099945068359
DA162,2019-11-18,6:34,25.33399963378906
DA162,2019-11-18,12:00,24.43792533874512
DA162,2019-11-18,16:04,105.9738006591797
DA162,2019-11-19,08:00,8.333999633789062
DA162,2019-11-19,12:00,38.33399963378906
DA162,2019-11-19,16:45,13.33360004425049
DA162,2019-11-20,08:00,42.39799880981445
DA162,2019-11-20,12:00,88.94390106201172
DA162,2019-11-20,17:34,76.66799926757812
DA162,2019-11-21,08:00,10.33399963378906
DA162,2019-11-21,12:00,15.55077457427979
DA162,2019-11-21,17:19,57.50099945068359
DA162,2019-11-22,6:42,22.73399925231934
DA162,2019-11-22,11:50,38.33399963378906
DA162,2019-11-22,17:00,98.2645034790039
DA162,2019-11-22,22:04,0.0
DA162,2019-11-23,7:04,4.166999816894531
DA162,2019-11-23,11:54,78.75140380859375
DA162,2019-11-23,17:19,87.69730377197266
DA162,2019-11-23,20:49,0.0
DA162,2019-11-24,8:05,0.0
DA162,2019-11-24,11:35,32.91669845581055
DA162,2019-11-24,17:57,0.0
DA162,2019-11-24,20:00,0.0
DA162,2019-11-25,,0.0
DA162,2019-11-25,,0.0
DA162,2019-11-25,,65.7729721069336
DA162,2019-11-25,,0.0
DA162,2019-11-26,7:20,8.333999633789062
DA162,2019-11-26,12:00,38.33399963378906
DA162,2019-11-26,17:30,13.33360004425049
DA162,2019-11-27,8:27,34.06399917602539
DA162,2019-11-27,11:50,67.01957702636719
DA162,2019-11-27,17:00,38.33399963378906
DA162,2019-11-28,,10.33399963378906
DA162,2019-11-28,,24.6427001953125
DA162,2019-11-28,,76.66799926757812
DA162,2019-11-29,,31.06800079345703
DA162,2019-11-29,,99.5
DA162,2019-11-29,,53.81029891967773
DA164,2019-11-15,8:18,31.06800079345703
DA164,2019-11-15,12:00,74.625
DA164,2019-11-15,16:53,80.71544647216797
DA164,2019-11-16,08:00,8.333999633789062
DA164,2019-11-16,12:00,92.04340362548828
DA164,2019-11-16,17:00,36.41730117797852
DA164,2019-11-17,8:34,0.0
DA164,2019-11-17,12:00,24.77072525024414
DA164,2019-11-17,17:53,76.66799926757812
DA164,2019-11-18,8:50,33.66799926757812
DA164,2019-11-18,12:00,24.43792533874512
DA164,2019-11-18,17:00,105.9738006591797
DA164,2019-11-19,7:09,8.333999633789062
DA164,2019-11-19,12:00,38.33399963378906
DA164,2019-11-19,17:00,13.33360004425049
DA164,2019-11-20,08:00,42.39799880981445
DA164,2019-11-20,12:00,88.94390106201172
DA164,2019-11-20,17:00,76.66799926757812
DA164,2019-11-21,7:54,18.66799926757812
DA164,2019-11-21,12:00,24.6427001953125
DA164,2019-11-21,17:00,76.66799926757812
DA164,2019-11-22,8:54,31.06800079345703
DA164,2019-11-22,12:00,38.33399963378906
DA164,2019-11-22,17:00,98.2645034790039
DA164,2019-11-23,8:39,8.333999633789062
DA164,2019-11-23,12:00,78.75140380859375
DA164,2019-11-23,17:00,87.69730377197266
DA164,2019-11-24,08:00,0.0
DA164,2019-11-24,12:00,32.91669845581055
DA164,2019-11-24,17:00,0.0
DA164,2019-11-25,8:39,29.41799926757812
DA164,2019-11-25,12:09,0.0
DA164,2019-11-25,17:00,43.84865188598633
DA164,2019-11-26,8:09,16.66799926757812
DA164,2019-11-26,12:00,38.33399963378906
DA164,2019-11-26,17:00,13.33360004425049
DA164,2019-11-27,08:00,42.39799880981445
DA164,2019-11-27,12:00,88.94390106201172
DA164,2019-11-27,17:53,76.66799926757812
DA164,2019-11-28,,18.66799926757812
DA164,2019-11-28,,18.1838493347168
DA164,2019-11-28,,76.66799926757812
DA164,2019-11-29,,31.06800079345703
DA164,2019-11-29,,99.5
DA164,2019-11-29,,80.71544647216797
DA165,2019-11-15,8:39,31.06800079345703
DA165,2019-11-15,12:00,74.625
DA165,2019-11-15,17:06,107.6205978393555
DA165,2019-11-16,7:05,16.66799926757812
DA165,2019-11-16,11:13,72.35555267333984
DA165,2019-11-16,16:06,36.41730117797852
DA165,2019-11-17,08:00,0.0
DA165,2019-11-17,12:00,32.91669845581055
DA165,2019-11-17,17:00,57.50099945068359
DA165,2019-11-18,08:00,33.66799926757812
DA165,2019-11-18,12:00,32.58390045166016
DA165,2019-11-18,16:56,79.4803466796875
DA165,2019-11-19,6:25,16.66799926757812
DA165,2019-11-19,12:20,76.66799926757812
DA165,2019-11-19,17:01,13.33360004425049
DA165,2019-11-20,6:58,42.39799880981445
DA165,2019-11-20,11:58,88.94390106201172
DA165,2019-11-20,17:00,76.66799926757812
DA165,2019-11-21,8:05,18.66799926757812
DA165,2019-11-21,12:00,24.6427001953125
DA165,2019-11-21,17:43,76.66799926757812
DA165,2019-11-22,08:00,31.06800079345703
DA165,2019-11-22,12:00,57.50099945068359
DA165,2019-11-22,17:21,98.2645034790039
DA165,2019-11-23,08:00,4.166999816894531
DA165,2019-11-23,12:00,78.75140380859375
DA165,2019-11-23,16:21,87.69730377197266
DA165,2019-11-24,08:00,0.0
DA165,2019-11-24,12:00,32.91669845581055
DA165,2019-11-24,17:00,160.2089996337891
DA165,2019-11-25,7:05,25.16799926757812
DA165,2019-11-25,12:13,0.0
DA165,2019-11-25,17:00,65.7729721069336
DA165,2019-11-26,8:43,16.66799926757812
DA165,2019-11-26,12:50,57.50099945068359
DA165,2019-11-26,17:00,6.666800022125244
DA165,2019-11-27,7:20,42.39799880981445
DA165,2019-11-27,12:05,88.94390106201172
DA165,2019-11-27,17:00,76.66799926757812
DA165,2019-11-28,,18.66799926757812
DA165,2019-11-28,,21.41327476501465
DA165,2019-11-28,,19.16699981689453
DA165,2019-11-29,,26.90099906921387
DA165,2019-11-29,,74.625
DA165,2019-11-29,,107.6205978393555
DA166,2019-11-15,08:00,31.06800079345703
DA166,2019-11-15,12:00,99.5
DA166,2019-11-15,16:56,107.6205978393555
DA166,2019-11-15,22:11,0.0
DA166,2019-11-16,08:00,16.66799926757812
DA166,2019-11-16,12:00,92.04340362548828
DA166,2019-11-16,17:00,36.41730117797852
DA166,2019-11-16,19:48,0.0
DA166,2019-11-17,7:48,0.0
DA166,2019-11-17,12:18,32.91669845581055
DA166,2019-11-17,17:00,76.66799926757812
DA166,2019-11-17,19:33,0.0
DA166,2019-11-18,08:00,33.66799926757812
DA166,2019-11-18,12:00,32.58390045166016
DA166,2019-11-18,17:00,105.9738006591797
DA166,2019-11-18,20:00,0.0
DA166,2019-11-19,08:00,16.66799926757812
DA166,2019-11-19,12:00,76.66799926757812
DA166,2019-11-19,17:00,13.33360004425049
DA166,2019-11-19,21:41,0.0
DA166,2019-11-20,7:36,42.39799880981445
DA166,2019-11-20,12:45,88.94390106201172
DA166,2019-11-20,17:26,76.66799926757812
DA166,2019-11-20,21:03,0.0
DA166,2019-11-21,8:20,18.66799926757812
DA166,2019-11-21,12:00,24.6427001953125
DA166,2019-11-21,17:00,76.66799926757812
DA166,2019-11-21,21:11,0.0
DA166,2019-11-22,08:00,31.06800079345703
DA166,2019-11-22,12:00,76.66799926757812
DA166,2019-11-22,17:00,87.69730377197266
DA166,2019-11-22,19:33,0.0
DA166,2019-11-23,08:00,16.66799926757812
DA166,2019-11-23,12:00,100.1091003417969
DA166,2019-11-23,16:15,36.41730117797852
DA166,2019-11-23,20:56,0.0
DA166,2019-11-24,6:51,0.0
DA166,2019-11-24,11:30,32.91669845581055
DA166,2019-11-24,17:00,239.1679992675781
DA166,2019-11-24,20:30,0.0
DA166,2019-11-25,8:18,33.66799926757812
DA166,2019-11-25,12:33,0.0
DA166,2019-11-25,17:30,87.69730377197266
DA166,2019-11-25,22:00,0.0
DA166,2019-11-26,8:41,16.66799926757812
DA166,2019-11-26,12:00,76.66799926757812
DA166,2019-11-26,17:00,13.33360004425049
DA166,2019-11-26,21:33,0.0
DA166,2019-11-27,8:33,42.39799880981445
DA166,2019-11-27,12:00,88.94390106201172
DA166,2019-11-27,17:00,76.66799926757812
DA166,2019-11-28,,16.66799926757812
DA166,2019-11-28,,24.6427001953125
DA166,2019-11-28,,76.66799926757812
DA166,2019-11-29,,31.06800079345703
DA166,2019-11-29,,99.5
DA166,2019-11-29,,107.6205978393555
DA167,2019-11-15,08:00,31.06800079345703
DA167,2019-11-15,12:00,49.75
DA167,2019-11-15,17:00,107.6205978393555
DA167,2019-11-15,19:00,0.0
DA167,2019-11-16,08:00,16.66799926757812
DA167,2019-11-16,11:26,92.04340362548828
DA167,2019-11-16,17:00,36.41730117797852
DA167,2019-11-16,19:26,0.0
DA167,2019-11-17,08:00,0.0
DA167,2019-11-17,12:00,32.91669845581055
DA167,2019-11-17,17:00,76.66799926757812
DA167,2019-11-17,20:51,0.0
DA167,2019-11-18,7:12,16.66799926757812
DA167,2019-11-18,12:11,32.58390045166016
DA167,2019-11-18,17:56,105.9738006591797
DA167,2019-11-18,20:00,0.0
DA167,2019-11-19,7:04,16.66799926757812
DA167,2019-11-19,11:41,76.66799926757812
DA167,2019-11-19,16:19,13.33360004425049
DA167,2019-11-19,20:26,0.0
DA167,2019-11-20,6:42,42.39799880981445
DA167,2019-11-20,11:21,88.94390106201172
DA167,2019-11-20,17:49,76.66799926757812
DA167,2019-11-20,21:01,0.0
DA167,2019-11-21,8:34,16.66799926757812
DA167,2019-11-21,12:26,24.6427001953125
DA167,2019-11-21,17:00,76.66799926757812
DA167,2019-11-21,19:38,0.0
DA167,2019-11-22,6:57,31.06800079345703
DA167,2019-11-22,11:11,76.66799926757812
DA167,2019-11-22,17:00,87.69730377197266
DA167,2019-11-22,20:00,0.0
DA167,2019-11-23,8:34,16.66799926757812
DA167,2019-11-23,12:34,100.1091003417969
DA167,2019-11-23,16:41,36.41730117797852
DA167,2019-11-23,21:49,0.0
DA167,2019-11-24,7:12,0.0
DA167,2019-11-24,11:41,32.91669845581055
DA167,2019-11-24,17:49,239.1679992675781
DA167,2019-11-24,21:41,0.0
DA167,2019-11-25,8:34,25.16799926757812
DA167,2019-11-25,11:04,0.0
DA167,2019-11-25,16:56,87.69730377197266
DA167,2019-11-25,20:41,0.0
DA167,2019-11-26,08:00,16.66799926757812
DA167,2019-11-26,12:00,76.66799926757812
DA167,2019-11-26,17:16,13.33360004425049
DA167,2019-11-27,08:00,42.39799880981445
DA167,2019-11-27,12:00,88.94390106201172
DA167,2019-11-27,16:56,76.66799926757812
DA167,2019-11-28,,18.66799926757812
DA167,2019-11-28,,24.6427001953125
DA167,2019-11-28,,76.66799926757812
DA167,2019-11-29,,31.06800079345703
DA167,2019-11-29,,99.5
DA167,2019-11-29,,107.6205978393555
DA167,2019-11-29,,0.0
DA168,2019-11-15,7:29,3.599999904632568
DA168,2019-11-15,12:21,49.75
DA168,2019-11-15,17:00,53.81029891967773
DA168,2019-11-15,20:07,0.0
DA168,2019-11-16,7:29,0.0
DA168,2019-11-16,12:00,92.04340362548828
DA168,2019-11-16,17:14,36.41730117797852
DA168,2019-11-16,21:09,0.0
DA168,2019-11-17,7:44,0.0
DA168,2019-11-17,12:00,8.229174613952637
DA168,2019-11-17,16:29,76.66799926757812
DA168,2019-11-17,20:00,0.0
DA168,2019-11-18,,0.0
DA168,2019-11-18,,32.58390045166016
DA168,2019-11-18,,105.9738006591797
DA168,2019-11-18,,0.0
DA168,2019-11-19,,0.0
DA168,2019-11-19,,76.66799926757812
DA168,2019-11-19,,13.33360004425049
DA168,2019-11-19,,0.0
DA168,2019-11-20,,6.432499885559082
DA168,2019-11-20,,88.94390106201172
DA168,2019-11-20,,76.66799926757812
DA168,2019-11-20,,0.0
DA168,2019-11-21,,0.5
DA168,2019-11-21,,24.6427001953125
DA168,2019-11-21,,76.66799926757812
DA168,2019-11-21,,0.0
DA168,2019-11-22,,7.199999809265137
DA168,2019-11-22,,76.66799926757812
DA168,2019-11-22,,87.69730377197266
DA168,2019-11-22,,0.0
DA168,2019-11-23,,0.0
DA168,2019-11-23,,100.1091003417969
DA168,2019-11-23,,36.41730117797852
DA168,2019-11-23,,0.0
DA168,2019-11-24,,0.0
DA168,2019-11-24,,16.45834922790527
DA168,2019-11-24,,239.1679992675781
DA168,2019-11-24,,0.0
DA168,2019-11-25,,0.0
DA168,2019-11-25,,0.0
DA168,2019-11-25,,87.69730377197266
DA168,2019-11-25,,0.0
DA168,2019-11-26,,0.0
DA168,2019-11-26,,76.66799926757812
DA168,2019-11-26,,13.33360004425049
DA168,2019-11-26,,0.0
DA168,2019-11-27,,6.432499885559082
DA168,2019-11-27,,88.94390106201172
DA168,2019-11-27,,76.66799926757812
DA168,2019-11-27,,0.0
DA168,2019-11-28,,0.0
DA168,2019-11-28,,24.6427001953125
DA168,2019-11-28,,76.66799926757812
DA168,2019-11-28,,0.0
DA168,2019-11-29,,7.199999809265137
DA168,2019-11-29,,99.5
DA168,2019-11-29,,107.6205978393555
DA168,2019-11-29,,0.0
DA169,2019-11-15,7:00,3.599999904632568
DA169,2019-11-15,11:45,0.0
DA169,2019-11-15,17:00,53.81029891967773
DA169,2019-11-15,19:04,0.0
DA169,2019-11-16,6:10,0.0
DA169,2019-11-16,11:45,46.02170181274414
DA169,2019-11-16,22:00,0.0
DA169,2019-11-17,08:00,0.0
DA169,2019-11-17,12:00,8.395574569702148
DA169,2019-11-17,17:00,0.0
DA169,2019-11-17,21:45,0.0
DA169,2019-11-18,7:07,4.25
DA169,2019-11-18,11:45,32.58390045166016
DA169,2019-11-18,17:00,4.569125175476074
DA169,2019-11-18,19:04,0.0
DA169,2019-11-19,6:45,0.0
DA169,2019-11-19,13:00,76.66799926757812
DA169,2019-11-19,17:52,10.00020027160645
DA169,2019-11-19,22:07,0.0
DA169,2019-11-20,08:00,19.29750061035156
DA169,2019-11-20,12:00,44.47195053100586
DA169,2019-11-20,16:07,0.0
DA169,2019-11-20,22:00,0.0
DA169,2019-11-21,08:00,1.5
DA169,2019-11-21,12:00,12.61952495574951
DA169,2019-11-21,17:15,19.16699981689453
DA169,2019-11-21,21:55,0.0
DA169,2019-11-22,8:00,0.0
DA169,2019-11-22,12:00,0.0
DA169,2019-11-22,16:37,0.0
DA169,2019-11-22,21:52,0.0
DA169,2019-11-23,08:00,12.50100040435791
DA169,2019-11-23,12:00,59.06354904174805
DA169,2019-11-23,16:40,9.104325294494629
DA169,2019-11-23,22:07,0.0
DA169,2019-11-24,08:00,0.0
DA169,2019-11-24,11:24,24.43792533874512
DA169,2019-11-24,17:07,19.16699981689453
DA169,2019-11-24,21:18,0.0
DA169,2019-11-25,08:00,16.75099945068359
DA169,2019-11-25,12:00,0.0
DA169,2019-11-25,17:00,43.84865188598633
DA169,2019-11-25,19:56,0.0
DA169,2019-11-26,7:15,12.50100040435791
DA169,2019-11-26,12:37,57.50099945068359
DA169,2019-11-26,17:00,6.666800022125244
DA169,2019-11-26,19:56,0.0
DA169,2019-11-27,7:22,12.50100040435791
DA169,2019-11-27,13:00,21.92432594299316
DA169,2019-11-27,17:00,19.16699981689453
DA169,2019-11-27,19:56,0.0
DA169,2019-11-28,,0.0
DA169,2019-11-28,,9.091924667358398
DA169,2019-11-28,,38.33399963378906
DA169,2019-11-28,,0.0
DA169,2019-11-29,,4.166999816894531
DA169,2019-11-29,,74.625
DA169,2019-11-29,,80.71544647216797
DA169,2019-11-29,,0.0
DA170,2019-11-15,7:16,31.06800079345703
DA170,2019-11-15,11:31,99.5
DA170,2019-11-15,17:47,107.6205978393555
DA170,2019-11-16,6:12,16.66799926757812
DA170,2019-11-16,12:54,92.04340362548828
DA170,2019-11-16,17:00,36.41730117797852
DA170,2019-11-17,08:00,0.0
DA170,2019-11-17,11:12,32.91669845581055
DA170,2019-11-17,17:00,76.66799926757812
DA170,2019-11-18,8:31,33.66799926757812
DA170,2019-11-18,12:00,32.58390045166016
DA170,2019-11-18,17:00,105.9738006591797
DA170,2019-11-19,08:00,16.66799926757812
DA170,2019-11-19,11:26,76.66799926757812
DA170,2019-11-19,17:17,13.33360004425049
DA170,2019-11-20,6:54,42.39799880981445
DA170,2019-11-20,11:16,88.94390106201172
DA170,2019-11-20,16:47,76.66799926757812
DA170,2019-11-21,08:00,18.66799926757812
DA170,2019-11-21,12:00,24.6427001953125
DA170,2019-11-21,17:00,76.66799926757812
DA170,2019-11-22,8:24,31.06800079345703
DA170,2019-11-22,12:52,76.66799926757812
DA170,2019-11-22,17:47,87.69730377197266
DA170,2019-11-23,6:31,16.66799926757812
DA170,2019-11-23,12:00,100.1091003417969
DA170,2019-11-23,17:00,36.41730117797852
DA170,2019-11-24,08:00,0.0
DA170,2019-11-24,12:00,32.91669845581055
DA170,2019-11-24,17:17,239.1679992675781
DA170,2019-11-25,08:00,16.66799926757812
DA170,2019-11-25,11:43,0.0
DA170,2019-11-25,17:00,87.69730377197266
DA170,2019-11-26,08:00,16.66799926757812
DA170,2019-11-26,12:00,76.66799926757812
DA170,2019-11-26,17:00,13.33360004425049
DA170,2019-11-27,08:00,42.39799880981445
DA170,2019-11-27,12:00,88.94390106201172
DA170,2019-11-27,17:09,76.66799926757812
DA170,2019-11-28,,18.66799926757812
DA170,2019-11-28,,24.6427001953125
DA170,2019-11-28,,76.66799926757812
DA170,2019-11-29,,31.06800079345703
DA170,2019-11-29,,99.5
DA170,2019-11-29,,107.6205978393555
DA171,2019-11-15,11:50,49.75
DA171,2019-11-15,17:27,53.81029891967773
DA171,2019-11-15,21:45,0.0
DA171,2019-11-16,08:00,8.333999633789062
DA171,2019-11-16,12:00,49.34469985961914
DA171,2019-11-16,17:00,18.20865058898926
DA171,2019-11-16,20:16,0.0
DA171,2019-11-17,6:45,0.0
DA171,2019-11-17,12:00,16.6247501373291
DA171,2019-11-17,17:00,38.33399963378906
DA171,2019-11-17,20:00,0.0
DA171,2019-11-18,8:30,8.333999633789062
DA171,2019-11-18,12:50,16.29195022583008
DA171,2019-11-18,17:00,31.06257438659668
DA171,2019-11-18,19:19,0.0
DA171,2019-11-19,6:30,4.166999816894531
DA171,2019-11-19,12:15,19.16699981689453
DA171,2019-11-19,17:49,3.333400011062622
DA171,2019-11-20,,14.76650047302246
DA171,2019-11-20,,22.5476245880127
DA171,2019-11-20,,19.16699981689453
DA171,2019-11-25,,8.333999633789062
DA171,2019-11-25,,0.0
DA171,2019-11-25,,21.92432594299316
DA171,2019-11-25,,0.0
DA171,2019-11-26,,8.333999633789062
DA171,2019-11-26,,0.0
DA171,2019-11-26,,6.666800022125244
DA171,2019-11-26,,9.600000381469727
DA171,2019-11-27,,10.59949970245361
DA171,2019-11-27,,22.5476245880127
DA171,2019-11-27,,19.16699981689453
DA171,2019-11-27,,0.0
DA171,2019-11-28,,8.333999633789062
DA171,2019-11-28,,18.1838493347168
DA171,2019-11-28,,19.16699981689453
DA171,2019-11-28,,0.0
DA171,2019-11-29,,11.93400001525879
DA171,2019-11-29,,24.875
DA171,2019-11-29,,26.90514945983887
DA171,2019-11-29,,0.0
DA172,2019-11-15,12:22,131.4703979492188
DA172,2019-11-15,17:37,53.81029891967773
DA172,2019-11-16,8:22,8.333999633789062
DA172,2019-11-16,12:07,2.755000114440918
DA172,2019-11-16,17:00,21.92432594299316
DA172,2019-11-16,21:19,0.0
DA172,2019-11-17,6:00,0.0
DA172,2019-11-17,11:43,64.5542984008789
DA172,2019-11-17,16:37,19.16699981689453
DA172,2019-11-17,19:33,0.0
DA172,2019-11-18,7:45,16.83399963378906
DA172,2019-11-18,12:00,40.11637496948242
DA172,2019-11-18,17:00,21.92432594299316
DA172,2019-11-18,19:42,0.0
DA172,2019-11-19,7:22,0.0
DA172,2019-11-19,12:52,70.30439758300781
DA172,2019-11-19,17:00,0.0
DA172,2019-11-19,21:07,0.0
DA172,2019-11-20,7:22,31.79850006103516
DA172,2019-11-20,12:00,67.01957702636719
DA172,2019-11-20,17:00,57.50099945068359
DA172,2019-11-20,20:27,0.0
DA172,2019-11-21,08:00,1.0
DA172,2019-11-21,12:00,31.97039985656738
DA172,2019-11-21,17:00,38.33399963378906
DA172,2019-11-21,22:22,0.0
DA172,2019-11-22,8:17,11.36699962615967
DA172,2019-11-22,12:00,70.30439758300781
DA172,2019-11-22,16:07,43.84865188598633
DA172,2019-11-22,20:48,0.0
DA172,2019-11-23,8:02,8.333999633789062
DA172,2019-11-23,12:00,71.34609985351562
DA172,2019-11-23,17:00,50.17905044555664
DA172,2019-11-23,20:00,0.0
DA172,2019-11-24,,0.0
DA172,2019-11-24,,48.26234817504883
DA172,2019-11-24,,38.33399963378906
DA172,2019-11-25,,21.00099945068359
DA172,2019-11-25,,75.81905364990234
DA172,2019-11-25,,43.84865188598633
DA172,2019-11-25,,0.0
DA172,2019-11-26,,8.333999633789062
DA172,2019-11-26,,31.97039985656738
DA172,2019-11-26,,13.33360004425049
DA172,2019-11-26,,9.600000381469727
DA172,2019-11-27,,42.39799880981445
DA172,2019-11-27,,45.09524917602539
DA172,2019-11-27,,0.0
DA172,2019-11-28,,5.166999816894531
DA172,2019-11-28,,35.19982528686523
DA172,2019-11-28,,38.33399963378906
DA172,2019-11-28,,9.600000381469727
DA172,2019-11-29,,11.36699962615967
DA172,2019-11-29,,81.72039794921875
DA172,2019-11-29,,53.81029891967773
DA172,2019-11-29,,0.0
DA173,2019-11-15,11:24,49.75
DA173,2019-11-15,17:00,53.81029891967773
DA173,2019-11-15,19:10,0.0
DA173,2019-11-16,6:30,8.333999633789062
DA173,2019-11-16,12:00,26.3338508605957
DA173,2019-11-16,17:00,18.20865058898926
DA173,2019-11-16,20:17,0.0
DA173,2019-11-17,08:00,0.0
DA173,2019-11-17,12:00,16.6247501373291
DA173,2019-11-17,16:32,38.33399963378906
DA173,2019-11-17,21:04,0.0
DA173,2019-11-18,7:39,12.58399963378906
DA173,2019-11-18,12:47,16.29195022583008
DA173,2019-11-18,17:00,31.06257438659668
DA173,2019-11-18,20:31,0.0
DA173,2019-11-19,08:00,8.333999633789062
DA173,2019-11-19,12:00,19.16699981689453
DA173,2019-11-19,17:02,3.333400011062622
DA173,2019-11-20,6:30,14.76650047302246
DA173,2019-11-20,12:00,22.5476245880127
DA173,2019-11-20,17:00,19.16699981689453
DA173,2019-11-20,21:00,0.0
DA173,2019-11-21,08:00,8.833999633789062
DA173,2019-11-21,12:00,14.95442485809326
DA173,2019-11-21,17:10,19.16699981689453
DA173,2019-11-21,20:00,0.0
DA173,2019-11-22,7:51,11.93400001525879
DA173,2019-11-22,12:00,19.16699981689453
DA173,2019-11-22,17:00,21.92432594299316
DA173,2019-11-22,21:02,0.0
DA173,2019-11-23,6:32,8.333999633789062
DA173,2019-11-23,12:39,41.04555130004883
DA173,2019-11-23,17:00,9.104325294494629
DA173,2019-11-23,20:15,0.0
DA173,2019-11-24,8:05,0.0
DA173,2019-11-24,12:39,16.6247501373291
DA173,2019-11-24,17:30,19.16699981689453
DA173,2019-11-24,20:00,0.0
DA173,2019-11-25,,12.58399963378906
DA173,2019-11-25,,0.0
DA173,2019-11-25,,21.92432594299316
DA173,2019-11-25,,0.0
DA173,2019-11-26,,8.333999633789062
DA173,2019-11-26,,0.0
DA173,2019-11-26,,6.666800022125244
DA173,2019-11-26,,9.600000381469727
DA173,2019-11-27,,14.76650047302246
DA173,2019-11-27,,22.5476245880127
DA173,2019-11-27,,19.16699981689453
DA173,2019-11-27,,0.0
DA173,2019-11-28,,8.833999633789062
DA173,2019-11-28,,18.1838493347168
DA173,2019-11-28,,19.16699981689453
DA173,2019-11-28,,0.0
DA173,2019-11-29,,11.93400001525879
DA173,2019-11-29,,24.875
DA173,2019-11-29,,26.90514945983887
DA173,2019-11-29,,0.0
DA174,2019-11-15,11:56,99.5
DA174,2019-11-15,17:56,107.6205978393555
DA174,2019-11-16,6:57,16.66799926757812
DA174,2019-11-16,11:34,92.04340362548828
DA174,2019-11-16,17:00,36.41730117797852
DA174,2019-11-16,19:11,0.0
DA174,2019-11-17,6:30,0.0
DA174,2019-11-17,12:00,32.91669845581055
DA174,2019-11-17,17:00,76.66799926757812
DA174,2019-11-18,6:41,21.08399963378906
DA174,2019-11-18,11:49,32.58390045166016
DA174,2019-11-18,17:51,105.9738006591797
DA174,2019-11-19,08:00,16.66799926757812
DA174,2019-11-19,12:00,76.66799926757812
DA174,2019-11-19,17:00,13.33360004425049
DA174,2019-11-20,08:00,38.23099899291992
DA174,2019-11-20,12:00,88.94390106201172
DA174,2019-11-20,17:00,76.66799926757812
DA174,2019-11-20,22:06,0.0
DA174,2019-11-21,7:41,17.66799926757812
DA174,2019-11-21,12:11,18.1838493347168
DA174,2019-11-21,17:04,76.66799926757812
DA174,2019-11-21,21:34,0.0
DA174,2019-11-22,7:49,15.53400039672852
DA174,2019-11-22,12:00,38.33399963378906
DA174,2019-11-22,17:00,87.69730377197266
DA174,2019-11-22,21:34,0.0
DA174,2019-11-23,7:26,16.66799926757812
DA174,2019-11-23,11:34,60.7333984375
DA174,2019-11-23,17:56,18.20865058898926
DA174,2019-11-23,21:34,0.0
DA174,2019-11-24,7:04,0.0
DA174,2019-11-24,12:00,32.91669845581055
DA174,2019-11-24,17:19,38.33399963378906
DA174,2019-11-24,20:11,0.0
DA174,2019-11-25,6:56,16.83399963378906
DA174,2019-11-25,12:26,11.02000045776367
DA174,2019-11-25,17:00,87.69730377197266
DA174,2019-11-25,21:34,0.0
DA174,2019-11-26,08:00,12.50100040435791
DA174,2019-11-26,12:00,0.0
DA174,2019-11-26,17:00,13.33360004425049
DA174,2019-11-26,20:26,9.600000381469727
DA174,2019-11-27,7:02,38.23099899291992
DA174,2019-11-27,12:00,6.756599903106689
DA174,2019-11-27,17:00,38.33399963378906
DA174,2019-11-27,19:21,0.0
DA174,2019-11-28,7:49,14.00100040435791
DA174,2019-11-28,12:26,14.95442485809326
DA174,2019-11-28,17:00,38.33399963378906
DA174,2019-11-28,19:06,9.600000381469727
DA174,2019-11-29,,19.13400077819824
DA174,2019-11-29,,49.75
DA174,2019-11-29,,80.71544647216797
DA174,2019-11-29,,0.0
DA175,2019-11-15,11:45,49.75
DA175,2019-11-15,17:00,53.81029891967773
DA175,2019-11-15,22:15,0.2841300070285797
DA175,2019-11-16,6:37,4.166999816894531
DA175,2019-11-16,13:00,26.3338508605957
DA175,2019-11-16,17:00,18.20865058898926
DA175,2019-11-16,20:15,0.0
DA175,2019-11-17,6:25,0.0
DA175,2019-11-17,11:37,16.6247501373291
DA175,2019-11-17,17:00,38.33399963378906
DA175,2019-11-17,21:34,0.0
DA175,2019-11-18,7:30,8.333999633789062
DA175,2019-11-18,13:00,16.29195022583008
DA175,2019-11-18,17:45,31.06257438659668
DA175,2019-11-18,20:45,0.0
DA175,2019-11-19,8:30,8.333999633789062
DA175,2019-11-19,12:00,38.33399963378906
DA175,2019-11-19,17:07,3.333400011062622
DA175,2019-11-19,21:45,0.0
DA175,2019-11-20,08:00,21.19899940490723
DA175,2019-11-20,12:00,22.5476245880127
DA175,2019-11-20,17:00,19.16699981689453
DA175,2019-11-20,20:49,0.0
DA175,2019-11-21,8:30,8.833999633789062
DA175,2019-11-21,12:15,14.95442485809326
DA175,2019-11-21,18:00,19.16699981689453
DA175,2019-11-21,21:30,0.0
DA175,2019-11-22,8:30,11.93400001525879
DA175,2019-11-22,12:22,19.16699981689453
DA175,2019-11-22,17:00,21.92432594299316
DA175,2019-11-22,23:00,0.0
DA175,2019-11-23,8:30,8.333999633789062
DA175,2019-11-23,12:24,60.7333984375
DA175,2019-11-23,18:00,9.104325294494629
DA175,2019-11-23,21:45,0.0
DA175,2019-11-24,9:00,0.0
DA175,2019-11-24,13:00,16.6247501373291
DA175,2019-11-24,17:00,19.16699981689453
DA175,2019-11-24,20:25,0.0
DA175,2019-11-25,08:00,8.333999633789062
DA175,2019-11-25,11:22,0.0
DA175,2019-11-25,18:00,21.92432594299316
DA175,2019-11-25,21:52,0.0
DA175,2019-11-26,08:00,8.333999633789062
DA175,2019-11-26,12:00,0.0
DA175,2019-11-26,17:00,6.666800022125244
DA175,2019-11-26,19:07,9.600000381469727
DA175,2019-11-27,7:37,14.76650047302246
DA175,2019-11-27,12:00,22.85927581787109
DA175,2019-11-27,17:00,19.16699981689453
DA175,2019-11-27,19:15,0.0
DA175,2019-11-28,08:00,8.833999633789062
DA175,2019-11-28,11:50,21.41327476501465
DA175,2019-11-28,17:45,19.16699981689453
DA175,2019-11-28,21:07,0.0
DA175,2019-11-29,,11.93400001525879
DA175,2019-11-29,,24.875
DA175,2019-11-29,,26.90514945983887
DA175,2019-11-29,,0.0
DA176,2019-11-15,11:46,49.75
DA176,2019-11-15,17:00,53.81029891967773
DA176,2019-11-15,22:09,0.0
DA176,2019-11-16,08:00,8.333999633789062
DA176,2019-11-16,12:00,39.37570190429688
DA176,2019-11-16,16:11,18.20865058898926
DA176,2019-11-16,21:20,0.0
DA176,2019-11-17,8:07,0.0
DA176,2019-11-17,12:00,16.29195022583008
DA176,2019-11-17,17:00,38.33399963378906
DA176,2019-11-17,20:27,0.0
DA176,2019-11-18,7:39,8.333999633789062
DA176,2019-11-18,12:00,16.29195022583008
DA176,2019-11-18,17:00,43.84865188598633
DA176,2019-11-18,20:50,0.0
DA176,2019-11-19,6:32,8.333999633789062
DA176,2019-11-19,12:00,38.33399963378906
DA176,2019-11-19,17:00,6.666800022125244
DA176,2019-11-19,20:32,0.0
DA176,2019-11-20,08:00,14.76650047302246
DA176,2019-11-20,12:00,22.5476245880127
DA176,2019-11-20,17:00,19.16699981689453
DA176,2019-11-20,19:43,0.0
DA176,2019-11-21,08:00,8.833999633789062
DA176,2019-11-21,12:28,3.229424953460693
DA176,2019-11-21,17:00,19.16699981689453
DA176,2019-11-21,22:39,0.0
DA176,2019-11-22,08:00,15.53400039672852
DA176,2019-11-22,11:46,19.16699981689453
DA176,2019-11-22,17:42,21.92432594299316
DA176,2019-11-22,21:42,0.0
DA176,2019-11-23,08:00,8.333999633789062
DA176,2019-11-23,12:43,19.68785095214844
DA176,2019-11-23,17:52,9.104325294494629
DA176,2019-11-23,21:02,0.0
DA176,2019-11-24,7:57,0.0
DA176,2019-11-24,12:00,8.145975112915039
DA176,2019-11-24,17:00,19.16699981689453
DA176,2019-11-24,20:26,0.0
DA176,2019-11-25,08:00,12.58399963378906
DA176,2019-11-25,12:22,0.0
DA176,2019-11-25,17:00,21.92432594299316
DA176,2019-11-25,19:22,0.0
DA176,2019-11-26,8:31,8.333999633789062
DA176,2019-11-26,12:00,0.0
DA176,2019-11-26,17:00,6.666800022125244
DA176,2019-11-26,21:57,9.600000381469727
DA176,2019-11-27,6:46,14.76650047302246
DA176,2019-11-27,12:00,22.85927581787109
DA176,2019-11-27,17:47,2.755000114440918
DA176,2019-11-27,20:00,0.0
DA176,2019-11-28,,8.833999633789062
DA176,2019-11-28,,9.688275337219238
DA176,2019-11-28,,19.16699981689453
DA176,2019-11-28,,0.0
DA176,2019-11-29,,11.93400001525879
DA176,2019-11-29,,24.875
DA176,2019-11-29,,26.90514945983887
DA176,2019-11-29,,0.0
DA177,2019-11-15,11:56,49.75
DA177,2019-11-15,17:56,53.81029891967773
DA177,2019-11-16,7:37,8.333999633789062
DA177,2019-11-16,12:00,26.3338508605957
DA177,2019-11-16,17:00,18.20865058898926
DA177,2019-11-17,8:05,0.0
DA177,2019-11-17,12:00,16.6247501373291
DA177,2019-11-17,17:00,38.33399963378906
DA177,2019-11-18,08:00,8.333999633789062
DA177,2019-11-18,12:00,16.29195022583008
DA177,2019-11-18,17:00,31.06257438659668
DA177,2019-11-18,22:18,0.0
DA177,2019-11-19,08:00,4.166999816894531
DA177,2019-11-19,12:11,19.16699981689453
DA177,2019-11-19,17:00,3.333400011062622
DA177,2019-11-20,6:56,21.19899940490723
DA177,2019-11-20,12:00,22.5476245880127
DA177,2019-11-20,17:00,19.16699981689453
DA177,2019-11-20,20:15,0.0
DA177,2019-11-21,7:44,8.833999633789062
DA177,2019-11-21,12:00,18.1838493347168
DA177,2019-11-21,17:00,19.16699981689453
DA177,2019-11-21,21:14,0.0
DA177,2019-11-22,7:48,11.93400001525879
DA177,2019-11-22,12:15,19.16699981689453
DA177,2019-11-22,16:56,21.92432594299316
DA177,2019-11-22,19:56,0.0
DA177,2019-11-23,8:11,8.333999633789062
DA177,2019-11-23,12:11,41.04555130004883
DA177,2019-11-23,17:00,9.104325294494629
DA177,2019-11-23,22:48,0.0
DA177,2019-11-24,7:30,0.0
DA177,2019-11-24,12:56,8.478775024414062
DA177,2019-11-24,17:56,19.16699981689453
DA177,2019-11-24,20:41,0.0
DA177,2019-11-25,08:00,12.58399963378906
DA177,2019-11-25,11:20,0.0
DA177,2019-11-25,17:00,21.92432594299316
DA177,2019-11-25,21:18,0.0
DA177,2019-11-26,08:00,8.333999633789062
DA177,2019-11-26,12:00,0.0
DA177,2019-11-26,17:00,6.666800022125244
DA177,2019-11-26,21:50,9.600000381469727
DA177,2019-11-27,8:26,14.76650047302246
DA177,2019-11-27,12:00,22.5476245880127
DA177,2019-11-27,17:00,19.16699981689453
DA177,2019-11-27,20:00,0.0
DA177,2019-11-28,08:00,8.833999633789062
DA177,2019-11-28,12:00,18.1838493347168
DA177,2019-11-28,17:56,19.16699981689453
DA177,2019-11-28,22:56,0.0
DA177,2019-11-29,,11.93400001525879
DA177,2019-11-29,,24.875
DA177,2019-11-29,,26.90514945983887
DA177,2019-11-29,,0.0
DA178,2019-11-15,12:18,49.75
DA178,2019-11-15,17:00,26.90514945983887
DA178,2019-11-16,8:18,8.333999633789062
DA178,2019-11-16,12:18,26.3338508605957
DA178,2019-11-16,17:00,18.20865058898926
DA178,2019-11-17,08:00,0.0
DA178,2019-11-17,12:00,16.6247501373291
DA178,2019-11-17,17:00,38.33399963378906
DA178,2019-11-18,08:00,12.58399963378906
DA178,2019-11-18,12:00,16.29195022583008
DA178,2019-11-18,17:48,31.06257438659668
DA178,2019-11-19,6:03,8.333999633789062
DA178,2019-11-19,12:00,19.16699981689453
DA178,2019-11-19,17:00,3.333400011062622
DA178,2019-11-20,08:00,14.76650047302246
DA178,2019-11-20,12:00,22.5476245880127
DA178,2019-11-20,17:00,19.16699981689453
DA178,2019-11-21,8:24,8.833999633789062
DA178,2019-11-21,12:18,14.95442485809326
DA178,2019-11-21,17:00,19.16699981689453
DA178,2019-11-21,19:14,0.0
DA178,2019-11-22,7:41,11.93400001525879
DA178,2019-11-22,12:19,19.16699981689453
DA178,2019-11-22,16:56,21.92432594299316
DA178,2019-11-22,21:41,0.0
DA178,2019-11-23,08:00,8.333999633789062
DA178,2019-11-23,12:00,41.04555130004883
DA178,2019-11-23,17:00,9.104325294494629
DA178,2019-11-24,8:48,0.0
DA178,2019-11-24,12:00,8.478775024414062
DA178,2019-11-24,17:00,19.16699981689453
DA178,2019-11-24,19:14,0.0
DA178,2019-11-25,8:18,12.58399963378906
DA178,2019-11-25,11:33,0.0
DA178,2019-11-25,17:00,21.92432594299316
DA178,2019-11-25,21:26,0.0
DA178,2019-11-26,08:00,8.333999633789062
DA178,2019-11-26,12:00,0.0
DA178,2019-11-26,17:00,6.666800022125244
DA178,2019-11-26,19:56,9.600000381469727
DA178,2019-11-27,7:26,14.76650047302246
DA178,2019-11-27,12:00,22.5476245880127
DA178,2019-11-27,17:00,19.16699981689453
DA178,2019-11-27,22:48,0.0
DA178,2019-11-28,8:09,8.833999633789062
DA178,2019-11-28,12:00,21.41327476501465
DA178,2019-11-28,16:56,19.16699981689453
DA178,2019-11-28,20:39,0.0
DA178,2019-11-29,,11.93400001525879
DA178,2019-11-29,,24.875
DA178,2019-11-29,,26.90514945983887
DA178,2019-11-29,,0.0
DA179,2019-11-15,12:00,99.5
DA179,2019-11-15,17:51,107.6205978393555
DA179,2019-11-15,19:51,0.0
DA179,2019-11-16,7:13,16.66799926757812
DA179,2019-11-16,12:00,92.04340362548828
DA179,2019-11-16,17:00,36.41730117797852
DA179,2019-11-16,19:26,0.0
DA179,2019-11-17,7:35,0.0
DA179,2019-11-17,12:58,32.91669845581055
DA179,2019-11-17,17:00,38.33399963378906
DA179,2019-11-17,20:09,0.0
DA179,2019-11-18,6:50,21.00099945068359
DA179,2019-11-18,11:13,32.58390045166016
DA179,2019-11-18,17:00,105.9738006591797
DA179,2019-11-19,7:35,8.333999633789062
DA179,2019-11-19,12:05,76.66799926757812
DA179,2019-11-19,17:00,13.33360004425049
DA179,2019-11-19,19:01,0.0
DA179,2019-11-20,7:35,42.39799880981445
DA179,2019-11-20,12:00,45.09524917602539
DA179,2019-11-20,17:00,76.66799926757812
DA179,2019-11-20,20:06,0.0
DA179,2019-11-21,7:13,2.0
DA179,2019-11-21,12:05,18.1838493347168
DA179,2019-11-21,17:00,38.33399963378906
DA179,2019-11-21,19:06,0.0
DA179,2019-11-22,08:00,22.73399925231934
DA179,2019-11-22,12:00,76.66799926757812
DA179,2019-11-22,17:00,43.84865188598633
DA179,2019-11-22,21:41,0.0
DA179,2019-11-23,7:28,16.66799926757812
DA179,2019-11-23,12:43,100.1091003417969
DA179,2019-11-23,17:13,36.41730117797852
DA179,2019-11-23,20:36,0.0
DA179,2019-11-24,7:39,0.0
DA179,2019-11-24,12:00,32.91669845581055
DA179,2019-11-24,17:00,76.66799926757812
DA179,2019-11-25,08:00,25.16799926757812
DA179,2019-11-25,12:00,8.265000343322754
DA179,2019-11-25,17:21,87.69730377197266
DA179,2019-11-25,21:51,0.0
DA179,2019-11-26,7:35,12.50100040435791
DA179,2019-11-26,12:00,0.0
DA179,2019-11-26,17:00,13.33360004425049
DA179,2019-11-26,20:21,0.0
DA179,2019-11-27,08:00,34.06399917602539
DA179,2019-11-27,12:00,12.26659965515137
DA179,2019-11-27,16:00,38.33399963378906
DA179,2019-11-27,21:06,0.0
DA179,2019-11-28,08:00,18.16799926757812
DA179,2019-11-28,12:00,18.1838493347168
DA179,2019-11-28,17:51,38.33399963378906
DA179,2019-11-28,21:41,9.600000381469727
DA179,2019-11-29,,18.5669994354248
DA179,2019-11-29,,49.75
DA179,2019-11-29,,107.6205978393555
DA179,2019-11-29,,0.0
DA180,2019-11-15,11:54,49.75
DA180,2019-11-15,16:53,26.90514945983887
DA180,2019-11-16,08:00,8.333999633789062
DA180,2019-11-16,12:00,46.02170181274414
DA180,2019-11-16,17:00,18.20865058898926
DA180,2019-11-17,7:04,0.0
DA180,2019-11-17,12:00,16.6247501373291
DA180,2019-11-17,17:00,38.33399963378906
DA180,2019-11-18,08:00,12.58399963378906
DA180,2019-11-18,12:00,16.29195022583008
DA180,2019-11-18,17:00,31.06257438659668
DA180,2019-11-19,7:09,8.333999633789062
DA180,2019-11-19,12:24,38.33399963378906
DA180,2019-11-19,17:00,3.333400011062622
DA180,2019-11-20,8:24,14.76650047302246
DA180,2019-11-20,12:00,22.5476245880127
DA180,2019-11-20,17:00,19.16699981689453
DA180,2019-11-20,22:08,0.0
DA180,2019-11-21,8:24,8.833999633789062
DA180,2019-11-21,12:54,18.1838493347168
DA180,2019-11-21,17:00,19.16699981689453
DA180,2019-11-21,20:03,0.0
DA180,2019-11-22,7:46,11.93400001525879
DA180,2019-11-22,11:01,19.16699981689453
DA180,2019-11-22,17:00,21.92432594299316
DA180,2019-11-22,21:08,0.0
DA180,2019-11-23,6:46,8.333999633789062
DA180,2019-11-23,12:00,41.04555130004883
DA180,2019-11-23,17:16,9.104325294494629
DA180,2019-11-23,22:01,0.0
DA180,2019-11-24,08:00,0.0
DA180,2019-11-24,11:34,8.478775024414062
DA180,2019-11-24,17:48,19.16699981689453
DA180,2019-11-24,21:33,0.0
DA180,2019-11-25,8:24,12.58399963378906
DA180,2019-11-25,12:00,0.0
DA180,2019-11-25,17:00,21.92432594299316
DA180,2019-11-25,22:08,0.0
DA180,2019-11-26,08:00,8.333999633789062
DA180,2019-11-26,12:24,0.0
DA180,2019-11-26,17:00,6.666800022125244
DA180,2019-11-26,20:28,9.600000381469727
DA180,2019-11-27,08:00,14.76650047302246
DA180,2019-11-27,12:00,22.5476245880127
DA180,2019-11-27,17:00,19.16699981689453
DA180,2019-11-27,21:23,0.0
DA180,2019-11-28,08:00,8.833999633789062
DA180,2019-11-28,11:24,18.1838493347168
DA180,2019-11-28,17:00,19.16699981689453
DA180,2019-11-28,21:23,0.0
DA180,2019-11-29,,11.93400001525879
DA180,2019-11-29,,24.875
DA180,2019-11-29,,26.90514945983887
DA180,2019-11-29,,0.0
DA181,2019-11-15,11:58,49.75
DA181,2019-11-15,17:57,26.90514945983887
DA181,2019-11-15,21:20,0.0
DA181,2019-11-16,7:28,8.333999633789062
DA181,2019-11-16,12:00,26.3338508605957
DA181,2019-11-16,17:00,18.20865058898926
DA181,2019-11-16,22:57,0.0
DA181,2019-11-17,7:05,0.0
DA181,2019-11-17,12:37,16.6247501373291
DA181,2019-11-17,17:00,38.33399963378906
DA181,2019-11-17,19:27,0.0
DA181,2019-11-18,7:43,12.58399963378906
DA181,2019-11-18,12:00,16.29195022583008
DA181,2019-11-18,17:00,31.06257438659668
DA181,2019-11-18,21:27,0.0
DA181,2019-11-19,7:20,8.333999633789062
DA181,2019-11-19,12:13,19.16699981689453
DA181,2019-11-19,17:00,3.333400011062622
DA181,2019-11-19,20:27,0.0
DA181,2019-11-20,7:17,14.76650047302246
DA181,2019-11-20,12:00,22.5476245880127
DA181,2019-11-20,16:52,19.16699981689453
DA181,2019-11-20,21:50,0.0
DA181,2019-11-21,08:00,8.833999633789062
DA181,2019-11-21,11:07,14.95442485809326
DA181,2019-11-21,17:57,19.16699981689453
DA181,2019-11-21,22:05,0.0
DA181,2019-11-22,08:00,11.93400001525879
DA181,2019-11-22,12:00,19.16699981689453
DA181,2019-11-22,16:07,21.92432594299316
DA181,2019-11-22,21:50,0.0
DA181,2019-11-23,7:28,8.333999633789062
DA181,2019-11-23,12:00,41.04555130004883
DA181,2019-11-23,17:00,9.104325294494629
DA181,2019-11-23,20:37,0.0
DA181,2019-11-24,08:00,0.0
DA181,2019-11-24,12:00,8.478775024414062
DA181,2019-11-24,16:22,19.16699981689453
DA181,2019-11-24,21:57,0.0
DA181,2019-11-25,08:00,12.58399963378906
DA181,2019-11-25,12:00,0.0
DA181,2019-11-25,16:35,21.92432594299316
DA181,2019-11-25,21:52,0.0
DA181,2019-11-26,6:42,8.333999633789062
DA181,2019-11-26,12:28,0.0
DA181,2019-11-26,16:48,6.666800022125244
DA181,2019-11-26,21:42,9.600000381469727
DA181,2019-11-27,7:35,14.76650047302246
DA181,2019-11-27,12:00,22.85927581787109
DA181,2019-11-27,17:00,19.16699981689453
DA181,2019-11-27,20:37,0.0
DA181,2019-11-28,08:00,8.833999633789062
DA181,2019-11-28,12:00,18.1838493347168
DA181,2019-11-28,17:12,19.16699981689453
DA181,2019-11-28,22:12,0.0
DA181,2019-11-29,8:28,11.93400001525879
DA181,2019-11-29,12:00,24.875
DA181,2019-11-29,17:00,26.90514945983887
DA181,2019-11-29,20:00,0.0
DA182,2019-11-15,11:58,0.0
DA182,2019-11-15,17:00,107.6205978393555
DA182,2019-11-16,7:13,16.66799926757812
DA182,2019-11-16,12:00,85.39739990234375
DA182,2019-11-16,17:00,36.41730117797852
DA182,2019-11-17,08:00,0.0
DA182,2019-11-17,12:00,16.6247501373291
DA182,2019-11-17,17:00,0.0
DA182,2019-11-18,7:59,12.58399963378906
DA182,2019-11-18,12:00,16.29195022583008
DA182,2019-11-18,17:48,79.4803466796875
DA182,2019-11-19,8:09,8.333999633789062
DA182,2019-11-19,12:36,57.50099945068359
DA182,2019-11-19,17:00,6.666800022125244
DA182,2019-11-20,6:29,21.19899940490723
DA182,2019-11-20,11:43,45.09524917602539
DA182,2019-11-20,17:29,38.33399963378906
DA182,2019-11-21,8:09,5.166999816894531
DA182,2019-11-21,12:00,18.1838493347168
DA182,2019-11-21,17:00,19.16699981689453
DA182,2019-11-21,19:55,0.0
DA182,2019-11-22,7:21,11.36699962615967
DA182,2019-11-22,11:53,38.33399963378906
DA182,2019-11-22,16:44,21.92432594299316
DA182,2019-11-23,7:06,8.333999633789062
DA182,2019-11-23,12:00,60.7333984375
DA182,2019-11-23,16:24,18.20865058898926
DA182,2019-11-23,20:29,0.0
DA182,2019-11-24,6:44,0.0
DA182,2019-11-24,12:08,16.6247501373291
DA182,2019-11-24,17:54,38.33399963378906
DA182,2019-11-25,7:28,12.58399963378906
DA182,2019-11-25,12:51,11.02000045776367
DA182,2019-11-25,17:59,65.7729721069336
DA182,2019-11-26,7:59,4.166999816894531
DA182,2019-11-26,12:00,0.0
DA182,2019-11-26,17:00,6.666800022125244
DA182,2019-11-26,19:51,9.600000381469727
DA182,2019-11-27,7:36,21.19899940490723
DA182,2019-11-27,12:00,6.756599903106689
DA182,2019-11-27,17:00,38.33399963378906
DA182,2019-11-27,19:18,0.0
DA182,2019-11-28,7:48,9.333999633789062
DA182,2019-11-28,12:58,18.1838493347168
DA182,2019-11-28,17:00,19.16699981689453
DA182,2019-11-28,19:51,19.20000076293945
DA182,2019-11-29,,18.5669994354248
DA182,2019-11-29,,49.75
DA182,2019-11-29,,53.81029891967773
DA183,2019-11-15,12:08,49.75
DA183,2019-11-15,17:00,53.81029891967773
DA183,2019-11-15,19:08,19.20000076293945
DA183,2019-11-16,7:23,8.333999633789062
DA183,2019-11-16,12:00,26.3338508605957
DA183,2019-11-16,17:00,18.20865058898926
DA183,2019-11-16,19:18,0.0
DA183,2019-11-17,11:27,16.6247501373291
DA183,2019-11-17,17:45,38.33399963378906
DA183,2019-11-18,7:23,12.58399963378906
DA183,2019-11-18,12:00,16.29195022583008
DA183,2019-11-18,17:00,31.06257438659668
DA183,2019-11-18,19:45,0.0
DA183,2019-11-19,8:12,4.166999816894531
DA183,2019-11-19,12:00,19.16699981689453
DA183,2019-11-19,17:08,3.333400011062622
DA183,2019-11-19,21:00,0.0
DA183,2019-11-20,8:16,14.76650047302246
DA183,2019-11-20,12:01,22.5476245880127
DA183,2019-11-20,17:00,19.16699981689453
DA183,2019-11-20,20:00,0.0
DA183,2019-11-21,,8.833999633789062
DA183,2019-11-21,,18.1838493347168
DA183,2019-11-21,,19.16699981689453
DA183,2019-11-21,,0.0
DA183,2019-11-22,,11.93400001525879
DA183,2019-11-22,,19.16699981689453
DA183,2019-11-22,,21.92432594299316
DA183,2019-11-25,,12.58399963378906
DA183,2019-11-25,,0.0
DA183,2019-11-25,,21.92432594299316
DA183,2019-11-25,,0.0
DA183,2019-11-26,,8.333999633789062
DA183,2019-11-26,,0.0
DA183,2019-11-26,,6.666800022125244
DA183,2019-11-26,,19.20000076293945
DA183,2019-11-27,,14.76650047302246
DA183,2019-11-27,,22.85927581787109
DA183,2019-11-27,,19.16699981689453
DA183,2019-11-27,,0.0
DA183,2019-11-28,,8.833999633789062
DA183,2019-11-28,,21.41327476501465
DA183,2019-11-28,,19.16699981689453
DA183,2019-11-28,,0.0
DA183,2019-11-29,,11.93400001525879
DA183,2019-11-29,,24.875
DA183,2019-11-29,,26.90514945983887
DA183,2019-11-29,,9.600000381469727
DA184,2019-11-15,11:48,49.75
DA184,2019-11-15,16:25,53.81029891967773
DA184,2019-11-15,21:03,0.0
DA184,2019-11-16,7:29,8.333999633789062
DA184,2019-11-16,12:00,46.02170181274414
DA184,2019-11-16,17:00,18.20865058898926
DA184,2019-11-17,08:00,0.0
DA184,2019-11-17,12:00,16.6247501373291
DA184,2019-11-17,17:00,38.33399963378906
DA184,2019-11-18,8:55,12.58399963378906
DA184,2019-11-18,12:48,16.29195022583008
DA184,2019-11-18,17:00,31.06257438659668
DA184,2019-11-18,19:51,0.0
DA184,2019-11-19,7:40,8.333999633789062
DA184,2019-11-19,12:55,19.16699981689453
DA184,2019-11-19,17:00,3.333400011062622
DA184,2019-11-19,19:06,0.0
DA184,2019-11-20,08:00,14.76650047302246
DA184,2019-11-20,12:00,22.5476245880127
DA184,2019-11-20,16:38,19.16699981689453
DA184,2019-11-20,20:23,0.0
DA184,2019-11-21,8:55,8.833999633789062
DA184,2019-11-21,12:48,18.1838493347168
DA184,2019-11-21,17:00,19.16699981689453
DA184,2019-11-21,20:03,0.0
DA184,2019-11-22,7:25,11.93400001525879
DA184,2019-11-22,12:00,19.16699981689453
DA184,2019-11-22,16:08,21.92432594299316
DA184,2019-11-23,8:18,8.333999633789062
DA184,2019-11-23,12:18,41.04555130004883
DA184,2019-11-23,17:48,9.104325294494629
DA184,2019-11-25,,8.333999633789062
DA184,2019-11-25,,0.0
DA184,2019-11-25,,21.92432594299316
DA184,2019-11-26,,8.333999633789062
DA184,2019-11-26,,0.0
DA184,2019-11-26,,6.666800022125244
DA184,2019-11-26,,9.600000381469727
DA184,2019-11-27,,14.76650047302246
DA184,2019-11-27,,22.85927581787109
DA184,2019-11-27,,19.16699981689453
DA184,2019-11-27,,0.0
DA184,2019-11-28,,8.833999633789062
DA184,2019-11-28,,21.41327476501465
DA184,2019-11-28,,19.16699981689453
DA184,2019-11-29,,11.93400001525879
DA184,2019-11-29,,24.875
DA184,2019-11-29,,26.90514945983887
DA185,2019-11-15,12:27,99.5
DA185,2019-11-15,17:49,107.6205978393555
DA185,2019-11-16,7:42,16.66799926757812
DA185,2019-11-16,12:00,92.04340362548828
DA185,2019-11-16,17:00,36.41730117797852
DA185,2019-11-16,19:07,0.0
DA185,2019-11-17,8:35,0.0
DA185,2019-11-17,12:00,32.91669845581055
DA185,2019-11-17,17:00,76.66799926757812
DA185,2019-11-17,19:34,0.0
DA185,2019-11-18,08:00,16.91699981689453
DA185,2019-11-18,11:35,32.58390045166016
DA185,2019-11-18,17:00,105.9738006591797
DA185,2019-11-18,21:19,0.0
DA185,2019-11-19,08:00,8.333999633789062
DA185,2019-11-19,12:00,76.66799926757812
DA185,2019-11-19,17:00,13.33360004425049
DA185,2019-11-19,19:49,0.0
DA185,2019-11-20,7:19,25.36599922180176
DA185,2019-11-20,12:00,67.01957702636719
DA185,2019-11-20,17:00,57.50099945068359
DA185,2019-11-20,20:40,0.0
DA185,2019-11-21,7:42,18.66799926757812
DA185,2019-11-21,12:00,18.1838493347168
DA185,2019-11-21,17:00,38.33399963378906
DA185,2019-11-21,20:04,0.0
DA185,2019-11-22,08:00,15.53400039672852
DA185,2019-11-22,11:30,38.33399963378906
DA185,2019-11-22,16:57,65.7729721069336
DA185,2019-11-22,21:19,0.0
DA185,2019-11-23,7:27,12.50100040435791
DA185,2019-11-23,12:57,80.42124938964844
DA185,2019-11-23,17:00,18.20865058898926
DA185,2019-11-23,20:00,0.0
DA185,2019-11-24,7:05,0.0
DA185,2019-11-24,12:00,24.77072525024414
DA185,2019-11-24,17:00,119.5839996337891
DA185,2019-11-25,8:20,12.58399963378906
DA185,2019-11-25,12:00,11.02000045776367
DA185,2019-11-25,17:00,43.84865188598633
DA185,2019-11-25,19:53,0.0
DA185,2019-11-26,7:27,0.0
DA185,2019-11-26,12:00,0.0
DA185,2019-11-26,17:00,13.33360004425049
DA185,2019-11-26,20:46,9.600000381469727
DA185,2019-11-27,8:50,21.19899940490723
DA185,2019-11-27,12:00,12.26659965515137
DA185,2019-11-27,17:55,76.66799926757812
DA185,2019-11-27,21:42,0.0
DA185,2019-11-28,6:49,13.50100040435791
DA185,2019-11-28,12:00,18.1838493347168
DA185,2019-11-28,16:34,38.33399963378906
DA185,2019-11-28,20:00,9.600000381469727
DA185,2019-11-29,,22.73399925231934
DA185,2019-11-29,,49.75
DA185,2019-11-29,,53.81029891967773
DA185,2019-11-29,,0.0
DA186,2019-11-15,12:13,74.625
DA186,2019-11-15,17:00,80.71544647216797
DA186,2019-11-16,08:00,8.333999633789062
DA186,2019-11-16,12:00,49.34469985961914
DA186,2019-11-16,17:00,27.31297492980957
DA186,2019-11-17,08:00,0.0
DA186,2019-11-17,12:00,16.45834922790527
DA186,2019-11-17,17:00,38.33399963378906
DA186,2019-11-18,8:54,8.333999633789062
DA186,2019-11-18,12:00,24.43792533874512
DA186,2019-11-18,17:06,62.12514877319336
DA186,2019-11-19,8:18,8.333999633789062
DA186,2019-11-19,11:58,57.50099945068359
DA186,2019-11-19,17:59,13.33360004425049
DA186,2019-11-20,7:10,21.19899940490723
DA186,2019-11-20,12:13,44.78359985351562
DA186,2019-11-20,17:00,38.33399963378906
DA186,2019-11-20,20:00,9.600000381469727
DA186,2019-11-21,08:00,5.166999816894531
DA186,2019-11-21,12:00,12.61952495574951
DA186,2019-11-21,17:00,38.33399963378906
DA186,2019-11-21,19:21,9.600000381469727
DA186,2019-11-22,8:58,15.53400039672852
DA186,2019-11-22,12:00,38.33399963378906
DA186,2019-11-22,17:29,65.7729721069336
DA186,2019-11-23,7:28,8.333999633789062
DA186,2019-11-23,12:00,55.39397430419922
DA186,2019-11-23,17:00,27.31297492980957
DA186,2019-11-24,08:00,0.0
DA186,2019-11-24,12:00,8.31237506866455
DA186,2019-11-24,16:36,160.2089996337891
DA186,2019-11-25,7:28,25.16799926757812
DA186,2019-11-25,12:51,0.0
DA186,2019-11-25,16:44,65.7729721069336
DA186,2019-11-26,6:43,12.50100040435791
DA186,2019-11-26,12:00,57.50099945068359
DA186,2019-11-26,17:00,13.33360004425049
DA186,2019-11-27,,25.36599922180176
DA186,2019-11-27,,67.01957702636719
DA186,2019-11-27,,57.50099945068359
DA186,2019-11-28,,13.50100040435791
DA186,2019-11-28,,21.71145057678223
DA186,2019-11-28,,57.50099945068359
DA186,2019-11-29,,15.53400039672852
DA186,2019-11-29,,74.625
DA186,2019-11-29,,53.81029891967773
DA187,2019-11-15,12:01,99.5
DA187,2019-11-15,17:00,80.71544647216797
DA187,2019-11-16,6:46,8.333999633789062
DA187,2019-11-16,12:00,88.72039794921875
DA187,2019-11-16,17:00,36.41730117797852
DA187,2019-11-17,08:00,0.0
DA187,2019-11-17,12:00,32.83349990844727
DA187,2019-11-17,17:00,76.66799926757812
DA187,2019-11-18,7:16,21.00099945068359
DA187,2019-11-18,12:00,32.58390045166016
DA187,2019-11-18,17:00,105.9738006591797
DA187,2019-11-19,6:38,12.50100040435791
DA187,2019-11-19,12:00,57.50099945068359
DA187,2019-11-19,17:00,13.33360004425049
DA187,2019-11-19,19:42,9.600000381469727
DA187,2019-11-20,08:00,31.79850006103516
DA187,2019-11-20,12:00,88.94390106201172
DA187,2019-11-20,16:30,76.66799926757812
DA187,2019-11-21,08:00,14.00100040435791
DA187,2019-11-21,12:00,21.71145057678223
DA187,2019-11-21,17:30,76.66799926757812
DA187,2019-11-21,21:50,9.600000381469727
DA187,2019-11-22,7:49,19.70100021362305
DA187,2019-11-22,12:00,57.50099945068359
DA187,2019-11-22,17:00,87.69730377197266
DA187,2019-11-23,7:31,12.50100040435791
DA187,2019-11-23,12:01,100.1091003417969
DA187,2019-11-23,17:00,36.41730117797852
DA187,2019-11-24,6:53,0.0
DA187,2019-11-24,12:00,32.83349990844727
DA187,2019-11-24,17:00,239.1679992675781
DA187,2019-11-25,,20.91799926757812
DA187,2019-11-25,,0.0
DA187,2019-11-25,,87.69730377197266
DA187,2019-11-26,,16.66799926757812
DA187,2019-11-26,,57.50099945068359
DA187,2019-11-26,,13.33360004425049
DA187,2019-11-27,,29.53300094604492
DA187,2019-11-27,,88.94390106201172
DA187,2019-11-27,,57.50099945068359
DA187,2019-11-28,,17.66799926757812
DA187,2019-11-28,,21.71145057678223
DA187,2019-11-28,,57.50099945068359
DA187,2019-11-29,,23.30100059509277
DA187,2019-11-29,,99.5
DA187,2019-11-29,,107.6205978393555
DA188,2019-11-15,11:48,99.5
DA188,2019-11-15,17:25,107.6205978393555
DA188,2019-11-16,08:00,8.333999633789062
DA188,2019-11-16,12:00,72.35555267333984
DA188,2019-11-16,16:58,36.41730117797852
DA188,2019-11-17,8:18,0.0
DA188,2019-11-17,12:58,24.68752479553223
DA188,2019-11-17,17:38,38.33399963378906
DA188,2019-11-18,7:18,8.333999633789062
DA188,2019-11-18,11:48,16.29195022583008
DA188,2019-11-18,17:00,84.04947662353516
DA188,2019-11-19,8:10,16.66799926757812
DA188,2019-11-19,12:00,57.50099945068359
DA188,2019-11-19,17:40,13.33360004425049
DA188,2019-11-19,22:03,9.600000381469727
DA188,2019-11-20,7:10,31.79850006103516
DA188,2019-11-20,11:48,67.01957702636719
DA188,2019-11-20,17:13,76.66799926757812
DA188,2019-11-21,7:47,9.333999633789062
DA188,2019-11-21,12:25,15.55077457427979
DA188,2019-11-21,17:33,57.50099945068359
DA188,2019-11-21,20:00,9.600000381469727
DA188,2019-11-22,08:00,15.53400039672852
DA188,2019-11-22,12:25,57.50099945068359
DA188,2019-11-22,17:00,65.7729721069336
DA188,2019-11-23,6:32,8.333999633789062
DA188,2019-11-23,12:00,80.42124938964844
DA188,2019-11-23,17:00,36.41730117797852
DA188,2019-11-24,7:10,0.0
DA188,2019-11-24,12:25,24.60432434082031
DA188,2019-11-24,17:03,198.5429992675781
DA188,2019-11-25,7:53,16.66799926757812
DA188,2019-11-25,12:58,0.0
DA188,2019-11-25,16:33,65.7729721069336
DA188,2019-11-26,08:00,8.333999633789062
DA188,2019-11-26,12:00,38.33399963378906
DA188,2019-11-26,17:48,6.666800022125244
DA188,2019-11-27,7:25,27.63150024414062
DA188,2019-11-27,12:03,45.09524917602539
DA188,2019-11-27,17:33,38.33399963378906
DA188,2019-11-28,7:17,13.00100040435791
DA188,2019-11-28,12:23,18.78019905090332
DA188,2019-11-28,17:33,57.50099945068359
DA188,2019-11-29,,19.70100021362305
DA188,2019-11-29,,99.5
DA188,2019-11-29,,80.71544647216797
DA189,2019-11-15,11:50,99.5
DA189,2019-11-15,17:00,107.6205978393555
DA189,2019-11-16,6:30,12.50100040435791
DA189,2019-11-16,12:00,92.04340362548828
DA189,2019-11-16,17:00,36.41730117797852
DA189,2019-11-17,08:00,0.0
DA189,2019-11-17,12:00,24.68752479553223
DA189,2019-11-17,17:00,76.66799926757812
DA189,2019-11-18,6:40,16.75099945068359
DA189,2019-11-18,11:50,32.58390045166016
DA189,2019-11-18,16:49,84.04947662353516
DA189,2019-11-19,08:00,12.50100040435791
DA189,2019-11-19,11:15,57.50099945068359
DA189,2019-11-19,17:00,13.33360004425049
DA189,2019-11-19,21:42,9.600000381469727
DA189,2019-11-20,08:00,21.19899940490723
DA189,2019-11-20,12:00,88.63224792480469
DA189,2019-11-20,17:19,57.50099945068359
DA189,2019-11-21,6:57,9.333999633789062
DA189,2019-11-21,12:00,15.84895038604736
DA189,2019-11-21,17:00,57.50099945068359
DA189,2019-11-21,20:04,9.600000381469727
DA189,2019-11-22,6:34,19.13400077819824
DA189,2019-11-22,11:50,57.50099945068359
DA189,2019-11-22,16:19,87.69730377197266
DA189,2019-11-23,08:00,12.50100040435791
DA189,2019-11-23,12:00,94.7696762084961
DA189,2019-11-23,17:19,36.41730117797852
DA189,2019-11-24,8:09,0.0
DA189,2019-11-24,12:57,24.68752479553223
DA189,2019-11-24,17:00,220.0010070800781
DA189,2019-11-25,7:57,12.50100040435791
DA189,2019-11-25,12:00,0.0
DA189,2019-11-25,17:19,65.7729721069336
DA189,2019-11-26,6:19,16.66799926757812
DA189,2019-11-26,12:20,57.50099945068359
DA189,2019-11-26,17:45,13.33360004425049
DA189,2019-11-27,7:12,25.36599922180176
DA189,2019-11-27,11:50,67.01957702636719
DA189,2019-11-27,16:27,57.50099945068359
DA189,2019-11-28,,17.66799926757812
DA189,2019-11-28,,24.6427001953125
DA189,2019-11-28,,38.33399963378906
DA189,2019-11-29,,19.70100021362305
DA189,2019-11-29,,74.625
DA189,2019-11-29,,107.6205978393555
DA190,2019-11-15,12:00,24.875
DA190,2019-11-15,17:07,107.6205978393555
DA190,2019-11-15,21:37,0.0
DA190,2019-11-16,8:37,8.333999633789062
DA190,2019-11-16,12:00,49.34469985961914
DA190,2019-11-16,16:56,18.20865058898926
DA190,2019-11-16,21:37,0.0
DA190,2019-11-17,8:57,0.0
DA190,2019-11-17,12:00,16.54154968261719
DA190,2019-11-17,17:00,57.50099945068359
DA190,2019-11-18,6:32,12.58399963378906
DA190,2019-11-18,12:00,16.29195022583008
DA190,2019-11-18,17:26,84.04947662353516
DA190,2019-11-18,21:44,0.0
DA190,2019-11-19,7:37,12.50100040435791
DA190,2019-11-19,12:01,38.33399963378906
DA190,2019-11-19,16:37,13.33360004425049
DA190,2019-11-19,22:14,9.600000381469727
DA190,2019-11-20,8:14,21.19899940490723
DA190,2019-11-20,12:00,45.09524917602539
DA190,2019-11-20,17:00,38.33399963378906
DA190,2019-11-21,08:00,9.333999633789062
DA190,2019-11-21,12:00,18.48202514648438
DA190,2019-11-21,16:07,57.50099945068359
DA190,2019-11-21,20:52,9.600000381469727
DA190,2019-11-22,08:00,23.30100059509277
DA190,2019-11-22,11:01,38.33399963378906
DA190,2019-11-22,17:52,65.7729721069336
DA190,2019-11-22,20:52,0.0
DA190,2019-11-23,7:42,12.50100040435791
DA190,2019-11-23,11:37,55.39397430419922
DA190,2019-11-23,17:37,9.104325294494629
DA190,2019-11-24,7:37,0.0
DA190,2019-11-24,12:37,16.54154968261719
DA190,2019-11-24,17:22,160.2089996337891
DA190,2019-11-25,7:07,20.91799926757812
DA190,2019-11-25,12:52,0.0
DA190,2019-11-25,17:00,43.84865188598633
DA190,2019-11-26,7:37,12.50100040435791
DA190,2019-11-26,12:57,57.50099945068359
DA190,2019-11-26,17:52,13.33360004425049
DA190,2019-11-27,7:37,29.53300094604492
DA190,2019-11-27,12:00,67.01957702636719
DA190,2019-11-27,17:37,76.66799926757812
DA190,2019-11-28,7:07,9.333999633789062
DA190,2019-11-28,12:00,21.71145057678223
DA190,2019-11-28,17:52,57.50099945068359
DA190,2019-11-29,7:37,19.70100021362305
DA190,2019-11-29,12:00,74.625
DA190,2019-11-29,17:00,107.6205978393555
DA191,2019-11-15,12:37,49.75
DA191,2019-11-15,17:22,53.81029891967773
DA191,2019-11-16,7:52,8.333999633789062
DA191,2019-11-16,12:00,69.03254699707031
DA191,2019-11-16,17:00,18.20865058898926
DA191,2019-11-17,8:43,0.0
DA191,2019-11-17,12:00,24.60432434082031
DA191,2019-11-17,16:56,57.50099945068359
DA191,2019-11-18,08:00,12.50100040435791
DA191,2019-11-18,12:00,16.29195022583008
DA191,2019-11-18,16:30,79.4803466796875
DA191,2019-11-19,7:52,12.50100040435791
DA191,2019-11-19,12:00,76.66799926757812
DA191,2019-11-19,17:48,10.00020027160645
DA191,2019-11-19,22:00,9.600000381469727
DA191,2019-11-20,08:00,25.36599922180176
DA191,2019-11-20,11:02,67.01957702636719
DA191,2019-11-20,16:30,57.50099945068359
DA191,2019-11-21,7:47,9.333999633789062
DA191,2019-11-21,12:52,12.61952495574951
DA191,2019-11-21,17:37,57.50099945068359
DA191,2019-11-21,20:48,9.600000381469727
DA191,2019-11-22,7:22,7.767000198364258
DA191,2019-11-22,12:07,57.50099945068359
DA191,2019-11-22,17:12,87.69730377197266
DA191,2019-11-23,6:37,8.333999633789062
DA191,2019-11-23,12:30,94.7696762084961
DA191,2019-11-23,17:00,27.31297492980957
DA191,2019-11-24,08:00,0.0
DA191,2019-11-24,12:00,24.60432434082031
DA191,2019-11-24,17:37,220.0010070800781
DA191,2019-11-25,7:07,25.16799926757812
DA191,2019-11-25,12:30,0.0
DA191,2019-11-25,17:00,87.69730377197266
DA191,2019-11-26,7:07,16.66799926757812
DA191,2019-11-26,12:22,57.50099945068359
DA191,2019-11-26,16:52,13.33360004425049
DA191,2019-11-27,7:52,35.96549987792969
DA191,2019-11-27,12:00,45.09524917602539
DA191,2019-11-27,17:00,76.66799926757812
DA191,2019-11-28,7:07,13.50100040435791
DA191,2019-11-28,13:00,24.6427001953125
DA191,2019-11-28,17:22,57.50099945068359
DA191,2019-11-29,,15.53400039672852
DA191,2019-11-29,,49.75
DA191,2019-11-29,,80.71544647216797
DA192,2019-11-15,11:54,49.75
DA192,2019-11-15,17:40,80.71544647216797
DA192,2019-11-16,8:35,8.333999633789062
DA192,2019-11-16,12:00,69.03254699707031
DA192,2019-11-16,17:00,27.31297492980957
DA192,2019-11-17,7:09,0.0
DA192,2019-11-17,11:39,16.45834922790527
DA192,2019-11-17,17:58,57.50099945068359
DA192,2019-11-18,6:19,8.333999633789062
DA192,2019-11-18,12:00,24.43792533874512
DA192,2019-11-18,17:00,62.12514877319336
DA192,2019-11-19,08:00,12.50100040435791
DA192,2019-11-19,11:09,57.50099945068359
DA192,2019-11-19,17:00,6.666800022125244
DA192,2019-11-19,22:25,9.600000381469727
DA192,2019-11-20,6:25,21.19899940490723
DA192,2019-11-20,12:00,88.63224792480469
DA192,2019-11-20,17:00,38.33399963378906
DA192,2019-11-21,7:55,9.333999633789062
DA192,2019-11-21,11:39,9.39009952545166
DA192,2019-11-21,17:00,38.33399963378906
DA192,2019-11-21,20:00,9.600000381469727
DA192,2019-11-22,,15.53400039672852
DA192,2019-11-22,,38.33399963378906
DA192,2019-11-22,,65.7729721069336
DA192,2019-11-23,,12.50100040435791
DA192,2019-11-23,,75.08182525634766
DA192,2019-11-23,,27.31297492980957
DA192,2019-11-24,,0.0
DA192,2019-11-24,,16.37515068054199
DA192,2019-11-24,,239.1679992675781
DA192,2019-11-25,,25.16799926757812
DA192,2019-11-25,,0.0
DA192,2019-11-25,,65.7729721069336
DA192,2019-11-26,,12.50100040435791
DA192,2019-11-26,,76.66799926757812
DA192,2019-11-26,,13.33360004425049
DA192,2019-11-27,,35.96549987792969
DA192,2019-11-27,,88.94390106201172
DA192,2019-11-27,,76.66799926757812
DA192,2019-11-28,,18.16799926757812
DA192,2019-11-28,,24.6427001953125
DA192,2019-11-28,,57.50099945068359
DA192,2019-11-29,,16.10099983215332
DA192,2019-11-29,,99.5
DA192,2019-11-29,,107.6205978393555
DA194,2019-11-15,11:41,74.625
DA194,2019-11-15,17:11,80.71544647216797
DA194,2019-11-16,7:41,8.333999633789062
DA194,2019-11-16,12:19,52.66770172119141
DA194,2019-11-16,17:00,27.31297492980957
DA194,2019-11-17,08:00,0.0
DA194,2019-11-17,12:00,16.45834922790527
DA194,2019-11-17,17:00,38.33399963378906
DA194,2019-11-18,7:19,4.166999816894531
DA194,2019-11-18,11:11,24.43792533874512
DA194,2019-11-18,17:00,62.12514877319336
DA194,2019-11-19,08:00,8.333999633789062
DA194,2019-11-19,11:41,57.50099945068359
DA194,2019-11-19,17:49,13.33360004425049
DA194,2019-11-19,22:11,9.600000381469727
DA194,2019-11-20,8:56,25.36599922180176
DA194,2019-11-20,12:00,67.01957702636719
DA194,2019-11-20,17:00,38.33399963378906
DA194,2019-11-21,7:32,8.833999633789062
DA194,2019-11-21,11:46,12.61952495574951
DA194,2019-11-21,17:00,19.16699981689453
DA194,2019-11-21,19:56,9.600000381469727
DA194,2019-11-22,7:45,19.13400077819824
DA194,2019-11-22,12:00,38.33399963378906
DA194,2019-11-22,17:11,43.84865188598633
DA194,2019-11-23,08:00,12.50100040435791
DA194,2019-11-23,12:00,75.08182525634766
DA194,2019-11-23,17:56,18.20865058898926
DA194,2019-11-24,08:00,0.0
DA194,2019-11-24,12:00,16.45834922790527
DA194,2019-11-24,16:34,220.0010070800781
DA194,2019-11-25,8:46,4.166999816894531
DA194,2019-11-25,12:00,0.0
DA194,2019-11-25,17:00,65.7729721069336
DA194,2019-11-26,7:57,8.333999633789062
DA194,2019-11-26,12:56,76.66799926757812
DA194,2019-11-26,17:21,6.666800022125244
DA194,2019-11-27,7:19,31.79850006103516
DA194,2019-11-27,11:11,88.94390106201172
DA194,2019-11-27,17:00,57.50099945068359
DA194,2019-11-28,7:12,14.00100040435791
DA194,2019-11-28,12:41,18.78019905090332
DA194,2019-11-28,17:41,57.50099945068359
DA194,2019-11-29,,19.70100021362305
DA194,2019-11-29,,74.625
DA194,2019-11-29,,107.6205978393555
DA195,2019-11-15,11:43,74.625
DA195,2019-11-15,17:00,80.71544647216797
DA195,2019-11-16,6:16,8.333999633789062
DA195,2019-11-16,12:28,72.35555267333984
DA195,2019-11-16,17:00,27.31297492980957
DA195,2019-11-17,08:00,0.0
DA195,2019-11-17,12:00,16.45834922790527
DA195,2019-11-17,17:00,57.50099945068359
DA195,2019-11-18,8:47,16.83399963378906
DA195,2019-11-18,12:00,16.29195022583008
DA195,2019-11-18,17:57,84.04947662353516
DA195,2019-11-19,8:58,8.333999633789062
DA195,2019-11-19,12:00,38.33399963378906
DA195,2019-11-19,16:48,10.00020027160645
DA195,2019-11-19,22:07,9.600000381469727
DA195,2019-11-20,6:27,21.19899940490723
DA195,2019-11-20,12:00,67.01957702636719
DA195,2019-11-20,17:00,57.50099945068359
DA195,2019-11-21,7:13,9.333999633789062
DA195,2019-11-21,12:43,15.55077457427979
DA195,2019-11-21,17:12,38.33399963378906
DA195,2019-11-21,21:57,9.600000381469727
DA195,2019-11-22,08:00,19.70100021362305
DA195,2019-11-22,12:00,38.33399963378906
DA195,2019-11-22,17:00,43.84865188598633
DA195,2019-11-23,8:28,8.333999633789062
DA195,2019-11-23,12:28,55.39397430419922
DA195,2019-11-23,17:00,18.20865058898926
DA195,2019-11-24,8:28,0.0
DA195,2019-11-24,12:43,16.45834922790527
DA195,2019-11-24,16:05,220.0010070800781
DA195,2019-11-25,7:05,16.75099945068359
DA195,2019-11-25,12:35,0.0
DA195,2019-11-25,17:00,65.7729721069336
DA195,2019-11-26,08:00,12.50100040435791
DA195,2019-11-26,12:50,57.50099945068359
DA195,2019-11-26,17:22,10.00020027160645
DA195,2019-11-27,08:00,27.63150024414062
DA195,2019-11-27,12:00,67.01957702636719
DA195,2019-11-27,17:18,57.50099945068359
DA195,2019-11-28,7:05,13.50100040435791
DA195,2019-11-28,12:52,18.78019905090332
DA195,2019-11-28,17:00,57.50099945068359
DA195,2019-11-29,6:43,15.53400039672852
DA195,2019-11-29,12:00,74.625
DA195,2019-11-29,17:00,80.71544647216797
DA197,2019-11-15,12:01,49.75
DA197,2019-11-15,18:00,80.71544647216797
DA197,2019-11-16,08:00,8.333999633789062
DA197,2019-11-16,12:00,72.35555267333984
DA197,2019-11-16,17:00,9.104325294494629
DA197,2019-11-17,08:00,0.0
DA197,2019-11-17,12:00,24.60432434082031
DA197,2019-11-17,17:45,57.50099945068359
DA197,2019-11-18,08:00,8.333999633789062
DA197,2019-11-18,12:00,16.29195022583008
DA197,2019-11-18,17:15,62.12514877319336
DA197,2019-11-19,08:00,8.333999633789062
DA197,2019-11-19,12:00,57.50099945068359
DA197,2019-11-19,16:00,13.33360004425049
DA197,2019-11-19,20:34,9.600000381469727
DA197,2019-11-20,7:31,14.76650047302246
DA197,2019-11-20,12:00,67.01957702636719
DA197,2019-11-20,17:56,38.33399963378906
DA197,2019-11-21,7:08,4.166999816894531
DA197,2019-11-21,12:00,15.55077457427979
DA197,2019-11-21,17:00,38.33399963378906
DA197,2019-11-21,20:15,9.600000381469727
DA197,2019-11-22,08:00,11.93400001525879
DA197,2019-11-22,12:00,38.33399963378906
DA197,2019-11-22,17:45,43.84865188598633
DA197,2019-11-23,08:00,8.333999633789062
DA197,2019-11-23,11:16,80.42124938964844
DA197,2019-11-23,17:49,27.31297492980957
DA197,2019-11-24,7:46,0.0
DA197,2019-11-24,12:23,16.45834922790527
DA197,2019-11-24,16:26,220.0010070800781
DA197,2019-11-25,8:16,12.50100040435791
DA197,2019-11-25,12:00,0.0
DA197,2019-11-25,17:45,65.7729721069336
DA197,2019-11-26,8:01,8.333999633789062
DA197,2019-11-26,12:00,57.50099945068359
DA197,2019-11-26,17:50,6.666800022125244
DA197,2019-11-27,7:16,25.36599922180176
DA197,2019-11-27,12:00,67.01957702636719
DA197,2019-11-27,17:00,38.33399963378906
DA197,2019-11-28,08:00,13.00100040435791
DA197,2019-11-28,11:42,18.78019905090332
DA197,2019-11-28,16:30,57.50099945068359
DA197,2019-11-29,,16.10099983215332
DA197,2019-11-29,,74.625
DA197,2019-11-29,,107.6205978393555
DA198,2019-11-15,11:46,74.625
DA198,2019-11-15,17:17,80.71544647216797
DA198,2019-11-16,08:00,12.50100040435791
DA198,2019-11-16,11:46,59.06354904174805
DA198,2019-11-16,17:00,18.20865058898926
DA198,2019-11-17,8:42,0.0
DA198,2019-11-17,12:00,24.43792533874512
DA198,2019-11-17,17:00,57.50099945068359
DA198,2019-11-18,6:07,16.83399963378906
DA198,2019-11-18,12:00,16.29195022583008
DA198,2019-11-18,17:52,65.7729721069336
DA198,2019-11-19,8:57,8.333999633789062
DA198,2019-11-19,12:00,57.50099945068359
DA198,2019-11-19,17:00,13.33360004425049
DA198,2019-11-19,20:37,9.600000381469727
DA198,2019-11-20,8:26,27.63150024414062
DA198,2019-11-20,12:00,67.01957702636719
DA198,2019-11-20,17:00,57.50099945068359
DA198,2019-11-21,7:31,9.333999633789062
DA198,2019-11-21,12:00,9.688275337219238
DA198,2019-11-21,17:00,57.50099945068359
DA198,2019-11-21,19:17,9.600000381469727
DA198,2019-11-22,08:00,15.53400039672852
DA198,2019-11-22,12:16,38.33399963378906
DA198,2019-11-22,17:17,65.7729721069336
DA198,2019-11-23,8:12,8.333999633789062
DA198,2019-11-23,12:00,59.06354904174805
DA198,2019-11-23,17:00,27.31297492980957
DA198,2019-11-24,8:01,0.0
DA198,2019-11-24,12:00,24.43792533874512
DA198,2019-11-24,17:00,200.8339996337891
DA198,2019-11-25,7:31,12.58399963378906
DA198,2019-11-25,12:00,0.0
DA198,2019-11-25,17:00,43.84865188598633
DA198,2019-11-26,7:46,12.50100040435791
DA198,2019-11-26,12:12,38.33399963378906
DA198,2019-11-26,16:47,6.666800022125244
DA198,2019-11-27,08:00,25.36599922180176
DA198,2019-11-27,12:31,67.01957702636719
DA198,2019-11-27,17:37,57.50099945068359
DA198,2019-11-28,7:31,13.50100040435791
DA198,2019-11-28,12:31,15.55077457427979
DA198,2019-11-28,17:02,57.50099945068359
DA198,2019-11-29,,27.4680004119873
DA198,2019-11-29,,99.5
DA198,2019-11-29,,80.71544647216797
DA199,2019-11-15,11:48,49.75
DA199,2019-11-15,16:38,80.71544647216797
DA199,2019-11-16,08:00,8.333999633789062
DA199,2019-11-16,12:00,69.03254699707031
DA199,2019-11-16,16:10,18.20865058898926
DA199,2019-11-17,08:00,0.0
DA199,2019-11-17,12:48,24.60432434082031
DA199,2019-11-17,17:33,57.50099945068359
DA199,2019-11-18,7:10,8.333999633789062
DA199,2019-11-18,12:00,16.29195022583008
DA199,2019-11-18,17:03,84.04947662353516
DA199,2019-11-19,6:17,8.333999633789062
DA199,2019-11-19,12:25,57.50099945068359
DA199,2019-11-19,17:00,10.00020027160645
DA199,2019-11-19,20:00,9.600000381469727
DA199,2019-11-20,7:37,14.76650047302246
DA199,2019-11-20,12:00,67.01957702636719
DA199,2019-11-20,17:00,57.50099945068359
DA199,2019-11-21,08:00,4.666999816894531
DA199,2019-11-21,12:00,15.55077457427979
DA199,2019-11-21,17:00,38.33399963378906
DA199,2019-11-21,21:10,9.600000381469727
DA199,2019-11-22,7:32,19.70100021362305
DA199,2019-11-22,11:48,57.50099945068359
DA199,2019-11-22,17:00,65.7729721069336
DA199,2019-11-23,08:00,8.333999633789062
DA199,2019-11-23,12:00,80.42124938964844
DA199,2019-11-23,17:00,18.20865058898926
DA199,2019-11-24,08:00,0.0
DA199,2019-11-24,12:00,16.45834922790527
DA199,2019-11-24,17:00,200.8339996337891
DA199,2019-11-25,7:02,12.58399963378906
DA199,2019-11-25,12:33,0.0
DA199,2019-11-25,17:00,65.7729721069336
DA199,2019-11-26,8:02,8.333999633789062
DA199,2019-11-26,12:00,57.50099945068359
DA199,2019-11-26,17:00,10.00020027160645
DA199,2019-11-27,6:17,31.79850006103516
DA199,2019-11-27,12:55,45.09524917602539
DA199,2019-11-27,17:33,0.0
DA199,2019-11-28,08:00,9.333999633789062
DA199,2019-11-28,12:00,18.48202514648438
DA199,2019-11-28,16:55,38.33399963378906
DA199,2019-11-29,,15.53400039672852
DA199,2019-11-29,,74.625
DA199,2019-11-29,,80.71544647216797
DA200,2019-11-15,11:33,49.75
DA200,2019-11-15,16:41,80.71544647216797
DA200,2019-11-16,08:00,12.50100040435791
DA200,2019-11-16,12:00,59.06354904174805
DA200,2019-11-16,17:00,18.20865058898926
DA200,2019-11-16,20:22,0.0
DA200,2019-11-17,8:03,0.0
DA200,2019-11-17,12:00,24.43792533874512
DA200,2019-11-17,17:00,57.50099945068359
DA200,2019-11-18,08:00,8.333999633789062
DA200,2019-11-18,12:00,16.29195022583008
DA200,2019-11-18,17:00,43.84865188598633
DA200,2019-11-19,8:26,8.333999633789062
DA200,2019-11-19,12:00,38.33399963378906
DA200,2019-11-19,17:26,10.00020027160645
DA200,2019-11-19,20:00,9.600000381469727
DA200,2019-11-20,,21.19899940490723
DA200,2019-11-20,,67.01957702636719
DA200,2019-11-20,,76.66799926757812
DA200,2019-11-21,,9.333999633789062
DA200,2019-11-21,,12.91769981384277
DA200,2019-11-21,,57.50099945068359
DA200,2019-11-21,,9.600000381469727
DA200,2019-11-22,,23.30100059509277
DA200,2019-11-22,,38.33399963378906
DA200,2019-11-22,,65.7729721069336
DA200,2019-11-23,,12.50100040435791
DA200,2019-11-23,,39.37570190429688
DA200,2019-11-23,,36.41730117797852
DA200,2019-11-24,,0.0
DA200,2019-11-24,,32.58390045166016
DA200,2019-11-24,,220.0010070800781
DA200,2019-11-25,,12.50100040435791
DA200,2019-11-25,,0.0
DA200,2019-11-25,,87.69730377197266
DA200,2019-11-26,,12.50100040435791
DA200,2019-11-26,,57.50099945068359
DA200,2019-11-26,,13.33360004425049
DA200,2019-11-27,,31.79850006103516
DA200,2019-11-27,,67.01957702636719
DA200,2019-11-27,,57.50099945068359
DA200,2019-11-28,,13.50100040435791
DA200,2019-11-28,,12.91769981384277
DA200,2019-11-28,,57.50099945068359
DA200,2019-11-29,,19.70100021362305
DA200,2019-11-29,,49.75
DA200,2019-11-29,,80.71544647216797
