Sampleid,DAY,TIME,c_蛋白质克
DA001,2019-10-29,7:13,10.19668006896973
DA001,2019-10-29,11:35,61.12607955932617
DA001,2019-10-29,17:00,25.62582969665527
DA001,2019-10-29,19:16,7.051449775695801
DA001,2019-10-30,7:20,9.932680130004883
DA001,2019-10-30,12:43,10.533860206604
DA001,2019-10-30,17:00,13.91959953308105
DA001,2019-10-30,20:02,93.60174560546875
DA001,2019-10-31,08:00,11.95985984802246
DA001,2019-10-31,12:00,23.6294002532959
DA001,2019-10-31,16:13,23.99588012695312
DA001,2019-10-31,22:06,13.75174999237061
DA001,2019-11-01,8:50,19.10635948181152
DA001,2019-11-01,12:50,26.65480995178223
DA001,2019-11-01,17:36,19.12236022949219
DA001,2019-11-01,19:06,5.041749954223633
DA001,2019-11-10,7:50,8.37600040435791
DA001,2019-11-10,12:00,26.10856056213379
DA001,2019-11-10,17:36,31.38010025024414
DA001,2019-11-10,21:36,2.700000047683716
DA001,2019-11-11,,9.491680145263672
DA001,2019-11-11,,31.16848945617676
DA001,2019-11-11,,24.48077964782715
DA001,2019-11-12,,12.30683994293213
DA001,2019-11-12,,65.01347351074219
DA001,2019-11-02,7:20,12.31136035919189
DA001,2019-11-02,12:43,27.10454940795898
DA001,2019-11-02,17:00,13.48320960998535
DA001,2019-11-02,19:43,1.760265827178955
DA001,2019-11-03,8:05,5.478000164031982
DA001,2019-11-03,12:00,28.4648609161377
DA001,2019-11-03,17:00,15.34589958190918
DA001,2019-11-03,22:51,9.091750144958496
DA001,2019-11-04,12:00,24.05290031433105
DA001,2019-11-04,17:00,17.02444076538086
DA001,2019-11-04,20:02,18.38350105285645
DA001,2019-11-05,08:00,10.13167953491211
DA001,2019-11-05,12:00,55.26657867431641
DA001,2019-11-05,17:00,17.62412071228027
DA001,2019-11-06,8:05,12.41485977172852
DA001,2019-11-06,11:20,28.4648609161377
DA001,2019-11-06,17:36,13.90198993682861
DA001,2019-11-06,21:11,3.320000171661377
DA001,2019-11-07,6:58,1.425999999046326
DA001,2019-11-07,12:28,34.89355087280273
DA001,2019-11-07,17:00,38.72183990478516
DA001,2019-11-07,20:00,12.5859203338623
DA001,2019-11-08,8:43,19.10635948181152
DA001,2019-11-08,12:00,14.18894004821777
DA001,2019-11-08,17:00,10.533860206604
DA001,2019-11-08,21:58,3.172029972076416
DA001,2019-11-09,8:13,5.266930103302002
DA001,2019-11-09,12:05,58.41239166259766
DA001,2019-11-09,17:00,16.89213943481445
DA002,2019-10-29,08:00,7.411930084228516
DA002,2019-10-29,12:00,30.56303977966309
DA002,2019-10-29,17:16,12.81291484832764
DA002,2019-10-29,21:56,4.574999809265137
DA002,2019-10-30,8:01,15.00792980194092
DA002,2019-10-30,12:46,54.87593078613281
DA002,2019-10-30,17:00,6.959799766540527
DA002,2019-10-30,19:49,9.76675033569336
DA002,2019-10-31,08:00,5.611136913299561
DA002,2019-10-31,12:00,11.81470012664795
DA002,2019-10-31,17:26,11.99794006347656
DA002,2019-10-31,22:16,7.74174976348877
DA002,2019-11-01,08:00,13.83942985534668
DA002,2019-11-01,12:00,13.32740497589111
DA002,2019-11-01,17:41,9.561180114746094
DA002,2019-11-01,21:56,12.02470016479492
DA002,2019-11-10,08:00,5.688000202178955
DA002,2019-11-10,12:00,13.05428028106689
DA002,2019-11-10,17:41,15.69005012512207
DA002,2019-11-10,22:26,1.350000023841858
DA002,2019-11-11,,14.56692981719971
DA002,2019-11-11,,15.58424472808838
DA002,2019-11-11,,12.24038982391357
DA002,2019-11-11,,5.041749954223633
DA002,2019-11-12,,12.30683994293213
DA002,2019-11-12,,59.74654006958008
DA002,2019-11-02,7:57,7.044429779052734
DA002,2019-11-02,12:34,13.55227470397949
DA002,2019-11-02,17:00,6.741604804992676
DA002,2019-11-02,20:16,8.300000190734863
DA002,2019-11-03,08:00,13.95600032806396
DA002,2019-11-03,12:00,23.19792938232422
DA002,2019-11-03,16:16,7.67294979095459
DA002,2019-11-03,22:06,9.22499942779541
DA002,2019-11-04,7:22,15.80000019073486
DA002,2019-11-04,12:00,12.02645015716553
DA002,2019-11-04,17:00,8.51222038269043
DA002,2019-11-04,19:16,10.57499980926514
DA002,2019-11-05,8:51,7.346930027008057
DA002,2019-11-05,12:00,27.6332893371582
DA002,2019-11-05,17:00,8.812060356140137
DA002,2019-11-05,21:49,5.941750049591064
DA002,2019-11-06,7:19,7.147930145263672
DA002,2019-11-06,12:00,23.19792938232422
DA002,2019-11-06,17:00,6.950994968414307
DA002,2019-11-06,19:06,3.320000171661377
DA002,2019-11-07,7:12,10.61004734039307
DA002,2019-11-07,12:11,17.44677543640137
DA002,2019-11-07,17:00,19.36091995239258
DA002,2019-11-07,19:21,1.350000023841858
DA002,2019-11-08,6:12,13.83942985534668
DA002,2019-11-08,12:56,7.094470024108887
DA002,2019-11-08,17:00,7.431429862976074
DA002,2019-11-09,8:53,7.156929969787598
DA002,2019-11-09,12:00,29.20619583129883
DA002,2019-11-09,17:00,8.446069717407227
DA002,2019-11-09,22:49,0.8999999761581421
DA003,2019-10-29,8:16,6.170839786529541
DA003,2019-10-29,12:00,61.12607955932617
DA003,2019-10-29,17:07,25.62582969665527
DA003,2019-10-30,08:00,1.88100004196167
DA003,2019-10-30,12:45,60.14286041259766
DA003,2019-10-30,17:27,13.91959953308105
DA003,2019-10-30,21:45,13.04775047302246
DA003,2019-10-31,7:47,11.95985984802246
DA003,2019-10-31,12:15,23.6294002532959
DA003,2019-10-31,17:00,23.99588012695312
DA003,2019-10-31,20:00,12.72774982452393
DA003,2019-11-01,7:49,19.10635948181152
DA003,2019-11-01,12:00,26.65480995178223
DA003,2019-11-01,17:00,19.12236022949219
DA003,2019-11-01,20:15,10.02175045013428
DA003,2019-11-10,8:41,8.37600040435791
DA003,2019-11-10,12:00,20.84163093566895
DA003,2019-11-10,17:00,26.1131706237793
DA003,2019-11-11,,11.66683959960938
DA003,2019-11-11,,25.90155982971191
DA003,2019-11-11,,29.01184844970703
DA003,2019-11-12,,12.30683994293213
DA003,2019-11-12,,59.74654006958008
DA003,2019-11-12,,33.45491027832031
DA003,2019-11-02,08:00,12.31136035919189
DA003,2019-11-02,12:00,27.10454940795898
DA003,2019-11-02,17:37,13.48320960998535
DA003,2019-11-02,22:18,12.66600036621094
DA003,2019-11-03,7:07,13.95600032806396
DA003,2019-11-03,12:00,28.4648609161377
DA003,2019-11-03,17:00,15.34589958190918
DA003,2019-11-04,6:38,11.66683959960938
DA003,2019-11-04,12:00,18.78597068786621
DA003,2019-11-04,17:00,17.19500923156738
DA003,2019-11-05,7:26,12.30683994293213
DA003,2019-11-05,12:30,49.99964904785156
DA003,2019-11-05,17:00,12.35719013214111
DA003,2019-11-06,08:00,7.147930145263672
DA003,2019-11-06,12:00,23.19792938232422
DA003,2019-11-06,17:00,23.78506088256836
DA003,2019-11-07,6:27,6.692930221557617
DA003,2019-11-07,11:00,29.62661933898926
DA003,2019-11-07,17:00,71.82290649414062
DA003,2019-11-08,8:07,13.83942985534668
DA003,2019-11-08,12:00,8.92201042175293
DA003,2019-11-08,17:00,9.595930099487305
DA003,2019-11-09,7:22,7.156929969787598
DA003,2019-11-09,12:52,53.14545822143555
DA003,2019-11-09,17:00,11.62520980834961
DA004,2019-10-29,7:27,12.67885971069336
DA004,2019-10-29,12:00,61.12607955932617
DA004,2019-10-29,17:00,25.62582969665527
DA004,2019-10-30,08:00,9.932680130004883
DA004,2019-10-30,12:00,60.14286041259766
DA004,2019-10-30,17:00,13.91959953308105
DA004,2019-10-31,08:00,11.95985984802246
DA004,2019-10-31,12:00,23.6294002532959
DA004,2019-10-31,17:10,23.99588012695312
DA004,2019-11-01,08:00,19.10635948181152
DA004,2019-11-01,12:00,26.65480995178223
DA004,2019-11-01,16:00,19.12236022949219
DA004,2019-11-01,21:19,9.300000190734863
DA004,2019-11-10,,8.37600040435791
DA004,2019-11-10,,26.10856056213379
DA004,2019-11-10,,31.38010025024414
DA004,2019-11-11,,11.9738597869873
DA004,2019-11-11,,31.16848945617676
DA004,2019-11-11,,34.27877807617188
DA004,2019-11-12,,12.30683994293213
DA004,2019-11-12,,65.01347351074219
DA004,2019-11-12,,38.72183990478516
DA004,2019-11-02,08:00,12.31136035919189
DA004,2019-11-02,12:00,27.10454940795898
DA004,2019-11-02,17:00,13.48320960998535
DA004,2019-11-02,19:53,7.5
DA004,2019-11-03,08:00,19.43400001525879
DA004,2019-11-03,12:00,28.4648609161377
DA004,2019-11-03,16:23,15.34589958190918
DA004,2019-11-03,22:00,15.0
DA004,2019-11-04,08:00,8.300000190734863
DA004,2019-11-04,11:15,24.05290031433105
DA004,2019-11-04,17:34,22.46194076538086
DA004,2019-11-04,21:04,7.5
DA004,2019-11-05,08:00,10.13167953491211
DA004,2019-11-05,12:00,55.26657867431641
DA004,2019-11-05,17:00,17.62412071228027
DA004,2019-11-05,19:55,15.0
DA004,2019-11-06,8:57,12.41485977172852
DA004,2019-11-06,12:00,28.4648609161377
DA004,2019-11-06,17:30,29.0519905090332
DA004,2019-11-06,21:12,7.5
DA004,2019-11-07,8:09,5.451839923858643
DA004,2019-11-07,12:57,34.89355087280273
DA004,2019-11-07,17:30,77.08984375
DA004,2019-11-08,7:35,19.10635948181152
DA004,2019-11-08,12:27,14.18894004821777
DA004,2019-11-08,17:00,14.86285972595215
DA004,2019-11-09,,12.42385959625244
DA004,2019-11-09,,58.41239166259766
DA004,2019-11-09,,16.89213943481445
DA005,2019-10-29,8:50,7.411930084228516
DA005,2019-10-29,12:00,55.85914993286133
DA005,2019-10-29,17:49,20.35890007019043
DA005,2019-10-29,21:55,8.699999809265137
DA005,2019-10-30,08:00,7.147930145263672
DA005,2019-10-30,12:00,54.87593078613281
DA005,2019-10-30,17:00,8.652669906616211
DA005,2019-10-30,20:34,15.0
DA005,2019-10-31,8:09,6.692930221557617
DA005,2019-10-31,11:54,18.36247062683105
DA005,2019-10-31,17:00,18.72895050048828
DA005,2019-10-31,21:00,7.199999809265137
DA005,2019-11-01,08:00,5.266930103302002
DA005,2019-11-01,12:00,21.38788032531738
DA005,2019-11-01,17:25,13.85542964935303
DA005,2019-11-01,20:45,8.361749649047852
DA005,2019-11-10,,8.37600040435791
DA005,2019-11-10,,26.10856056213379
DA005,2019-11-10,,31.38010025024414
DA005,2019-11-11,,11.9738597869873
DA005,2019-11-11,,31.16848945617676
DA005,2019-11-11,,24.48077964782715
DA005,2019-11-12,,12.30683994293213
DA005,2019-11-12,,65.01347351074219
DA005,2019-11-12,,38.72183990478516
DA005,2019-11-02,08:00,7.044429779052734
DA005,2019-11-02,12:00,21.83761978149414
DA005,2019-11-02,17:00,8.216279983520508
DA005,2019-11-02,20:34,2.550640106201172
DA005,2019-11-03,08:00,19.43400001525879
DA005,2019-11-03,12:00,23.19792938232422
DA005,2019-11-03,17:00,10.07896995544434
DA005,2019-11-03,20:34,10.81999969482422
DA005,2019-11-04,8:32,8.300000190734863
DA005,2019-11-04,12:00,24.05290031433105
DA005,2019-11-04,17:00,17.02444076538086
DA005,2019-11-04,21:25,9.15999984741211
DA005,2019-11-05,8:24,12.61386013031006
DA005,2019-11-05,12:39,55.26657867431641
DA005,2019-11-05,17:40,17.62412071228027
DA005,2019-11-05,21:25,10.81999969482422
DA005,2019-11-06,8:09,12.41485977172852
DA005,2019-11-06,12:47,28.4648609161377
DA005,2019-11-06,17:00,13.90198993682861
DA005,2019-11-06,21:02,7.5
DA005,2019-11-07,8:54,11.95985984802246
DA005,2019-11-07,12:00,34.89355087280273
DA005,2019-11-07,17:00,38.72183990478516
DA005,2019-11-07,21:25,7.199999809265137
DA005,2019-11-08,,10.533860206604
DA005,2019-11-08,,14.18894004821777
DA005,2019-11-08,,14.86285972595215
DA005,2019-11-09,,10.533860206604
DA005,2019-11-09,,58.41239166259766
DA005,2019-11-09,,16.89213943481445
DA006,2019-10-29,08:00,6.170839786529541
DA006,2019-10-29,12:00,61.12607955932617
DA006,2019-10-29,17:00,25.62582969665527
DA006,2019-10-30,7:22,1.88100004196167
DA006,2019-10-30,12:12,10.533860206604
DA006,2019-10-30,17:00,13.91959953308105
DA006,2019-10-30,21:44,5.041749954223633
DA006,2019-10-31,6:32,11.95985984802246
DA006,2019-10-31,12:52,23.6294002532959
DA006,2019-10-31,17:00,23.99588012695312
DA006,2019-10-31,22:52,5.041749954223633
DA006,2019-11-01,7:37,19.10635948181152
DA006,2019-11-01,12:00,26.65480995178223
DA006,2019-11-01,17:00,19.12236022949219
DA006,2019-11-01,19:17,5.041749954223633
DA006,2019-11-10,,8.37600040435791
DA006,2019-11-10,,26.10856056213379
DA006,2019-11-10,,31.38010025024414
DA006,2019-11-11,,11.66683959960938
DA006,2019-11-11,,31.16848945617676
DA006,2019-11-11,,24.48077964782715
DA006,2019-11-12,,12.30683994293213
DA006,2019-11-12,,65.01347351074219
DA006,2019-11-12,,38.72183990478516
DA006,2019-11-02,08:00,12.31136035919189
DA006,2019-11-02,12:00,27.10454940795898
DA006,2019-11-02,17:00,13.48320960998535
DA006,2019-11-02,20:32,10.02175045013428
DA006,2019-11-03,8:29,13.95600032806396
DA006,2019-11-03,12:00,28.4648609161377
DA006,2019-11-03,17:00,15.34589958190918
DA006,2019-11-04,08:00,11.66683959960938
DA006,2019-11-04,12:00,24.05290031433105
DA006,2019-11-04,17:00,17.02444076538086
DA006,2019-11-05,,12.30683994293213
DA006,2019-11-05,,55.26657867431641
DA006,2019-11-05,,17.62412071228027
DA006,2019-11-06,,12.41485977172852
DA006,2019-11-06,,28.4648609161377
DA006,2019-11-06,,13.90198993682861
DA006,2019-11-07,,11.95985984802246
DA006,2019-11-07,,34.89355087280273
DA006,2019-11-07,,38.72183990478516
DA006,2019-11-08,,19.10635948181152
DA006,2019-11-08,,14.18894004821777
DA006,2019-11-08,,14.86285972595215
DA006,2019-11-09,,12.42385959625244
DA006,2019-11-09,,58.41239166259766
DA006,2019-11-09,,16.89213943481445
DA007,2019-10-29,08:00,12.67885971069336
DA007,2019-10-29,12:00,61.12607955932617
DA007,2019-10-29,17:00,25.62582969665527
DA007,2019-10-29,22:18,1.7953200340271
DA007,2019-10-30,8:51,18.39385986328125
DA007,2019-10-30,12:00,60.14286041259766
DA007,2019-10-30,17:00,13.91959953308105
DA007,2019-10-30,21:14,2.700000047683716
DA007,2019-10-31,7:59,11.95985984802246
DA007,2019-10-31,12:51,23.6294002532959
DA007,2019-10-31,17:00,23.99588012695312
DA007,2019-10-31,19:09,3.375
DA007,2019-11-01,8:58,19.10635948181152
DA007,2019-11-01,12:13,26.65480995178223
DA007,2019-11-01,17:00,19.12236022949219
DA007,2019-11-01,19:24,3.375
DA007,2019-11-10,08:00,8.37600040435791
DA007,2019-11-10,12:00,26.10856056213379
DA007,2019-11-10,17:44,31.38010025024414
DA007,2019-11-10,22:29,1.350000023841858
DA007,2019-11-11,,19.83386039733887
DA007,2019-11-11,,31.16848945617676
DA007,2019-11-11,,24.48077964782715
DA007,2019-11-12,,12.30683994293213
DA007,2019-11-12,,65.01347351074219
DA007,2019-11-02,6:29,12.31136035919189
DA007,2019-11-02,12:43,27.10454940795898
DA007,2019-11-02,17:29,13.48320960998535
DA007,2019-11-02,21:29,10.70475006103516
DA007,2019-11-03,7:59,19.43400001525879
DA007,2019-11-03,12:00,28.4648609161377
DA007,2019-11-03,17:00,15.34589958190918
DA007,2019-11-03,21:14,7.369999885559082
DA007,2019-11-04,7:29,22.44000053405762
DA007,2019-11-04,12:43,24.05290031433105
DA007,2019-11-04,17:00,17.02444076538086
DA007,2019-11-04,22:06,6.019999980926514
DA007,2019-11-05,7:13,18.81485939025879
DA007,2019-11-05,11:48,55.26657867431641
DA007,2019-11-05,17:00,17.62412071228027
DA007,2019-11-05,22:44,10.875
DA007,2019-11-06,7:14,12.41485977172852
DA007,2019-11-06,12:00,28.4648609161377
DA007,2019-11-06,17:39,13.90198993682861
DA007,2019-11-06,22:06,3.820319890975952
DA007,2019-11-07,7:21,5.451839923858643
DA007,2019-11-07,12:51,34.89355087280273
DA007,2019-11-07,17:00,38.72183990478516
DA007,2019-11-07,20:25,3.375
DA007,2019-11-08,8:51,19.10635948181152
DA007,2019-11-08,12:28,14.18894004821777
DA007,2019-11-08,17:06,14.86285972595215
DA007,2019-11-08,19:51,2.025000095367432
DA007,2019-11-09,7:53,12.42385959625244
DA007,2019-11-09,12:36,58.41239166259766
DA007,2019-11-09,17:00,16.89213943481445
DA007,2019-11-09,22:51,2.025000095367432
DA008,2019-10-29,08:00,12.25500011444092
DA008,2019-10-29,12:00,61.12607955932617
DA008,2019-10-29,17:00,25.62582969665527
DA008,2019-10-29,20:55,37.39500045776367
DA008,2019-10-30,6:10,11.99100017547607
DA008,2019-10-30,12:39,10.533860206604
DA008,2019-10-30,17:00,13.91959953308105
DA008,2019-10-30,22:02,37.39500045776367
DA008,2019-10-31,08:00,19.45985984802246
DA008,2019-10-31,12:00,23.6294002532959
DA008,2019-10-31,17:00,23.99588012695312
DA008,2019-10-31,20:15,25.00745010375977
DA008,2019-11-01,08:00,29.21636009216309
DA008,2019-11-01,12:00,26.65480995178223
DA008,2019-11-01,17:00,19.12236022949219
DA008,2019-11-01,20:25,7.199999809265137
DA008,2019-11-10,08:00,8.37600040435791
DA008,2019-11-10,12:00,26.10856056213379
DA008,2019-11-10,17:00,31.38010025024414
DA008,2019-11-10,19:00,7.199999809265137
DA008,2019-11-11,,19.83386039733887
DA008,2019-11-11,,31.16848945617676
DA008,2019-11-11,,24.48077964782715
DA008,2019-11-11,,18.02000045776367
DA008,2019-11-12,,12.30683994293213
DA008,2019-11-12,,65.01347351074219
DA008,2019-11-02,08:00,19.81135940551758
DA008,2019-11-02,12:00,27.10454940795898
DA008,2019-11-02,16:25,13.48320960998535
DA008,2019-11-03,08:00,13.95600032806396
DA008,2019-11-03,12:00,28.4648609161377
DA008,2019-11-03,17:00,15.34589958190918
DA008,2019-11-03,20:40,29.79764938354492
DA008,2019-11-04,7:47,17.46000099182129
DA008,2019-11-04,11:45,24.05290031433105
DA008,2019-11-04,17:15,17.02444076538086
DA008,2019-11-04,21:55,8.14330005645752
DA008,2019-11-05,08:00,12.61386013031006
DA008,2019-11-05,12:00,55.26657867431641
DA008,2019-11-05,17:00,17.62412071228027
DA008,2019-11-05,20:34,2.700000047683716
DA008,2019-11-06,7:55,27.77486038208008
DA008,2019-11-06,12:00,28.4648609161377
DA008,2019-11-06,17:45,13.90198993682861
DA008,2019-11-06,21:40,7.252659797668457
DA008,2019-11-07,08:00,25.28321075439453
DA008,2019-11-07,12:00,34.89355087280273
DA008,2019-11-07,16:00,10.533860206604
DA008,2019-11-07,21:21,14.90165996551514
DA008,2019-11-08,08:00,26.60635948181152
DA008,2019-11-08,12:00,14.18894004821777
DA008,2019-11-08,17:00,10.533860206604
DA008,2019-11-08,19:58,37.10063934326172
DA008,2019-11-09,08:00,19.92386054992676
DA008,2019-11-09,12:45,58.41239166259766
DA008,2019-11-09,17:30,16.89213943481445
DA008,2019-11-09,22:10,2.700000047683716
DA009,2019-10-29,7:12,2.144999980926514
DA009,2019-10-29,12:00,61.12607955932617
DA009,2019-10-29,17:00,25.62582969665527
DA009,2019-10-30,7:45,1.88100004196167
DA009,2019-10-30,12:00,60.14286041259766
DA009,2019-10-30,17:00,13.91959953308105
DA009,2019-10-31,7:19,11.95985984802246
DA009,2019-10-31,11:50,23.6294002532959
DA009,2019-10-31,17:34,23.99588012695312
DA009,2019-11-01,7:12,19.10635948181152
DA009,2019-11-01,12:05,26.65480995178223
DA009,2019-11-01,17:49,19.12236022949219
DA009,2019-11-10,6:30,8.37600040435791
DA009,2019-11-10,12:00,26.10856056213379
DA009,2019-11-10,17:00,31.38010025024414
DA009,2019-11-11,,15.69268035888672
DA009,2019-11-11,,31.16848945617676
DA009,2019-11-11,,24.48077964782715
DA009,2019-11-12,,12.30683994293213
DA009,2019-11-12,,65.01347351074219
DA009,2019-11-12,,38.72183990478516
DA009,2019-11-02,6:45,12.31136035919189
DA009,2019-11-02,12:00,27.10454940795898
DA009,2019-11-02,17:00,13.48320960998535
DA009,2019-11-03,7:27,19.43400001525879
DA009,2019-11-03,11:09,28.4648609161377
DA009,2019-11-03,16:04,15.34589958190918
DA009,2019-11-04,12:35,24.05290031433105
DA009,2019-11-04,17:00,17.02444076538086
DA009,2019-11-05,8:00,12.30683994293213
DA009,2019-11-05,12:00,55.26657867431641
DA009,2019-11-05,17:00,17.62412071228027
DA009,2019-11-06,08:00,12.41485977172852
DA009,2019-11-06,12:00,28.4648609161377
DA009,2019-11-06,16:55,13.90198993682861
DA009,2019-11-07,7:20,11.95985984802246
DA009,2019-11-07,11:35,34.89355087280273
DA009,2019-11-07,17:00,38.72183990478516
DA009,2019-11-08,7:05,19.10635948181152
DA009,2019-11-08,11:54,14.18894004821777
DA009,2019-11-08,17:00,14.86285972595215
DA009,2019-11-09,7:27,12.42385959625244
DA009,2019-11-09,12:05,58.41239166259766
DA009,2019-11-09,17:49,16.89213943481445
DA010,2019-10-29,7:49,10.19668006896973
DA010,2019-10-29,12:15,61.12607955932617
DA010,2019-10-29,17:00,20.35890007019043
DA010,2019-10-29,20:07,9.394450187683105
DA010,2019-10-30,7:00,9.932680130004883
DA010,2019-10-30,12:00,60.14286041259766
DA010,2019-10-30,17:00,8.652669906616211
DA010,2019-10-30,21:15,15.62635040283203
DA010,2019-10-31,7:12,11.95985984802246
DA010,2019-10-31,12:37,23.6294002532959
DA010,2019-10-31,17:00,18.72895050048828
DA010,2019-10-31,20:11,11.55270004272461
DA010,2019-11-01,08:00,19.10635948181152
DA010,2019-11-01,11:20,26.65480995178223
DA010,2019-11-01,16:52,19.12236022949219
DA010,2019-11-01,20:48,9.394450187683105
DA010,2019-11-10,8:00,8.37600040435791
DA010,2019-11-10,13:00,26.10856056213379
DA010,2019-11-10,17:00,26.1131706237793
DA010,2019-11-11,,1.440000057220459
DA010,2019-11-11,,31.16848945617676
DA010,2019-11-11,,24.48077964782715
DA010,2019-11-12,,12.30683994293213
DA010,2019-11-12,,65.01347351074219
DA010,2019-11-02,08:00,12.31136035919189
DA010,2019-11-02,12:00,27.10454940795898
DA010,2019-11-02,17:00,13.48320960998535
DA010,2019-11-02,20:55,14.57277965545654
DA010,2019-11-03,8:00,13.95600032806396
DA010,2019-11-03,12:00,28.4648609161377
DA010,2019-11-03,17:00,10.07896995544434
DA010,2019-11-03,20:03,20.66810035705566
DA010,2019-11-04,12:00,24.05290031433105
DA010,2019-11-04,19:55,11.05445003509521
DA010,2019-11-05,08:00,10.13167953491211
DA010,2019-11-05,12:00,55.26657867431641
DA010,2019-11-05,17:00,17.62412071228027
DA010,2019-11-05,20:25,7.073098182678223
DA010,2019-11-06,7:07,12.41485977172852
DA010,2019-11-06,12:52,28.4648609161377
DA010,2019-11-06,17:00,8.63506031036377
DA010,2019-11-06,19:56,7.051449775695801
DA010,2019-11-07,08:00,6.692930221557617
DA010,2019-11-07,12:00,34.89355087280273
DA010,2019-11-07,17:00,33.45491027832031
DA010,2019-11-07,21:37,5.041749954223633
DA010,2019-11-08,7:00,19.10635948181152
DA010,2019-11-08,12:37,14.18894004821777
DA010,2019-11-08,18:00,9.595930099487305
DA010,2019-11-08,21:30,7.051449775695801
DA010,2019-11-09,7:40,12.42385959625244
DA010,2019-11-09,12:15,58.41239166259766
DA010,2019-11-09,17:00,11.62520980834961
DA010,2019-11-09,20:55,5.041749954223633
DA011,2019-10-29,7:13,2.144999980926514
DA011,2019-10-29,12:00,61.12607955932617
DA011,2019-10-29,17:00,25.62582969665527
DA011,2019-10-30,7:58,9.932680130004883
DA011,2019-10-30,12:58,60.14286041259766
DA011,2019-10-30,17:00,13.91959953308105
DA011,2019-10-31,7:20,11.95985984802246
DA011,2019-10-31,11:58,23.6294002532959
DA011,2019-10-31,17:42,23.99588012695312
DA011,2019-11-01,7:52,10.533860206604
DA011,2019-11-01,12:58,26.65480995178223
DA011,2019-11-01,17:00,19.12236022949219
DA011,2019-11-10,7:13,8.37600040435791
DA011,2019-11-10,12:00,26.10856056213379
DA011,2019-11-10,17:00,31.38010025024414
DA011,2019-11-11,,11.9738597869873
DA011,2019-11-11,,31.16848945617676
DA011,2019-11-11,,24.48077964782715
DA011,2019-11-12,,12.30683994293213
DA011,2019-11-12,,65.01347351074219
DA011,2019-11-02,7:28,14.08885955810547
DA011,2019-11-02,12:17,27.10454940795898
DA011,2019-11-02,17:00,13.48320960998535
DA011,2019-11-03,6:58,19.43400001525879
DA011,2019-11-03,12:00,28.4648609161377
DA011,2019-11-03,17:00,15.34589958190918
DA011,2019-11-03,19:27,9.276000022888184
DA011,2019-11-04,12:13,17.29338073730469
DA011,2019-11-04,17:00,13.77915000915527
DA011,2019-11-04,19:17,17.46000099182129
DA011,2019-11-05,8:13,12.30683994293213
DA011,2019-11-05,12:00,55.26657867431641
DA011,2019-11-05,17:00,17.62412071228027
DA011,2019-11-06,6:43,12.41485977172852
DA011,2019-11-06,12:58,28.4648609161377
DA011,2019-11-06,17:00,13.90198993682861
DA011,2019-11-07,08:00,11.95985984802246
DA011,2019-11-07,12:00,10.533860206604
DA011,2019-11-07,17:42,38.72183990478516
DA011,2019-11-08,8:58,10.533860206604
DA011,2019-11-08,12:58,14.18894004821777
DA011,2019-11-08,17:57,14.86285972595215
DA011,2019-11-09,08:00,14.3138599395752
DA011,2019-11-09,12:58,58.41239166259766
DA011,2019-11-09,17:00,16.89213943481445
DA012,2019-10-29,6:25,2.144999980926514
DA012,2019-10-29,12:00,61.12607955932617
DA012,2019-10-29,17:00,25.62582969665527
DA012,2019-10-30,08:00,1.88100004196167
DA012,2019-10-30,12:00,60.14286041259766
DA012,2019-10-30,17:49,13.91959953308105
DA012,2019-10-31,7:12,11.95985984802246
DA012,2019-10-31,11:45,23.6294002532959
DA012,2019-10-31,17:19,23.99588012695312
DA012,2019-11-01,6:25,19.10635948181152
DA012,2019-11-01,12:05,26.65480995178223
DA012,2019-11-01,17:00,19.12236022949219
DA012,2019-11-10,,8.37600040435791
DA012,2019-11-10,,26.10856056213379
DA012,2019-11-10,,31.38010025024414
DA012,2019-11-11,,11.66683959960938
DA012,2019-11-11,,25.90155982971191
DA012,2019-11-11,,19.2138500213623
DA012,2019-11-12,,12.30683994293213
DA012,2019-11-12,,59.74654006958008
DA012,2019-11-12,,33.45491027832031
DA012,2019-11-02,7:20,12.31136035919189
DA012,2019-11-02,12:05,27.10454940795898
DA012,2019-11-02,16:45,13.48320960998535
DA012,2019-11-03,,19.43400001525879
DA012,2019-11-03,,28.4648609161377
DA012,2019-11-03,,15.34589958190918
DA012,2019-11-04,,24.05290031433105
DA012,2019-11-04,,17.02444076538086
DA012,2019-11-05,,12.30683994293213
DA012,2019-11-05,,55.26657867431641
DA012,2019-11-05,,17.62412071228027
DA012,2019-11-06,,12.41485977172852
DA012,2019-11-06,,28.4648609161377
DA012,2019-11-06,,13.90198993682861
DA012,2019-11-07,,11.95985984802246
DA012,2019-11-07,,34.89355087280273
DA012,2019-11-07,,38.72183990478516
DA012,2019-11-08,,19.10635948181152
DA012,2019-11-08,,14.18894004821777
DA012,2019-11-08,,14.86285972595215
DA012,2019-11-09,,12.42385959625244
DA012,2019-11-09,,58.41239166259766
DA012,2019-11-09,,16.89213943481445
DA013,2019-10-29,7:19,2.144999980926514
DA013,2019-10-29,12:41,55.85914993286133
DA013,2019-10-29,17:00,20.35890007019043
DA013,2019-10-29,19:53,8.204850196838379
DA013,2019-10-30,7:41,1.88100004196167
DA013,2019-10-30,12:00,54.87593078613281
DA013,2019-10-30,17:00,8.652669906616211
DA013,2019-10-30,20:41,6.641674995422363
DA013,2019-10-31,8:41,6.692930221557617
DA013,2019-10-31,11:41,18.36247062683105
DA013,2019-10-31,17:00,18.72895050048828
DA013,2019-10-31,21:26,13.24660015106201
DA013,2019-11-01,8:34,13.83942985534668
DA013,2019-11-01,12:49,21.38788032531738
DA013,2019-11-01,17:00,13.85542964935303
DA013,2019-11-01,20:00,7.199999809265137
DA013,2019-11-10,7:19,8.37600040435791
DA013,2019-11-10,12:49,20.84163093566895
DA013,2019-11-10,17:00,26.1131706237793
DA013,2019-11-11,,1.440000057220459
DA013,2019-11-11,,25.90155982971191
DA013,2019-11-11,,19.2138500213623
DA013,2019-11-12,,12.30683994293213
DA013,2019-11-12,,59.74654006958008
DA013,2019-11-12,,33.45491027832031
DA013,2019-11-02,08:00,7.044429779052734
DA013,2019-11-02,12:00,21.83761978149414
DA013,2019-11-02,17:00,8.216279983520508
DA013,2019-11-02,21:49,1.057510018348694
DA013,2019-11-03,08:00,19.43400001525879
DA013,2019-11-03,12:00,23.19792938232422
DA013,2019-11-03,17:00,10.07896995544434
DA013,2019-11-03,21:46,19.83373069763184
DA013,2019-11-04,12:41,18.78597068786621
DA013,2019-11-04,16:56,11.7575101852417
DA013,2019-11-04,21:41,27.18174934387207
DA013,2019-11-05,08:00,2.079999923706055
DA013,2019-11-05,12:00,49.99964904785156
DA013,2019-11-05,17:56,12.35719013214111
DA013,2019-11-05,20:56,7.252659797668457
DA013,2019-11-06,08:00,7.147930145263672
DA013,2019-11-06,11:11,23.19792938232422
DA013,2019-11-06,17:41,8.63506031036377
DA013,2019-11-06,22:19,8.560079574584961
DA013,2019-11-07,8:49,6.692930221557617
DA013,2019-11-07,12:56,29.62661933898926
DA013,2019-11-07,17:00,33.45491027832031
DA013,2019-11-07,19:21,8.560079574584961
DA013,2019-11-08,7:19,13.83942985534668
DA013,2019-11-08,12:11,8.92201042175293
DA013,2019-11-08,17:00,9.595930099487305
DA013,2019-11-08,21:56,7.199999809265137
DA013,2019-11-09,6:57,7.156929969787598
DA013,2019-11-09,12:11,53.14545822143555
DA013,2019-11-09,17:00,11.62520980834961
DA013,2019-11-09,21:49,7.199999809265137
DA014,2019-10-29,8:54,20.17885971069336
DA014,2019-10-29,12:00,61.12607955932617
DA014,2019-10-29,16:47,25.62582969665527
DA014,2019-10-30,8:54,25.89385986328125
DA014,2019-10-30,12:00,60.14286041259766
DA014,2019-10-30,17:00,13.91959953308105
DA014,2019-10-30,20:21,13.29864978790283
DA014,2019-10-31,08:00,19.45985984802246
DA014,2019-10-31,12:00,23.6294002532959
DA014,2019-10-31,17:25,23.99588012695312
DA014,2019-10-31,21:32,19.02300071716309
DA014,2019-11-01,08:00,26.60635948181152
DA014,2019-11-01,12:00,26.65480995178223
DA014,2019-11-01,17:25,19.12236022949219
DA014,2019-11-01,21:45,12.40299987792969
DA014,2019-11-10,8:47,5.688000202178955
DA014,2019-11-10,12:00,26.10856056213379
DA014,2019-11-10,17:00,31.38010025024414
DA014,2019-11-10,21:32,10.81999969482422
DA014,2019-11-11,,11.9738597869873
DA014,2019-11-11,,31.16848945617676
DA014,2019-11-11,,24.48077964782715
DA014,2019-11-12,,12.30683994293213
DA014,2019-11-12,,65.01347351074219
DA014,2019-11-12,,38.72183990478516
DA014,2019-11-02,08:00,19.81135940551758
DA014,2019-11-02,12:00,27.10454940795898
DA014,2019-11-02,17:04,13.48320960998535
DA014,2019-11-02,20:00,8.223000526428223
DA014,2019-11-03,7:55,19.43400001525879
DA014,2019-11-03,12:09,19.49935913085938
DA014,2019-11-03,16:47,15.34589958190918
DA014,2019-11-03,21:55,12.93365001678467
DA014,2019-11-04,08:00,15.80000019073486
DA014,2019-11-04,11:24,24.05290031433105
DA014,2019-11-04,16:25,17.02444076538086
DA014,2019-11-04,21:30,10.81999969482422
DA014,2019-11-05,7:32,12.61386013031006
DA014,2019-11-05,11:54,55.26657867431641
DA014,2019-11-05,17:40,17.62412071228027
DA014,2019-11-05,20:00,10.81999969482422
DA014,2019-11-06,8:24,12.41485977172852
DA014,2019-11-06,12:54,19.49935913085938
DA014,2019-11-06,16:32,13.90198993682861
DA014,2019-11-06,21:47,10.81999969482422
DA014,2019-11-07,8:09,10.26584053039551
DA014,2019-11-07,12:00,34.89355087280273
DA014,2019-11-07,17:00,38.72183990478516
DA014,2019-11-07,19:47,10.81999969482422
DA014,2019-11-08,7:55,19.10635948181152
DA014,2019-11-08,11:54,14.18894004821777
DA014,2019-11-08,16:19,14.86285972595215
DA014,2019-11-08,21:32,10.81999969482422
DA014,2019-11-09,08:00,12.42385959625244
DA014,2019-11-09,11:15,58.41239166259766
DA014,2019-11-09,17:30,16.89213943481445
DA014,2019-11-09,20:40,10.81999969482422
DA015,2019-10-29,8:18,20.17885971069336
DA015,2019-10-29,12:00,61.12607955932617
DA015,2019-10-29,17:00,25.62582969665527
DA015,2019-10-30,7:14,12.41485977172852
DA015,2019-10-30,12:51,60.14286041259766
DA015,2019-10-30,17:00,13.91959953308105
DA015,2019-10-31,08:00,11.95985984802246
DA015,2019-10-31,12:00,23.6294002532959
DA015,2019-10-31,17:00,23.99588012695312
DA015,2019-11-01,7:21,10.533860206604
DA015,2019-11-01,12:00,26.65480995178223
DA015,2019-11-01,17:00,19.12236022949219
DA015,2019-11-10,8:13,10.533860206604
DA015,2019-11-10,12:13,5.266930103302002
DA015,2019-11-10,17:00,46.95941162109375
DA015,2019-11-11,,20.02553939819336
DA015,2019-11-11,,31.16848945617676
DA015,2019-11-11,,24.48077964782715
DA015,2019-11-12,,12.30683994293213
DA015,2019-11-12,,65.01347351074219
DA015,2019-11-12,,38.72183990478516
DA015,2019-11-02,8:13,12.31136035919189
DA015,2019-11-02,12:00,27.10454940795898
DA015,2019-11-02,17:00,13.48320960998535
DA015,2019-11-03,8:13,10.533860206604
DA015,2019-11-03,12:00,19.49935913085938
DA015,2019-11-03,17:00,15.34589958190918
DA015,2019-11-04,7:14,10.533860206604
DA015,2019-11-04,12:00,24.05290031433105
DA015,2019-11-04,17:00,17.02444076538086
DA015,2019-11-05,7:21,12.61386013031006
DA015,2019-11-05,12:23,55.26657867431641
DA015,2019-11-05,17:44,17.62412071228027
DA015,2019-11-06,7:28,12.41485977172852
DA015,2019-11-06,11:36,19.49935913085938
DA015,2019-11-06,17:48,13.90198993682861
DA015,2019-11-07,7:21,10.26584053039551
DA015,2019-11-07,11:58,34.89355087280273
DA015,2019-11-07,17:00,38.72183990478516
DA015,2019-11-08,7:21,10.533860206604
DA015,2019-11-08,12:00,14.18894004821777
DA015,2019-11-08,17:00,14.86285972595215
DA015,2019-11-09,08:00,12.42385959625244
DA015,2019-11-09,12:10,58.41239166259766
DA015,2019-11-09,17:54,16.89213943481445
DA016,2019-10-29,8:07,2.144999980926514
DA016,2019-10-29,12:00,55.85914993286133
DA016,2019-10-29,17:00,20.35890007019043
DA016,2019-10-30,7:24,1.88100004196167
DA016,2019-10-30,12:00,54.87593078613281
DA016,2019-10-30,17:00,8.652669906616211
DA016,2019-10-31,7:01,6.692930221557617
DA016,2019-10-31,12:01,18.36247062683105
DA016,2019-10-31,17:00,18.72895050048828
DA016,2019-11-01,7:24,13.83942985534668
DA016,2019-11-01,12:00,21.38788032531738
DA016,2019-11-01,17:00,13.85542964935303
DA016,2019-11-10,,13.14385986328125
DA016,2019-11-10,,26.10856056213379
DA016,2019-11-10,,31.38010025024414
DA016,2019-11-11,,19.83386039733887
DA016,2019-11-11,,31.16848945617676
DA016,2019-11-11,,24.48077964782715
DA016,2019-11-12,,12.30683994293213
DA016,2019-11-12,,65.01347351074219
DA016,2019-11-02,08:00,7.044429779052734
DA016,2019-11-02,12:00,21.83761978149414
DA016,2019-11-02,17:47,8.216279983520508
DA016,2019-11-03,08:00,7.876930236816406
DA016,2019-11-03,12:00,14.23243045806885
DA016,2019-11-03,17:00,10.07896995544434
DA016,2019-11-04,7:31,7.876930236816406
DA016,2019-11-04,12:01,18.78597068786621
DA016,2019-11-04,17:24,11.7575101852417
DA016,2019-11-05,,7.346930027008057
DA016,2019-11-05,,49.99964904785156
DA016,2019-11-05,,12.35719013214111
DA016,2019-11-06,,15.00792980194092
DA016,2019-11-06,,23.19792938232422
DA016,2019-11-06,,8.63506031036377
DA016,2019-11-07,,19.49241065979004
DA016,2019-11-07,,10.533860206604
DA016,2019-11-07,,4.328999996185303
DA016,2019-11-08,,19.10635948181152
DA016,2019-11-08,,14.18894004821777
DA016,2019-11-08,,38.72183990478516
DA016,2019-11-09,,12.42385959625244
DA016,2019-11-09,,58.41239166259766
DA016,2019-11-09,,16.89213943481445
DA017,2019-10-29,7:18,7.411930084228516
DA017,2019-10-29,12:15,61.12607955932617
DA017,2019-10-29,17:00,25.62582969665527
DA017,2019-10-29,22:03,7.384749889373779
DA017,2019-10-30,08:00,20.27486038208008
DA017,2019-10-30,11:25,60.14286041259766
DA017,2019-10-30,17:00,13.91959953308105
DA017,2019-10-30,22:26,7.384749889373779
DA017,2019-10-31,08:00,11.95985984802246
DA017,2019-10-31,12:00,23.6294002532959
DA017,2019-10-31,17:00,23.99588012695312
DA017,2019-10-31,19:11,7.384749889373779
DA017,2019-11-01,08:00,19.10635948181152
DA017,2019-11-01,12:00,26.65480995178223
DA017,2019-11-01,18:00,19.12236022949219
DA017,2019-11-01,21:48,6.391749858856201
DA017,2019-11-10,,8.37600040435791
DA017,2019-11-10,,26.10856056213379
DA017,2019-11-10,,31.38010025024414
DA017,2019-11-10,,1.350000023841858
DA017,2019-11-11,,19.83386039733887
DA017,2019-11-11,,31.16848945617676
DA017,2019-11-11,,24.48077964782715
DA017,2019-11-12,,12.30683994293213
DA017,2019-11-12,,65.01347351074219
DA017,2019-11-02,6:46,12.31136035919189
DA017,2019-11-02,11:26,27.10454940795898
DA017,2019-11-02,17:11,13.48320960998535
DA017,2019-11-02,20:48,13.70674991607666
DA017,2019-11-03,7:51,19.43400001525879
DA017,2019-11-03,12:00,28.4648609161377
DA017,2019-11-03,17:00,15.34589958190918
DA017,2019-11-03,21:07,23.92350006103516
DA017,2019-11-04,08:00,22.44000053405762
DA017,2019-11-04,12:00,24.05290031433105
DA017,2019-11-04,17:30,17.02444076538086
DA017,2019-11-04,21:56,14.58475017547607
DA017,2019-11-05,7:11,12.61386013031006
DA017,2019-11-05,12:00,55.26657867431641
DA017,2019-11-05,17:00,17.62412071228027
DA017,2019-11-05,19:50,8.416749954223633
DA017,2019-11-06,7:56,12.41485977172852
DA017,2019-11-06,12:00,28.4648609161377
DA017,2019-11-06,17:00,13.90198993682861
DA017,2019-11-06,22:15,8.416749954223633
DA017,2019-11-07,7:56,5.451839923858643
DA017,2019-11-07,11:56,34.89355087280273
DA017,2019-11-07,17:00,38.72183990478516
DA017,2019-11-07,20:00,4.368000030517578
DA017,2019-11-08,,19.10635948181152
DA017,2019-11-08,,14.18894004821777
DA017,2019-11-08,,14.86285972595215
DA017,2019-11-08,,1.350000023841858
DA017,2019-11-09,,12.42385959625244
DA017,2019-11-09,,58.41239166259766
DA017,2019-11-09,,16.89213943481445
DA017,2019-11-09,,4.980000019073486
DA018,2019-10-29,08:00,12.67885971069336
DA018,2019-10-29,12:00,61.12607955932617
DA018,2019-10-29,16:09,25.62582969665527
DA018,2019-10-29,21:09,15.48474979400635
DA018,2019-10-30,6:03,9.932680130004883
DA018,2019-10-30,12:43,60.14286041259766
DA018,2019-10-30,17:00,13.91959953308105
DA018,2019-10-30,22:09,15.56174945831299
DA018,2019-10-31,08:00,11.95985984802246
DA018,2019-10-31,12:00,23.6294002532959
DA018,2019-10-31,17:51,23.99588012695312
DA018,2019-10-31,21:36,14.25144958496094
DA018,2019-11-01,08:00,19.10635948181152
DA018,2019-11-01,12:00,26.65480995178223
DA018,2019-11-01,17:00,19.12236022949219
DA018,2019-11-01,21:21,14.94174957275391
DA018,2019-11-10,6:36,8.37600040435791
DA018,2019-11-10,12:00,26.10856056213379
DA018,2019-11-10,16:48,31.38010025024414
DA018,2019-11-10,21:44,5.041749954223633
DA018,2019-11-11,,9.491680145263672
DA018,2019-11-11,,31.16848945617676
DA018,2019-11-11,,24.48077964782715
DA018,2019-11-12,,12.30683994293213
DA018,2019-11-12,,65.01347351074219
DA018,2019-11-12,,38.72183990478516
DA018,2019-11-12,,15.05999946594238
DA018,2019-11-02,8:13,12.31136035919189
DA018,2019-11-02,11:58,27.10454940795898
DA018,2019-11-02,17:00,13.48320960998535
DA018,2019-11-02,19:09,14.88000011444092
DA018,2019-11-03,08:00,19.43400001525879
DA018,2019-11-03,12:00,28.4648609161377
DA018,2019-11-03,17:00,15.34589958190918
DA018,2019-11-03,21:09,10.51999950408936
DA018,2019-11-04,08:00,1.660000085830688
DA018,2019-11-04,12:43,24.05290031433105
DA018,2019-11-04,17:00,17.02444076538086
DA018,2019-11-04,21:44,9.0
DA018,2019-11-05,8:13,10.533860206604
DA018,2019-11-05,11:58,55.26657867431641
DA018,2019-11-05,17:00,17.62412071228027
DA018,2019-11-05,19:18,6.563000202178955
DA018,2019-11-06,7:59,12.41485977172852
DA018,2019-11-06,12:03,28.4648609161377
DA018,2019-11-06,17:00,13.90198993682861
DA018,2019-11-06,21:36,16.5
DA018,2019-11-07,8:36,11.95985984802246
DA018,2019-11-07,12:00,34.89355087280273
DA018,2019-11-07,17:00,38.72183990478516
DA018,2019-11-07,21:36,9.15999984741211
DA018,2019-11-08,8:36,19.10635948181152
DA018,2019-11-08,11:58,14.18894004821777
DA018,2019-11-08,17:44,14.86285972595215
DA018,2019-11-09,7:59,12.42385959625244
DA018,2019-11-09,12:00,58.41239166259766
DA018,2019-11-09,17:00,16.89213943481445
DA018,2019-11-09,22:06,7.729750156402588
DA019,2019-10-29,08:00,2.144999980926514
DA019,2019-10-29,12:00,61.12607955932617
DA019,2019-10-29,17:31,25.62582969665527
DA019,2019-10-29,21:51,12.2096996307373
DA019,2019-10-30,08:00,1.88100004196167
DA019,2019-10-30,11:02,60.14286041259766
DA019,2019-10-30,17:21,13.91959953308105
DA019,2019-10-30,22:11,7.051449775695801
DA019,2019-10-31,8:35,10.533860206604
DA019,2019-10-31,11:50,23.6294002532959
DA019,2019-10-31,17:00,23.99588012695312
DA019,2019-10-31,22:51,12.2096996307373
DA019,2019-11-01,7:50,19.10635948181152
DA019,2019-11-01,12:05,26.65480995178223
DA019,2019-11-01,17:00,19.12236022949219
DA019,2019-11-01,19:21,13.08055019378662
DA019,2019-11-10,,8.37600040435791
DA019,2019-11-10,,26.10856056213379
DA019,2019-11-10,,31.38010025024414
DA019,2019-11-11,,31.16848945617676
DA019,2019-11-11,,24.48077964782715
DA019,2019-11-12,,12.30683994293213
DA019,2019-11-12,,65.01347351074219
DA019,2019-11-12,,38.72183990478516
DA019,2019-11-02,8:28,12.31136035919189
DA019,2019-11-02,12:05,27.10454940795898
DA019,2019-11-02,17:00,13.48320960998535
DA019,2019-11-03,,19.43400001525879
DA019,2019-11-03,,13.26385974884033
DA019,2019-11-03,,15.34589958190918
DA019,2019-11-03,,0.05265999957919121
DA019,2019-11-04,,24.05290031433105
DA019,2019-11-04,,17.02444076538086
DA019,2019-11-04,,10.86969947814941
DA019,2019-11-05,,2.079999923706055
DA019,2019-11-05,,55.26657867431641
DA019,2019-11-05,,17.62412071228027
DA019,2019-11-05,,15.91144943237305
DA019,2019-11-06,,12.41485977172852
DA019,2019-11-06,,10.533860206604
DA019,2019-11-06,,13.90198993682861
DA019,2019-11-07,,10.533860206604
DA019,2019-11-07,,34.89355087280273
DA019,2019-11-07,,38.72183990478516
DA019,2019-11-08,,19.10635948181152
DA019,2019-11-08,,14.18894004821777
DA019,2019-11-08,,10.533860206604
DA019,2019-11-09,,12.42385959625244
DA019,2019-11-09,,58.41239166259766
DA019,2019-11-09,,16.89213943481445
DA020,2019-10-29,,10.19668006896973
DA020,2019-10-29,,61.12607955932617
DA020,2019-10-29,,25.62582969665527
DA020,2019-10-29,,5.941750049591064
DA020,2019-10-30,,11.19268035888672
DA020,2019-10-30,,60.14286041259766
DA020,2019-10-30,,13.91959953308105
DA020,2019-10-30,,13.45849990844727
DA020,2019-10-31,,11.95985984802246
DA020,2019-10-31,,23.6294002532959
DA020,2019-10-31,,23.99588012695312
DA020,2019-10-31,,23.40169906616211
DA020,2019-11-01,,10.533860206604
DA020,2019-11-01,,26.65480995178223
DA020,2019-11-01,,19.12236022949219
DA020,2019-11-01,,8.644749641418457
DA020,2019-11-10,,8.37600040435791
DA020,2019-11-10,,26.10856056213379
DA020,2019-11-10,,31.38010025024414
DA020,2019-11-10,,3.375
DA020,2019-11-11,,9.491680145263672
DA020,2019-11-11,,31.16848945617676
DA020,2019-11-11,,24.48077964782715
DA020,2019-11-12,,12.30683994293213
DA020,2019-11-12,,65.01347351074219
DA020,2019-11-02,,12.31136035919189
DA020,2019-11-02,,27.10454940795898
DA020,2019-11-02,,13.48320960998535
DA020,2019-11-02,,6.640000343322754
DA020,2019-11-03,,9.130000114440918
DA020,2019-11-03,,28.4648609161377
DA020,2019-11-03,,15.34589958190918
DA020,2019-11-03,,18.43174934387207
DA020,2019-11-04,,24.05290031433105
DA020,2019-11-04,,17.02444076538086
DA020,2019-11-04,,25.5700798034668
DA020,2019-11-05,,10.13167953491211
DA020,2019-11-05,,55.26657867431641
DA020,2019-11-05,,17.62412071228027
DA020,2019-11-06,,12.41485977172852
DA020,2019-11-06,,28.4648609161377
DA020,2019-11-06,,13.90198993682861
DA020,2019-11-06,,8.043000221252441
DA020,2019-11-07,,1.425999999046326
DA020,2019-11-07,,38.72183990478516
DA020,2019-11-07,,11.22583961486816
DA020,2019-11-08,,10.533860206604
DA020,2019-11-08,,14.18894004821777
DA020,2019-11-08,,14.86285972595215
DA020,2019-11-09,,14.3138599395752
DA020,2019-11-09,,58.41239166259766
DA020,2019-11-09,,16.89213943481445
DA020,2019-11-09,,2.342999935150146
DA021,2019-10-29,8:02,12.67885971069336
DA021,2019-10-29,11:45,61.12607955932617
DA021,2019-10-29,17:00,25.62582969665527
DA021,2019-10-29,22:45,13.82999992370605
DA021,2019-10-30,8:45,12.41485977172852
DA021,2019-10-30,12:52,60.14286041259766
DA021,2019-10-30,17:00,13.91959953308105
DA021,2019-10-30,19:56,17.20499992370605
DA021,2019-10-31,6:45,11.95985984802246
DA021,2019-10-31,12:37,23.6294002532959
DA021,2019-10-31,17:00,23.99588012695312
DA021,2019-10-31,20:31,19.22999954223633
DA021,2019-11-01,08:00,19.10635948181152
DA021,2019-11-01,12:00,26.65480995178223
DA021,2019-11-01,16:52,19.12236022949219
DA021,2019-11-01,20:57,19.22999954223633
DA021,2019-11-10,7:52,5.688000202178955
DA021,2019-11-10,12:07,26.10856056213379
DA021,2019-11-10,17:52,31.38010025024414
DA021,2019-11-11,,18.17486000061035
DA021,2019-11-11,,31.16848945617676
DA021,2019-11-11,,24.48077964782715
DA021,2019-11-12,,12.30683994293213
DA021,2019-11-12,,65.01347351074219
DA021,2019-11-12,,38.72183990478516
DA021,2019-11-02,08:00,12.31136035919189
DA021,2019-11-02,12:00,27.10454940795898
DA021,2019-11-02,17:37,13.48320960998535
DA021,2019-11-02,20:37,19.22999954223633
DA021,2019-11-03,7:52,19.43400001525879
DA021,2019-11-03,12:00,19.49935913085938
DA021,2019-11-03,17:00,15.34589958190918
DA021,2019-11-03,20:22,19.22999954223633
DA021,2019-11-04,6:30,15.80000019073486
DA021,2019-11-04,11:52,24.05290031433105
DA021,2019-11-04,17:00,17.02444076538086
DA021,2019-11-04,21:37,3.375
DA021,2019-11-05,7:37,12.61386013031006
DA021,2019-11-05,12:43,55.26657867431641
DA021,2019-11-05,17:00,17.62412071228027
DA021,2019-11-05,20:07,3.375
DA021,2019-11-06,8:07,12.41485977172852
DA021,2019-11-06,12:00,19.49935913085938
DA021,2019-11-06,17:00,13.90198993682861
DA021,2019-11-06,20:37,3.375
DA021,2019-11-07,7:52,5.451839923858643
DA021,2019-11-07,12:00,34.89355087280273
DA021,2019-11-07,17:00,38.72183990478516
DA021,2019-11-07,19:12,3.375
DA021,2019-11-08,8:22,10.533860206604
DA021,2019-11-08,12:45,14.18894004821777
DA021,2019-11-08,17:00,14.86285972595215
DA021,2019-11-09,7:30,12.42385959625244
DA021,2019-11-09,13:00,58.41239166259766
DA021,2019-11-09,17:00,16.89213943481445
DA022,2019-10-29,8:03,12.67885971069336
DA022,2019-10-29,12:00,61.12607955932617
DA022,2019-10-29,17:00,25.62582969665527
DA022,2019-10-29,19:59,10.01074981689453
DA022,2019-10-30,7:48,20.27486038208008
DA022,2019-10-30,12:48,60.14286041259766
DA022,2019-10-30,17:00,13.91959953308105
DA022,2019-10-30,19:08,7.384749889373779
DA022,2019-10-31,7:10,11.95985984802246
DA022,2019-10-31,12:00,23.6294002532959
DA022,2019-10-31,17:00,23.99588012695312
DA022,2019-10-31,22:03,8.734749794006348
DA022,2019-11-01,8:13,19.10635948181152
DA022,2019-11-01,12:55,26.65480995178223
DA022,2019-11-01,17:00,19.12236022949219
DA022,2019-11-01,19:59,6.035999774932861
DA022,2019-11-10,,8.37600040435791
DA022,2019-11-10,,26.10856056213379
DA022,2019-11-10,,31.38010025024414
DA022,2019-11-10,,3.693000078201294
DA022,2019-11-11,,19.83386039733887
DA022,2019-11-11,,31.16848945617676
DA022,2019-11-11,,24.48077964782715
DA022,2019-11-12,,12.30683994293213
DA022,2019-11-12,,65.01347351074219
DA022,2019-11-02,,12.31136035919189
DA022,2019-11-02,,27.10454940795898
DA022,2019-11-02,,13.48320960998535
DA022,2019-11-02,,6.035999774932861
DA022,2019-11-03,,12.13000011444092
DA022,2019-11-03,,28.4648609161377
DA022,2019-11-03,,15.34589958190918
DA022,2019-11-03,,9.704999923706055
DA022,2019-11-04,,22.44000053405762
DA022,2019-11-04,,24.05290031433105
DA022,2019-11-04,,17.02444076538086
DA022,2019-11-04,,8.850000381469727
DA022,2019-11-05,,12.61386013031006
DA022,2019-11-05,,55.26657867431641
DA022,2019-11-05,,17.62412071228027
DA022,2019-11-05,,1.350000023841858
DA022,2019-11-06,,12.41485977172852
DA022,2019-11-06,,28.4648609161377
DA022,2019-11-06,,13.90198993682861
DA022,2019-11-06,,1.350000023841858
DA022,2019-11-07,,5.451839923858643
DA022,2019-11-07,,34.89355087280273
DA022,2019-11-07,,38.72183990478516
DA022,2019-11-07,,3.320000171661377
DA022,2019-11-08,,19.10635948181152
DA022,2019-11-08,,14.18894004821777
DA022,2019-11-08,,14.86285972595215
DA022,2019-11-08,,1.350000023841858
DA022,2019-11-09,,12.42385959625244
DA022,2019-11-09,,58.41239166259766
DA022,2019-11-09,,16.89213943481445
DA022,2019-11-09,,2.342999935150146
DA023,2019-10-29,7:52,9.79675006866455
DA023,2019-10-29,11:58,55.85914993286133
DA023,2019-10-29,17:00,20.35890007019043
DA023,2019-10-29,20:27,18.52400016784668
DA023,2019-10-30,7:35,11.99100017547607
DA023,2019-10-30,12:50,54.87593078613281
DA023,2019-10-30,17:27,8.652669906616211
DA023,2019-10-30,22:12,7.875
DA023,2019-10-31,08:00,16.80293083190918
DA023,2019-10-31,12:00,18.36247062683105
DA023,2019-10-31,17:05,18.72895050048828
DA023,2019-10-31,21:52,27.93365097045898
DA023,2019-11-01,7:35,16.44943046569824
DA023,2019-11-01,12:13,21.38788032531738
DA023,2019-11-01,17:52,13.85542964935303
DA023,2019-11-01,22:42,25.9736499786377
DA023,2019-11-10,7:57,8.37600040435791
DA023,2019-11-10,11:58,26.10856056213379
DA023,2019-11-10,17:27,31.38010025024414
DA023,2019-11-10,22:07,0.05265999957919121
DA023,2019-11-11,,19.83386039733887
DA023,2019-11-11,,31.16848945617676
DA023,2019-11-11,,24.48077964782715
DA023,2019-11-11,,0.9433000087738037
DA023,2019-11-12,,12.30683994293213
DA023,2019-11-12,,65.01347351074219
DA023,2019-11-02,7:28,9.654430389404297
DA023,2019-11-02,12:35,21.83761978149414
DA023,2019-11-02,17:42,8.216279983520508
DA023,2019-11-03,8:35,19.6299991607666
DA023,2019-11-03,12:00,23.19792938232422
DA023,2019-11-03,17:00,10.07896995544434
DA023,2019-11-03,21:57,11.32631015777588
DA023,2019-11-04,6:43,17.46000099182129
DA023,2019-11-04,12:43,18.78597068786621
DA023,2019-11-04,17:00,11.7575101852417
DA023,2019-11-04,20:37,26.02630996704102
DA023,2019-11-05,08:00,7.346930027008057
DA023,2019-11-05,12:00,49.99964904785156
DA023,2019-11-05,17:52,12.35719013214111
DA023,2019-11-06,08:00,15.00792980194092
DA023,2019-11-06,11:22,23.19792938232422
DA023,2019-11-06,17:05,8.63506031036377
DA023,2019-11-06,21:57,0.9433000087738037
DA023,2019-11-07,8:22,20.91840934753418
DA023,2019-11-07,12:00,34.89355087280273
DA023,2019-11-07,17:00,10.533860206604
DA023,2019-11-07,20:00,11.58166027069092
DA023,2019-11-08,7:35,19.10635948181152
DA023,2019-11-08,12:00,14.18894004821777
DA023,2019-11-08,17:00,10.533860206604
DA023,2019-11-08,22:02,51.64762878417969
DA023,2019-11-09,7:58,12.42385959625244
DA023,2019-11-09,12:00,58.41239166259766
DA023,2019-11-09,16:12,16.89213943481445
DA023,2019-11-09,22:27,9.509699821472168
DA024,2019-10-29,7:07,10.19668006896973
DA024,2019-10-29,12:00,61.12607955932617
DA024,2019-10-29,17:00,25.62582969665527
DA024,2019-10-29,19:12,7.051449775695801
DA024,2019-10-30,6:42,9.932680130004883
DA024,2019-10-30,12:00,60.14286041259766
DA024,2019-10-30,17:00,13.91959953308105
DA024,2019-10-30,20:00,5.041749954223633
DA024,2019-10-31,7:24,11.95985984802246
DA024,2019-10-31,12:00,23.6294002532959
DA024,2019-10-31,17:00,23.99588012695312
DA024,2019-10-31,19:17,5.041749954223633
DA024,2019-11-01,08:00,19.10635948181152
DA024,2019-11-01,12:00,26.65480995178223
DA024,2019-11-01,16:39,19.12236022949219
DA024,2019-11-01,21:07,5.041749954223633
DA024,2019-11-10,,8.37600040435791
DA024,2019-11-10,,26.10856056213379
DA024,2019-11-10,,31.38010025024414
DA024,2019-11-11,,1.440000057220459
DA024,2019-11-11,,31.16848945617676
DA024,2019-11-11,,24.48077964782715
DA024,2019-11-12,,12.30683994293213
DA024,2019-11-12,,65.01347351074219
DA024,2019-11-02,6:28,12.31136035919189
DA024,2019-11-02,12:54,27.10454940795898
DA024,2019-11-02,17:32,13.48320960998535
DA024,2019-11-02,22:02,10.22008037567139
DA024,2019-11-03,7:24,8.477999687194824
DA024,2019-11-03,12:00,28.4648609161377
DA024,2019-11-03,17:00,15.34589958190918
DA024,2019-11-03,19:22,10.22008037567139
DA024,2019-11-04,12:00,24.05290031433105
DA024,2019-11-04,19:12,6.701749801635742
DA024,2019-11-05,8:07,10.13167953491211
DA024,2019-11-05,12:16,55.26657867431641
DA024,2019-11-05,17:00,17.62412071228027
DA024,2019-11-05,20:00,7.051449775695801
DA024,2019-11-06,,12.41485977172852
DA024,2019-11-06,,28.4648609161377
DA024,2019-11-06,,13.90198993682861
DA024,2019-11-07,,6.692930221557617
DA024,2019-11-07,,34.89355087280273
DA024,2019-11-07,,38.72183990478516
DA024,2019-11-08,,19.10635948181152
DA024,2019-11-08,,14.18894004821777
DA024,2019-11-08,,14.86285972595215
DA024,2019-11-09,,12.42385959625244
DA024,2019-11-09,,58.41239166259766
DA024,2019-11-09,,16.89213943481445
DA025,2019-10-29,08:00,12.67885971069336
DA025,2019-10-29,12:00,35.82997131347656
DA025,2019-10-29,17:00,18.0798454284668
DA025,2019-10-29,20:23,8.569999694824219
DA025,2019-10-30,08:00,12.10783958435059
DA025,2019-10-30,12:00,60.14286041259766
DA025,2019-10-30,17:43,12.22673034667969
DA025,2019-10-30,21:53,9.044750213623047
DA025,2019-10-31,08:00,10.87806701660156
DA025,2019-10-31,11:09,17.08163070678711
DA025,2019-10-31,17:23,17.26486968994141
DA025,2019-10-31,20:38,4.902999877929688
DA025,2019-11-01,7:44,19.10635948181152
DA025,2019-11-01,12:09,18.59433555603027
DA025,2019-11-01,17:00,14.82810974121094
DA025,2019-11-01,19:13,5.119999885559082
DA025,2019-11-10,8:31,5.688000202178955
DA025,2019-11-10,12:00,18.32121086120605
DA025,2019-11-10,17:00,20.95697975158691
DA025,2019-11-10,21:08,3.009999990463257
DA025,2019-11-11,,19.83386039733887
DA025,2019-11-11,,20.85117530822754
DA025,2019-11-11,,17.50732040405273
DA025,2019-11-12,,12.30683994293213
DA025,2019-11-12,,65.01347351074219
DA025,2019-11-02,6:31,12.31136035919189
DA025,2019-11-02,12:00,18.81920433044434
DA025,2019-11-02,17:00,12.00853538513184
DA025,2019-11-02,22:08,9.711750030517578
DA025,2019-11-03,08:00,12.13000011444092
DA025,2019-11-03,12:00,28.4648609161377
DA025,2019-11-03,17:00,12.93988037109375
DA025,2019-11-03,21:12,5.941750049591064
DA025,2019-11-04,08:00,11.30000019073486
DA025,2019-11-04,12:00,17.29338073730469
DA025,2019-11-04,17:00,13.77915000915527
DA025,2019-11-04,22:46,7.322999954223633
DA025,2019-11-05,08:00,12.61386013031006
DA025,2019-11-05,12:31,32.90021896362305
DA025,2019-11-05,17:00,14.07898998260498
DA025,2019-11-05,19:53,6.52387523651123
DA025,2019-11-06,08:00,12.41485977172852
DA025,2019-11-06,12:00,28.4648609161377
DA025,2019-11-06,16:08,12.21792507171631
DA025,2019-11-06,21:01,0.8999999761581421
DA025,2019-11-07,08:00,10.61004734039307
DA025,2019-11-07,12:00,22.71370506286621
DA025,2019-11-07,17:00,24.62784957885742
DA025,2019-11-07,19:03,1.350000023841858
DA025,2019-11-08,8:54,19.10635948181152
DA025,2019-11-08,12:39,12.36139965057373
DA025,2019-11-08,17:00,12.69836044311523
DA025,2019-11-08,19:13,0.8999999761581421
DA025,2019-11-09,8:50,12.42385959625244
DA025,2019-11-09,12:00,34.47312545776367
DA025,2019-11-09,17:00,13.71300029754639
DA025,2019-11-09,19:18,6.391749858856201
DA026,2019-10-29,08:00,7.186749935150146
DA026,2019-10-29,12:00,55.85914993286133
DA026,2019-10-29,17:00,20.35890007019043
DA026,2019-10-29,19:45,14.25144958496094
DA026,2019-10-30,8:41,1.88100004196167
DA026,2019-10-30,12:00,54.87593078613281
DA026,2019-10-30,16:15,8.652669906616211
DA026,2019-10-30,19:19,23.55097007751465
DA026,2019-10-31,7:15,16.80293083190918
DA026,2019-10-31,11:52,18.36247062683105
DA026,2019-10-31,17:00,18.72895050048828
DA026,2019-10-31,20:00,18.61999893188477
DA026,2019-11-01,08:00,23.94943046569824
DA026,2019-11-01,12:00,21.38788032531738
DA026,2019-11-01,16:15,13.85542964935303
DA026,2019-11-01,20:03,29.94127082824707
DA026,2019-11-10,6:07,5.688000202178955
DA026,2019-11-10,11:20,20.84163093566895
DA026,2019-11-10,17:00,26.1131706237793
DA026,2019-11-10,20:52,7.55265998840332
DA026,2019-11-11,,22.06693077087402
DA026,2019-11-11,,25.90155982971191
DA026,2019-11-11,,24.48077964782715
DA026,2019-11-11,,7.5
DA026,2019-11-12,,12.30683994293213
DA026,2019-11-12,,59.74654006958008
DA026,2019-11-02,9:00,17.1544303894043
DA026,2019-11-02,12:00,21.83761978149414
DA026,2019-11-02,17:00,8.216279983520508
DA026,2019-11-03,6:55,12.13000011444092
DA026,2019-11-03,12:00,23.19792938232422
DA026,2019-11-03,17:00,10.07896995544434
DA026,2019-11-03,21:00,19.68000030517578
DA026,2019-11-04,08:00,15.80000019073486
DA026,2019-11-04,12:37,18.78597068786621
DA026,2019-11-04,17:07,11.7575101852417
DA026,2019-11-04,21:00,7.252659797668457
DA026,2019-11-05,08:00,7.346930027008057
DA026,2019-11-05,12:00,49.99964904785156
DA026,2019-11-05,17:22,12.35719013214111
DA026,2019-11-05,20:49,14.69999980926514
DA026,2019-11-06,7:37,22.50793075561523
DA026,2019-11-06,12:05,23.19792938232422
DA026,2019-11-06,17:00,8.63506031036377
DA026,2019-11-06,20:00,14.75265979766846
DA026,2019-11-07,6:00,28.41840934753418
DA026,2019-11-07,12:00,29.62661933898926
DA026,2019-11-07,17:00,9.595930099487305
DA026,2019-11-07,21:45,16.10265922546387
DA026,2019-11-08,08:00,21.33942985534668
DA026,2019-11-08,12:00,8.92201042175293
DA026,2019-11-08,17:34,33.45491027832031
DA026,2019-11-08,22:00,15.30000019073486
DA026,2019-11-09,08:00,14.6569299697876
DA026,2019-11-09,12:00,53.14545822143555
DA026,2019-11-09,16:52,11.62520980834961
DA026,2019-11-09,19:30,10.1879997253418
DA027,2019-10-29,7:46,6.170839786529541
DA027,2019-10-29,12:31,55.85914993286133
DA027,2019-10-29,17:00,20.35890007019043
DA027,2019-10-30,7:01,1.88100004196167
DA027,2019-10-30,12:00,54.87593078613281
DA027,2019-10-30,17:30,8.652669906616211
DA027,2019-10-30,22:15,5.041749954223633
DA027,2019-10-31,08:00,6.692930221557617
DA027,2019-10-31,12:00,18.36247062683105
DA027,2019-10-31,17:11,18.72895050048828
DA027,2019-10-31,21:38,5.041749954223633
DA027,2019-11-01,7:23,13.83942985534668
DA027,2019-11-01,12:16,21.38788032531738
DA027,2019-11-01,17:00,13.85542964935303
DA027,2019-11-01,19:23,5.041749954223633
DA027,2019-11-10,8:46,8.37600040435791
DA027,2019-11-10,12:00,20.84163093566895
DA027,2019-11-10,17:00,26.1131706237793
DA027,2019-11-11,,11.66683959960938
DA027,2019-11-11,,25.90155982971191
DA027,2019-11-11,,19.2138500213623
DA027,2019-11-12,,12.30683994293213
DA027,2019-11-12,,59.74654006958008
DA027,2019-11-12,,33.45491027832031
DA027,2019-11-02,8:01,7.044429779052734
DA027,2019-11-02,12:38,21.83761978149414
DA027,2019-11-02,17:00,8.216279983520508
DA027,2019-11-02,20:35,5.041749954223633
DA027,2019-11-03,8:11,12.13000011444092
DA027,2019-11-03,12:00,23.19792938232422
DA027,2019-11-03,17:00,10.07896995544434
DA027,2019-11-04,6:46,11.66683959960938
DA027,2019-11-04,12:16,18.78597068786621
DA027,2019-11-04,17:00,11.7575101852417
DA027,2019-11-05,7:15,12.30683994293213
DA027,2019-11-05,12:00,49.99964904785156
DA027,2019-11-05,17:50,12.35719013214111
DA027,2019-11-06,6:41,7.147930145263672
DA027,2019-11-06,11:08,23.19792938232422
DA027,2019-11-06,16:45,8.63506031036377
DA027,2019-11-07,7:46,6.692930221557617
DA027,2019-11-07,12:38,29.62661933898926
DA027,2019-11-07,18:00,33.45491027832031
DA027,2019-11-08,6:26,13.83942985534668
DA027,2019-11-08,12:38,8.92201042175293
DA027,2019-11-08,17:20,9.595930099487305
DA027,2019-11-09,8:53,7.156929969787598
DA027,2019-11-09,12:00,53.14545822143555
DA027,2019-11-09,17:00,11.62520980834961
DA028,2019-10-29,6:12,2.144999980926514
DA028,2019-10-29,11:52,61.12607955932617
DA028,2019-10-29,16:15,25.62582969665527
DA028,2019-10-30,8:45,1.88100004196167
DA028,2019-10-30,12:22,60.14286041259766
DA028,2019-10-30,17:00,13.91959953308105
DA028,2019-10-31,9:00,11.95985984802246
DA028,2019-10-31,12:07,23.6294002532959
DA028,2019-10-31,17:00,23.99588012695312
DA028,2019-11-01,8:07,19.10635948181152
DA028,2019-11-01,12:07,26.65480995178223
DA028,2019-11-01,17:00,19.12236022949219
DA028,2019-11-10,,5.688000202178955
DA028,2019-11-10,,26.10856056213379
DA028,2019-11-10,,31.38010025024414
DA028,2019-11-10,,15.05265998840332
DA028,2019-11-11,,22.06693077087402
DA028,2019-11-11,,31.16848945617676
DA028,2019-11-11,,24.48077964782715
DA028,2019-11-11,,7.5
DA028,2019-11-12,,12.30683994293213
DA028,2019-11-12,,65.01347351074219
DA028,2019-11-02,8:07,12.31136035919189
DA028,2019-11-02,11:22,27.10454940795898
DA028,2019-11-02,17:00,13.48320960998535
DA028,2019-11-03,8:37,13.14385986328125
DA028,2019-11-03,12:22,28.4648609161377
DA028,2019-11-03,17:48,15.34589958190918
DA028,2019-11-04,7:23,13.14385986328125
DA028,2019-11-04,11:37,24.05290031433105
DA028,2019-11-04,17:00,17.02444076538086
DA028,2019-11-04,21:58,14.75265979766846
DA028,2019-11-05,08:00,12.61386013031006
DA028,2019-11-05,12:00,55.26657867431641
DA028,2019-11-05,17:00,17.62412071228027
DA028,2019-11-05,19:33,7.5
DA028,2019-11-06,7:52,27.77486038208008
DA028,2019-11-06,12:00,28.4648609161377
DA028,2019-11-06,20:00,22.20000076293945
DA028,2019-11-07,,28.41840934753418
DA028,2019-11-07,,34.89355087280273
DA028,2019-11-07,,14.86285972595215
DA028,2019-11-07,,14.69999980926514
DA028,2019-11-08,,26.60635948181152
DA028,2019-11-08,,14.18894004821777
DA028,2019-11-08,,38.72183990478516
DA028,2019-11-08,,7.5
DA028,2019-11-09,,19.92386054992676
DA028,2019-11-09,,58.41239166259766
DA028,2019-11-09,,16.89213943481445
DA028,2019-11-09,,10.1879997253418
DA029,2019-10-29,7:58,12.67885971069336
DA029,2019-10-29,12:08,35.82997131347656
DA029,2019-10-29,17:00,18.0798454284668
DA029,2019-10-29,20:03,20.0
DA029,2019-10-30,6:55,20.27486038208008
DA029,2019-10-30,12:55,60.14286041259766
DA029,2019-10-30,17:00,12.22673034667969
DA029,2019-10-30,21:18,5.041749954223633
DA029,2019-10-31,08:00,10.87806701660156
DA029,2019-10-31,12:00,17.08163070678711
DA029,2019-10-31,17:00,17.26486968994141
DA029,2019-10-31,20:00,2.924999952316284
DA029,2019-11-01,8:03,19.10635948181152
DA029,2019-11-01,12:18,18.59433555603027
DA029,2019-11-01,17:53,14.82810974121094
DA029,2019-11-01,20:00,2.559999942779541
DA029,2019-11-10,,5.688000202178955
DA029,2019-11-10,,18.32121086120605
DA029,2019-11-10,,20.95697975158691
DA029,2019-11-11,,19.83386039733887
DA029,2019-11-11,,20.85117530822754
DA029,2019-11-11,,17.50732040405273
DA029,2019-11-11,,0.8999999761581421
DA029,2019-11-12,,12.30683994293213
DA029,2019-11-12,,65.01347351074219
DA029,2019-11-02,,12.31136035919189
DA029,2019-11-02,,18.81920433044434
DA029,2019-11-02,,12.00853538513184
DA029,2019-11-03,,12.13000011444092
DA029,2019-11-03,,28.4648609161377
DA029,2019-11-03,,12.93988037109375
DA029,2019-11-04,,26.63999938964844
DA029,2019-11-04,,17.29338073730469
DA029,2019-11-04,,13.77915000915527
DA029,2019-11-05,,12.61386013031006
DA029,2019-11-05,,32.90021896362305
DA029,2019-11-05,,14.07898998260498
DA029,2019-11-06,,12.41485977172852
DA029,2019-11-06,,28.4648609161377
DA029,2019-11-06,,12.21792507171631
DA029,2019-11-07,,10.61004734039307
DA029,2019-11-07,,22.71370506286621
DA029,2019-11-07,,24.62784957885742
DA029,2019-11-08,,19.10635948181152
DA029,2019-11-08,,12.36139965057373
DA029,2019-11-08,,12.69836044311523
DA029,2019-11-09,,12.42385959625244
DA029,2019-11-09,,34.47312545776367
DA029,2019-11-09,,13.71300029754639
DA030,2019-10-29,08:00,4.157919883728027
DA030,2019-10-29,12:00,53.22568511962891
DA030,2019-10-29,17:14,12.81291484832764
DA030,2019-10-29,21:59,8.172940254211426
DA030,2019-10-30,08:00,7.207459926605225
DA030,2019-10-30,12:00,8.652669906616211
DA030,2019-10-30,16:56,8.652669906616211
DA030,2019-10-30,20:33,24.79664993286133
DA030,2019-10-31,7:48,22.63346481323242
DA030,2019-10-31,12:44,18.36247062683105
DA030,2019-10-31,17:15,16.09548568725586
DA030,2019-10-31,20:00,7.830070018768311
DA030,2019-11-01,08:00,11.20596504211426
DA030,2019-11-01,12:00,21.38788032531738
DA030,2019-11-01,17:00,11.22196483612061
DA030,2019-11-01,20:29,10.67502975463867
DA030,2019-11-10,6:48,3.0
DA030,2019-11-10,11:52,20.84163093566895
DA030,2019-11-10,17:03,26.1131706237793
DA030,2019-11-10,21:48,8.797980308532715
DA030,2019-11-11,,3.452919960021973
DA030,2019-11-11,,25.90155982971191
DA030,2019-11-11,,19.2138500213623
DA030,2019-11-11,,4.727620124816895
DA030,2019-11-12,,11.95291996002197
DA030,2019-11-12,,59.74654006958008
DA030,2019-11-02,08:00,4.410964965820312
DA030,2019-11-02,12:00,21.83761978149414
DA030,2019-11-02,16:33,4.108139991760254
DA030,2019-11-02,20:56,9.352729797363281
DA030,2019-11-03,08:00,19.43400001525879
DA030,2019-11-03,12:00,4.874839782714844
DA030,2019-11-03,16:14,10.07896995544434
DA030,2019-11-03,21:26,6.067620277404785
DA030,2019-11-04,8:03,9.15999984741211
DA030,2019-11-04,11:48,18.78597068786621
DA030,2019-11-04,17:59,11.7575101852417
DA030,2019-11-04,20:00,2.105319976806641
DA030,2019-11-05,08:00,4.713465213775635
DA030,2019-11-05,11:39,49.99964904785156
DA030,2019-11-05,17:56,12.35719013214111
DA030,2019-11-05,21:26,8.032485008239746
DA030,2019-11-06,08:00,7.147930145263672
DA030,2019-11-06,11:30,14.23243045806885
DA030,2019-11-06,17:00,8.63506031036377
DA030,2019-11-06,22:48,0.9433000087738037
DA030,2019-11-07,6:03,4.059464931488037
DA030,2019-11-07,12:00,29.62661933898926
DA030,2019-11-07,17:00,33.45491027832031
DA030,2019-11-07,21:03,5.487070083618164
DA030,2019-11-08,08:00,11.20596504211426
DA030,2019-11-08,12:00,8.92201042175293
DA030,2019-11-08,16:09,6.962464809417725
DA030,2019-11-08,21:14,4.665319919586182
DA030,2019-11-09,7:26,7.156929969787598
DA030,2019-11-09,11:48,53.14545822143555
DA030,2019-11-09,17:54,11.62520980834961
DA030,2019-11-09,21:59,5.689330101013184
DA031,2019-10-29,6:52,14.03083992004395
DA031,2019-10-29,12:52,53.22568511962891
DA031,2019-10-29,20:37,19.43738555908203
DA031,2019-10-30,8:48,10.22684001922607
DA031,2019-10-30,12:00,52.24246597290039
DA031,2019-10-30,17:00,3.385740041732788
DA031,2019-10-30,19:55,26.37382507324219
DA031,2019-10-31,6:44,2.989964962005615
DA031,2019-10-31,12:00,11.81470012664795
DA031,2019-10-31,16:26,13.46201992034912
DA031,2019-10-31,20:00,12.02389526367188
DA031,2019-11-01,7:37,29.37943077087402
DA031,2019-11-01,12:44,21.38788032531738
DA031,2019-11-01,17:00,8.588500022888184
DA031,2019-11-01,20:32,19.53451538085938
DA031,2019-11-10,7:22,5.688000202178955
DA031,2019-11-10,12:07,20.84163093566895
DA031,2019-11-10,17:00,26.1131706237793
DA031,2019-11-10,20:00,10.0620002746582
DA031,2019-11-11,,5.465839862823486
DA031,2019-11-11,,25.90155982971191
DA031,2019-11-11,,19.2138500213623
DA031,2019-11-11,,20.23661994934082
DA031,2019-11-12,,6.10584020614624
DA031,2019-11-12,,59.74654006958008
DA031,2019-11-02,7:22,7.044429779052734
DA031,2019-11-02,11:46,21.83761978149414
DA031,2019-11-02,17:10,2.949350118637085
DA031,2019-11-02,22:44,24.42477035522461
DA031,2019-11-03,12:00,14.23243045806885
DA031,2019-11-03,20:07,35.73929595947266
DA031,2019-11-04,8:16,9.15999984741211
DA031,2019-11-04,11:52,18.78597068786621
DA031,2019-11-04,22:52,14.23239040374756
DA031,2019-11-05,7:37,4.545839786529541
DA031,2019-11-05,12:07,49.99964904785156
DA031,2019-11-05,21:29,8.750639915466309
DA031,2019-11-06,8:12,7.147930145263672
DA031,2019-11-06,12:00,14.23243045806885
DA031,2019-11-06,17:52,13.90198993682861
DA031,2019-11-06,21:51,10.68474960327148
DA031,2019-11-07,6:59,5.97992992401123
DA031,2019-11-07,12:18,29.62661933898926
DA031,2019-11-07,17:37,47.37197875976562
DA031,2019-11-07,21:41,21.47336769104004
DA031,2019-11-08,7:22,13.83942985534668
DA031,2019-11-08,12:44,8.92201042175293
DA031,2019-11-08,17:41,4.328999996185303
DA031,2019-11-08,22:22,26.57803916931152
DA031,2019-11-09,08:00,7.156929969787598
DA031,2019-11-09,11:22,53.14545822143555
DA031,2019-11-09,16:22,11.62520980834961
DA031,2019-11-09,19:37,9.105330467224121
DA032,2019-10-29,08:00,3.085419893264771
DA032,2019-10-29,12:00,55.85914993286133
DA032,2019-10-29,17:00,17.72543525695801
DA032,2019-10-29,19:31,5.105319976806641
DA032,2019-10-30,08:00,12.10783958435059
DA032,2019-10-30,12:00,6.019205093383789
DA032,2019-10-30,17:11,6.019205093383789
DA032,2019-10-30,22:41,14.6463098526001
DA032,2019-10-31,08:00,5.997465133666992
DA032,2019-10-31,12:00,15.72900485992432
DA032,2019-10-31,16:11,16.09548568725586
DA032,2019-10-31,22:49,3.372660160064697
DA032,2019-11-01,08:00,11.20596504211426
DA032,2019-11-01,12:00,18.75441551208496
DA032,2019-11-01,16:51,11.22196483612061
DA032,2019-11-01,20:51,10.7956600189209
DA032,2019-11-10,08:00,2.687999963760376
DA032,2019-11-10,12:00,18.20816421508789
DA032,2019-11-10,17:00,23.47970581054688
DA032,2019-11-10,20:16,4.263299942016602
DA032,2019-11-11,,4.073464870452881
DA032,2019-11-11,,23.26809501647949
DA032,2019-11-11,,16.58038520812988
DA032,2019-11-11,,22.14400100708008
DA032,2019-11-12,,4.713465213775635
DA032,2019-11-12,,57.11307525634766
DA032,2019-11-02,8:22,4.410964965820312
DA032,2019-11-02,12:00,19.20415496826172
DA032,2019-11-02,17:00,5.582815170288086
DA032,2019-11-02,21:23,9.47998046875
DA032,2019-11-03,7:04,16.43400001525879
DA032,2019-11-03,11:19,11.59896469116211
DA032,2019-11-03,16:06,7.445505142211914
DA032,2019-11-03,21:26,9.305049896240234
DA032,2019-11-04,8:04,1.660000085830688
DA032,2019-11-04,12:00,16.15250587463379
DA032,2019-11-04,16:41,9.124045372009277
DA032,2019-11-04,21:01,3.817980051040649
DA032,2019-11-05,6:42,4.713465213775635
DA032,2019-11-05,12:00,47.36618423461914
DA032,2019-11-05,17:00,9.723725318908691
DA032,2019-11-05,20:41,8.032485008239746
DA032,2019-11-06,6:37,4.514464855194092
DA032,2019-11-06,12:26,11.59896469116211
DA032,2019-11-06,17:00,6.001595020294189
DA032,2019-11-06,20:00,22.65031051635742
DA032,2019-11-07,6:42,4.059464931488037
DA032,2019-11-07,12:00,26.99315452575684
DA032,2019-11-07,17:19,30.82144546508789
DA032,2019-11-07,21:56,16.68427085876465
DA032,2019-11-08,9:00,11.20596504211426
DA032,2019-11-08,12:00,6.28854513168335
DA032,2019-11-08,16:56,6.962464809417725
DA032,2019-11-08,20:34,9.009485244750977
DA032,2019-11-09,08:00,4.523465156555176
DA032,2019-11-09,11:31,50.51199340820312
DA032,2019-11-09,17:26,8.991744995117188
DA032,2019-11-09,22:06,8.783280372619629
DA033,2019-10-29,08:00,12.42208957672119
DA033,2019-10-29,12:00,55.85914993286133
DA033,2019-10-29,16:05,20.35890007019043
DA033,2019-10-29,21:41,8.982999801635742
DA033,2019-10-30,6:26,10.69709014892578
DA033,2019-10-30,12:21,54.87593078613281
DA033,2019-10-30,16:45,1.692870020866394
DA033,2019-10-30,19:41,17.2230110168457
DA033,2019-10-31,08:00,5.623429775238037
DA033,2019-10-31,12:01,18.36247062683105
DA033,2019-10-31,17:00,13.46201992034912
DA033,2019-10-31,22:45,17.66616249084473
DA033,2019-11-01,7:11,13.83942985534668
DA033,2019-11-01,12:01,21.38788032531738
DA033,2019-11-01,17:41,8.588500022888184
DA033,2019-11-01,22:11,14.27225971221924
DA033,2019-11-10,12:00,13.05428028106689
DA033,2019-11-10,17:00,10.42311954498291
DA033,2019-11-10,19:35,5.041749954223633
DA033,2019-11-11,7:46,5.626930236816406
DA033,2019-11-11,12:00,25.90155982971191
DA033,2019-11-11,17:00,13.94692039489746
DA033,2019-11-11,20:00,7.76847505569458
DA033,2019-11-12,,7.346930027008057
DA033,2019-11-12,,59.74654006958008
DA033,2019-11-02,08:00,3.077840089797974
DA033,2019-11-02,12:00,19.20415496826172
DA033,2019-11-02,16:26,2.949350118637085
DA033,2019-11-02,22:05,15.53999996185303
DA033,2019-11-03,6:15,19.43400001525879
DA033,2019-11-03,12:00,7.116215229034424
DA033,2019-11-03,17:00,10.07896995544434
DA033,2019-11-03,20:00,2.342999935150146
DA033,2019-11-04,12:00,12.02645015716553
DA033,2019-11-04,17:00,11.7575101852417
DA033,2019-11-04,20:15,29.89128112792969
DA033,2019-11-05,08:00,5.786930084228516
DA033,2019-11-05,12:00,49.99964904785156
DA033,2019-11-05,17:38,12.35719013214111
DA033,2019-11-05,22:05,24.43880081176758
DA033,2019-11-06,6:53,6.207429885864258
DA033,2019-11-06,12:00,4.482749938964844
DA033,2019-11-06,17:00,3.368129968643188
DA033,2019-11-06,20:00,15.23294067382812
DA033,2019-11-07,8:01,5.97992992401123
DA033,2019-11-07,12:00,29.62661933898926
DA033,2019-11-07,17:00,5.266930103302002
DA033,2019-11-07,20:00,10.62028026580811
DA033,2019-11-08,08:00,13.83942985534668
DA033,2019-11-08,12:00,8.92201042175293
DA033,2019-11-08,17:00,4.328999996185303
DA033,2019-11-08,21:15,17.26242446899414
DA033,2019-11-09,7:23,5.739429950714111
DA033,2019-11-09,12:46,53.14545822143555
DA033,2019-11-09,17:00,6.358280181884766
DA033,2019-11-09,20:00,3.05265998840332
DA034,2019-10-29,7:37,10.94542026519775
DA034,2019-10-29,12:00,53.22568511962891
DA034,2019-10-29,17:00,2.633465051651001
DA034,2019-10-29,22:22,5.941750049591064
DA034,2019-10-30,08:00,10.22684001922607
DA034,2019-10-30,12:00,52.24246597290039
DA034,2019-10-30,17:00,4.326334953308105
DA034,2019-10-30,20:30,11.08240985870361
DA034,2019-10-31,7:02,2.989964962005615
DA034,2019-10-31,12:00,18.36247062683105
DA034,2019-10-31,17:00,6.731009960174561
DA034,2019-10-31,20:42,11.85171031951904
DA034,2019-11-01,08:00,26.74596405029297
DA034,2019-11-01,12:00,16.12095069885254
DA034,2019-11-01,20:33,16.36214065551758
DA034,2019-11-10,9:00,5.688000202178955
DA034,2019-11-10,12:00,20.84163093566895
DA034,2019-11-10,16:52,26.1131706237793
DA034,2019-11-10,22:22,22.79701995849609
DA034,2019-11-11,,3.35346508026123
DA034,2019-11-11,,12.95077991485596
DA034,2019-11-11,,9.606925010681152
DA034,2019-11-11,,21.32707023620605
DA034,2019-11-12,,15.20693016052246
DA034,2019-11-12,,59.74654006958008
DA034,2019-11-02,6:52,3.077840089797974
DA034,2019-11-02,12:00,19.20415496826172
DA034,2019-11-02,17:00,2.949350118637085
DA034,2019-11-02,22:52,19.90604019165039
DA034,2019-11-03,08:00,16.43400001525879
DA034,2019-11-03,12:00,8.965499877929688
DA034,2019-11-03,16:57,2.406019926071167
DA034,2019-11-03,21:30,16.54350090026855
DA034,2019-11-04,08:00,9.15999984741211
DA034,2019-11-04,12:00,13.51904010772705
DA034,2019-11-04,17:57,11.31625461578369
DA034,2019-11-04,21:37,9.914409637451172
DA034,2019-11-05,08:00,3.673465013504028
DA034,2019-11-05,12:00,47.36618423461914
DA034,2019-11-05,17:37,9.67296028137207
DA034,2019-11-05,22:03,14.01770973205566
DA034,2019-11-06,8:34,7.147930145263672
DA034,2019-11-06,12:00,7.116215229034424
DA034,2019-11-06,17:52,16.83406448364258
DA034,2019-11-06,22:52,6.536799907684326
DA034,2019-11-07,8:43,3.346465110778809
DA034,2019-11-07,12:00,29.62661933898926
DA034,2019-11-07,16:00,47.37197875976562
DA034,2019-11-07,20:37,19.29121017456055
DA034,2019-11-08,08:00,11.20596504211426
DA034,2019-11-08,12:00,8.92201042175293
DA034,2019-11-08,22:52,10.10735034942627
DA034,2019-11-09,7:17,7.156929969787598
DA034,2019-11-09,11:07,53.14545822143555
DA034,2019-11-09,16:42,11.62520980834961
DA034,2019-11-09,20:00,7.025880336761475
DA035,2019-10-29,7:00,6.170839786529541
DA035,2019-10-29,12:00,53.22568511962891
DA035,2019-10-29,17:00,20.35890007019043
DA035,2019-10-29,20:55,29.70127105712891
DA035,2019-10-30,6:45,12.10783958435059
DA035,2019-10-30,12:57,54.87593078613281
DA035,2019-10-30,16:34,6.019205093383789
DA035,2019-10-30,21:00,21.07566070556641
DA035,2019-10-31,8:20,6.692930221557617
DA035,2019-10-31,12:27,15.72900485992432
DA035,2019-10-31,17:00,16.09548568725586
DA035,2019-10-31,19:19,10.89768981933594
DA035,2019-11-01,7:35,13.83942985534668
DA035,2019-11-01,12:00,18.75441551208496
DA035,2019-11-01,17:00,11.22196483612061
DA035,2019-11-01,20:00,14.33294010162354
DA035,2019-11-10,12:00,20.84163093566895
DA035,2019-11-10,17:00,23.47970581054688
DA035,2019-11-10,20:00,11.812180519104
DA035,2019-11-11,,6.706930160522461
DA035,2019-11-11,,23.26809501647949
DA035,2019-11-11,,16.58038520812988
DA035,2019-11-11,,11.42936992645264
DA035,2019-11-12,,13.96584033966064
DA035,2019-11-12,,59.74654006958008
DA035,2019-11-02,7:25,7.044429779052734
DA035,2019-11-02,11:30,21.83761978149414
DA035,2019-11-02,16:40,5.582815170288086
DA035,2019-11-02,20:34,14.31797981262207
DA035,2019-11-03,6:57,19.43400001525879
DA035,2019-11-03,12:45,11.59896469116211
DA035,2019-11-03,17:00,7.445505142211914
DA035,2019-11-03,20:00,5.172940254211426
DA035,2019-11-04,8:39,9.15999984741211
DA035,2019-11-04,12:00,16.15250587463379
DA035,2019-11-04,17:34,9.124045372009277
DA035,2019-11-04,22:49,19.38302040100098
DA035,2019-11-05,7:42,7.346930027008057
DA035,2019-11-05,11:35,49.99964904785156
DA035,2019-11-05,17:34,12.35719013214111
DA035,2019-11-05,20:49,32.04426956176758
DA035,2019-11-06,6:19,7.147930145263672
DA035,2019-11-06,12:00,11.59896469116211
DA035,2019-11-06,17:42,6.001595020294189
DA035,2019-11-06,21:49,9.621260643005371
DA035,2019-11-07,08:00,6.692930221557617
DA035,2019-11-07,12:00,29.62661933898926
DA035,2019-11-07,17:34,33.45491027832031
DA035,2019-11-07,21:34,2.550640106201172
DA035,2019-11-08,08:00,13.83942985534668
DA035,2019-11-08,12:00,8.92201042175293
DA035,2019-11-08,17:04,9.595930099487305
DA035,2019-11-08,21:42,15.44027996063232
DA035,2019-11-09,08:00,7.156929969787598
DA035,2019-11-09,12:00,53.14545822143555
DA035,2019-11-09,17:00,8.991744995117188
DA035,2019-11-09,19:30,25.21393013000488
DA036,2019-10-29,6:41,10.40917015075684
DA036,2019-10-29,12:00,53.22568511962891
DA036,2019-10-29,20:00,15.75736999511719
DA036,2019-10-30,08:00,10.22684001922607
DA036,2019-10-30,12:22,52.24246597290039
DA036,2019-10-30,21:14,37.13837051391602
DA036,2019-10-31,8:48,3.346465110778809
DA036,2019-10-31,12:00,13.09554004669189
DA036,2019-10-31,17:03,13.46201992034912
DA036,2019-10-31,20:26,15.99151515960693
DA036,2019-11-01,8:18,11.20596504211426
DA036,2019-11-01,12:00,16.12095069885254
DA036,2019-11-01,17:00,8.588500022888184
DA036,2019-11-01,20:41,14.19151496887207
DA036,2019-11-10,7:41,5.688000202178955
DA036,2019-11-10,11:56,3.893675088882446
DA036,2019-11-10,16:48,5.211559772491455
DA036,2019-11-10,20:00,15.8579797744751
DA036,2019-11-11,,4.073464870452881
DA036,2019-11-11,,10.31731510162354
DA036,2019-11-11,,12.24038982391357
DA036,2019-11-11,,21.9809398651123
DA036,2019-11-12,,12.57346534729004
DA036,2019-11-12,,54.47961044311523
DA036,2019-11-02,08:00,2.633465051651001
DA036,2019-11-02,12:00,13.55227470397949
DA036,2019-11-02,21:26,26.96301460266113
DA036,2019-11-03,08:00,16.43400001525879
DA036,2019-11-03,12:00,14.23243045806885
DA036,2019-11-03,16:20,6.469940185546875
DA036,2019-11-03,21:15,24.70537567138672
DA036,2019-11-04,7:03,9.15999984741211
DA036,2019-11-04,12:41,13.51904010772705
DA036,2019-11-04,17:00,6.490580081939697
DA036,2019-11-04,22:48,25.41715049743652
DA036,2019-11-05,08:00,3.153465032577515
DA036,2019-11-05,11:22,47.36618423461914
DA036,2019-11-05,17:26,7.900394916534424
DA036,2019-11-05,20:41,29.7944450378418
DA036,2019-11-06,08:00,7.147930145263672
DA036,2019-11-06,12:00,14.23243045806885
DA036,2019-11-06,21:33,11.5785493850708
DA036,2019-11-07,8:26,3.346465110778809
DA036,2019-11-07,17:18,7.900394916534424
DA036,2019-11-07,21:50,16.57221412658691
DA036,2019-11-08,7:03,11.20596504211426
DA036,2019-11-08,12:00,8.92201042175293
DA036,2019-11-08,17:00,7.431429862976074
DA036,2019-11-08,20:32,13.83172035217285
DA036,2019-11-09,7:33,4.523465156555176
DA036,2019-11-09,12:00,53.14545822143555
DA036,2019-11-09,20:00,7.025880336761475
DA037,2019-10-29,08:00,61.00138854980469
DA037,2019-10-29,12:00,5.266930103302002
DA037,2019-10-29,17:11,7.545985221862793
DA037,2019-10-29,22:14,9.843000411987305
DA037,2019-10-30,7:26,10.69709014892578
DA037,2019-10-30,12:00,54.87593078613281
DA037,2019-10-30,17:00,1.692870020866394
DA037,2019-10-30,20:00,20.28726005554199
DA037,2019-10-31,08:00,2.989964962005615
DA037,2019-10-31,12:00,13.09554004669189
DA037,2019-10-31,17:33,13.46201992034912
DA037,2019-10-31,22:18,10.14141273498535
DA037,2019-11-01,7:18,13.83942985534668
DA037,2019-11-01,12:00,21.38788032531738
DA037,2019-11-01,17:00,11.22196483612061
DA037,2019-11-01,22:03,1.790639996528625
DA037,2019-11-10,08:00,2.687999963760376
DA037,2019-11-10,12:00,15.68774509429932
DA037,2019-11-10,16:18,20.84623908996582
DA037,2019-11-10,20:03,8.603019714355469
DA037,2019-11-11,,2.993464946746826
DA037,2019-11-11,,10.31731510162354
DA037,2019-11-11,,6.97346019744873
DA037,2019-11-11,,9.149765014648438
DA037,2019-11-12,,12.57346534729004
DA037,2019-11-12,,54.47961044311523
DA037,2019-11-02,8:28,1.761107444763184
DA037,2019-11-02,12:00,16.5706901550293
DA037,2019-11-02,17:00,2.949350118637085
DA037,2019-11-02,22:14,4.784999847412109
DA037,2019-11-03,8:56,19.43400001525879
DA037,2019-11-03,12:00,7.116215229034424
DA037,2019-11-03,17:00,4.812039852142334
DA037,2019-11-03,19:56,13.31997013092041
DA037,2019-11-04,7:18,9.15999984741211
DA037,2019-11-04,11:49,16.15250587463379
DA037,2019-11-04,17:48,4.256110191345215
DA037,2019-11-04,21:03,32.61100006103516
DA037,2019-11-05,7:18,5.786930084228516
DA037,2019-11-05,12:03,47.36618423461914
DA037,2019-11-05,17:00,9.723725318908691
DA037,2019-11-05,20:30,12.21117973327637
DA037,2019-11-06,6:44,6.207429885864258
DA037,2019-11-06,12:03,9.749679565429688
DA037,2019-11-06,17:48,3.368129968643188
DA037,2019-11-06,22:11,12.64514541625977
DA037,2019-11-07,08:00,5.97992992401123
DA037,2019-11-07,12:00,26.99315452575684
DA037,2019-11-07,17:00,5.266930103302002
DA037,2019-11-07,22:18,3.067620038986206
DA037,2019-11-08,7:11,13.83942985534668
DA037,2019-11-08,12:00,6.28854513168335
DA037,2019-11-08,17:18,9.595930099487305
DA037,2019-11-08,22:03,28.86214447021484
DA037,2019-11-09,7:18,7.156929969787598
DA037,2019-11-09,12:00,50.51199340820312
DA037,2019-11-09,17:00,8.991744995117188
DA038,2019-10-29,7:17,12.95833969116211
DA038,2019-10-29,11:33,55.85914993286133
DA038,2019-10-29,17:00,17.72543525695801
DA038,2019-10-30,8:48,12.10783958435059
DA038,2019-10-30,12:10,52.24246597290039
DA038,2019-10-30,17:00,8.652669906616211
DA038,2019-10-30,20:00,5.041749954223633
DA038,2019-10-31,7:07,6.692930221557617
DA038,2019-10-31,11:33,18.36247062683105
DA038,2019-10-31,16:33,16.09548568725586
DA038,2019-11-01,7:18,29.37943077087402
DA038,2019-11-01,12:48,18.75441551208496
DA038,2019-11-01,17:00,11.22196483612061
DA038,2019-11-10,,5.688000202178955
DA038,2019-11-10,,20.84163093566895
DA038,2019-11-10,,26.1131706237793
DA038,2019-11-11,,6.706930160522461
DA038,2019-11-11,,25.90155982971191
DA038,2019-11-11,,19.2138500213623
DA038,2019-11-12,,15.20693016052246
DA038,2019-11-12,,59.74654006958008
DA038,2019-11-02,7:48,5.266930103302002
DA038,2019-11-02,12:18,21.83761978149414
DA038,2019-11-02,17:25,8.216279983520508
DA038,2019-11-02,21:03,5.041749954223633
DA038,2019-11-03,6:10,16.43400001525879
DA038,2019-11-03,12:00,14.23243045806885
DA038,2019-11-03,17:10,10.07896995544434
DA038,2019-11-04,7:25,9.15999984741211
DA038,2019-11-04,12:00,18.78597068786621
DA038,2019-11-04,16:28,17.19500923156738
DA038,2019-11-05,6:32,7.346930027008057
DA038,2019-11-05,12:00,49.99964904785156
DA038,2019-11-05,16:48,12.35719013214111
DA038,2019-11-06,6:40,7.147930145263672
DA038,2019-11-06,12:28,14.23243045806885
DA038,2019-11-06,17:40,23.78506088256836
DA038,2019-11-07,6:25,5.97992992401123
DA038,2019-11-07,12:00,29.62661933898926
DA038,2019-11-07,17:10,33.45491027832031
DA038,2019-11-08,08:00,13.83942985534668
DA038,2019-11-08,12:33,8.92201042175293
DA038,2019-11-08,17:00,9.595930099487305
DA038,2019-11-09,6:47,7.156929969787598
DA038,2019-11-09,12:00,53.14545822143555
DA038,2019-11-09,16:33,11.62520980834961
DA039,2019-10-29,7:55,12.95833969116211
DA039,2019-10-29,12:00,15.28151988983154
DA039,2019-10-29,17:00,12.81291484832764
DA039,2019-10-29,19:02,3.0
DA039,2019-10-30,7:14,10.69709014892578
DA039,2019-10-30,12:07,54.87593078613281
DA039,2019-10-30,16:07,6.113365173339844
DA039,2019-10-30,20:56,11.0933198928833
DA039,2019-10-31,8:37,5.623429775238037
DA039,2019-10-31,12:00,8.540815353393555
DA039,2019-10-31,17:00,18.72895050048828
DA039,2019-10-31,19:44,18.78773307800293
DA039,2019-11-01,08:00,25.09317970275879
DA039,2019-11-01,11:01,16.12095069885254
DA039,2019-11-01,17:56,2.147125005722046
DA039,2019-11-01,22:52,27.30441093444824
DA039,2019-11-10,8:59,3.0
DA039,2019-11-10,11:52,15.57470035552979
DA039,2019-11-10,16:22,20.84623908996582
DA039,2019-11-10,19:59,27.13540077209473
DA039,2019-11-11,,6.706930160522461
DA039,2019-11-11,,25.90155982971191
DA039,2019-11-11,,19.2138500213623
DA039,2019-11-11,,19.8799991607666
DA039,2019-11-12,,15.20693016052246
DA039,2019-11-12,,59.74654006958008
DA039,2019-11-02,08:00,7.044429779052734
DA039,2019-11-02,12:00,4.142672538757324
DA039,2019-11-02,16:07,2.949350118637085
DA039,2019-11-02,21:22,10.30615997314453
DA039,2019-11-03,8:18,19.43400001525879
DA039,2019-11-03,17:00,3.836474895477295
DA039,2019-11-03,20:37,10.96531963348389
DA039,2019-11-04,6:51,7.5
DA039,2019-11-04,12:00,6.013225078582764
DA039,2019-11-04,17:00,7.280772686004639
DA039,2019-11-04,20:00,15.70957469940186
DA039,2019-11-05,8:52,7.346930027008057
DA039,2019-11-05,12:00,49.99964904785156
DA039,2019-11-05,16:37,12.35719013214111
DA039,2019-11-05,21:44,15.35999965667725
DA039,2019-11-06,6:21,7.147930145263672
DA039,2019-11-06,12:00,9.749679565429688
DA039,2019-11-06,16:52,18.51812934875488
DA039,2019-11-06,20:22,16.45063972473145
DA039,2019-11-07,8:22,6.692930221557617
DA039,2019-11-07,12:00,29.62661933898926
DA039,2019-11-07,17:00,52.63890838623047
DA039,2019-11-07,22:37,14.76117038726807
DA039,2019-11-08,7:52,13.83942985534668
DA039,2019-11-08,11:52,8.92201042175293
DA039,2019-11-08,17:00,9.595930099487305
DA039,2019-11-08,19:52,22.24329948425293
DA039,2019-11-09,7:44,7.156929969787598
DA039,2019-11-09,12:00,53.14545822143555
DA039,2019-11-09,17:00,11.62520980834961
DA039,2019-11-09,20:47,34.06000137329102
DA040,2019-10-29,12:16,53.22568511962891
DA040,2019-10-29,16:26,2.633465051651001
DA040,2019-10-29,20:02,15.79798030853271
DA040,2019-10-30,12:00,52.24246597290039
DA040,2019-10-30,17:00,4.326334953308105
DA040,2019-10-30,19:09,11.80140018463135
DA040,2019-10-31,08:00,6.692930221557617
DA040,2019-10-31,11:16,15.72900485992432
DA040,2019-10-31,17:54,16.09548568725586
DA040,2019-10-31,21:32,15.82973003387451
DA040,2019-11-01,08:00,9.553179740905762
DA040,2019-11-01,11:09,10.69394016265869
DA040,2019-11-01,17:00,11.22196483612061
DA040,2019-11-01,20:00,5.813399791717529
DA040,2019-11-10,8:24,10.63331985473633
DA040,2019-11-10,12:00,18.20816421508789
DA040,2019-11-10,17:00,23.47970581054688
DA040,2019-11-10,20:00,10.79736995697021
DA040,2019-11-11,7:16,6.706930160522461
DA040,2019-11-11,12:01,23.26809501647949
DA040,2019-11-11,17:00,26.37838363647461
DA040,2019-11-11,20:00,22.86000061035156
DA040,2019-11-12,,16.14100074768066
DA040,2019-11-12,,59.74654006958008
DA040,2019-11-02,08:00,6.155680179595947
DA040,2019-11-02,12:00,19.20415496826172
DA040,2019-11-02,17:00,2.633465051651001
DA040,2019-11-02,19:39,5.539730072021484
DA040,2019-11-03,08:00,3.497980117797852
DA040,2019-11-03,12:00,11.59896469116211
DA040,2019-11-03,16:11,5.039484977722168
DA040,2019-11-03,20:57,27.38706970214844
DA040,2019-11-04,08:00,3.0
DA040,2019-11-04,12:28,16.15250587463379
DA040,2019-11-04,17:00,14.56154537200928
DA040,2019-11-04,20:00,16.25266075134277
DA040,2019-11-05,08:00,15.20693016052246
DA040,2019-11-05,12:00,47.36618423461914
DA040,2019-11-05,17:17,6.178595066070557
DA040,2019-11-05,21:32,19.79441070556641
DA040,2019-11-06,08:00,12.14684009552002
DA040,2019-11-06,12:01,26.74896430969238
DA040,2019-11-06,16:39,4.317530155181885
DA040,2019-11-06,20:27,13.03973007202148
DA040,2019-11-07,7:16,6.692930221557617
DA040,2019-11-07,12:00,26.99315452575684
DA040,2019-11-07,17:00,69.18944549560547
DA040,2019-11-07,20:02,5.094409942626953
DA040,2019-11-08,08:00,3.0
DA040,2019-11-08,12:00,6.28854513168335
DA040,2019-11-08,16:32,6.962464809417725
DA040,2019-11-08,20:42,10.08349990844727
DA040,2019-11-09,08:00,7.156929969787598
DA040,2019-11-09,12:00,50.51199340820312
DA040,2019-11-09,16:07,8.991744995117188
DA040,2019-11-09,21:02,15.05265998840332
DA041,2019-10-29,11:17,55.85914993286133
DA041,2019-10-29,17:25,17.72543525695801
DA041,2019-10-29,20:00,28.36000061035156
DA041,2019-10-30,12:00,54.87593078613281
DA041,2019-10-30,17:00,6.019205093383789
DA041,2019-10-30,19:40,18.46175003051758
DA041,2019-10-31,7:25,1.425999999046326
DA041,2019-10-31,12:47,15.72900485992432
DA041,2019-10-31,17:00,16.09548568725586
DA041,2019-10-31,19:58,14.68000030517578
DA041,2019-11-01,7:21,9.553179740905762
DA041,2019-11-01,12:00,18.75441551208496
DA041,2019-11-01,17:00,13.85542964935303
DA041,2019-11-01,21:40,7.595000267028809
DA041,2019-11-10,7:25,7.440639972686768
DA041,2019-11-10,12:00,20.84163093566895
DA041,2019-11-10,17:00,26.1131706237793
DA041,2019-11-10,20:00,2.687999963760376
DA041,2019-11-11,7:10,6.706930160522461
DA041,2019-11-11,12:09,23.26809501647949
DA041,2019-11-11,17:25,19.2138500213623
DA041,2019-11-11,22:55,4.112659931182861
DA041,2019-11-12,,11.68175029754639
DA041,2019-11-12,,59.74654006958008
DA041,2019-11-02,08:00,5.711305141448975
DA041,2019-11-02,12:00,21.83761978149414
DA041,2019-11-02,17:00,8.216279983520508
DA041,2019-11-02,22:25,0.05265999957919121
DA041,2019-11-03,6:40,8.993300437927246
DA041,2019-11-03,12:09,14.23243045806885
DA041,2019-11-03,17:00,5.039484977722168
DA041,2019-11-03,20:00,3.320000171661377
DA041,2019-11-04,8:17,6.320000171661377
DA041,2019-11-04,11:54,18.78597068786621
DA041,2019-11-04,17:00,8.51222038269043
DA041,2019-11-04,21:25,43.31266021728516
DA041,2019-11-05,6:25,14.16693019866943
DA041,2019-11-05,12:47,49.99964904785156
DA041,2019-11-05,17:00,8.812060356140137
DA041,2019-11-05,21:47,0.5506399869918823
DA041,2019-11-06,7:17,12.14684009552002
DA041,2019-11-06,12:24,14.23243045806885
DA041,2019-11-06,17:25,6.001595020294189
DA041,2019-11-06,20:00,3.320000171661377
DA041,2019-11-07,7:02,6.692930221557617
DA041,2019-11-07,12:09,29.62661933898926
DA041,2019-11-07,17:00,33.45491027832031
DA041,2019-11-07,22:25,1.765320062637329
DA041,2019-11-08,7:10,6.640000343322754
DA041,2019-11-08,12:47,8.92201042175293
DA041,2019-11-08,17:30,9.595930099487305
DA041,2019-11-08,21:47,6.640000343322754
DA041,2019-11-09,6:25,7.156929969787598
DA041,2019-11-09,11:54,53.14545822143555
DA041,2019-11-09,17:25,11.62520980834961
DA041,2019-11-09,20:40,8.361749649047852
DA042,2019-10-29,11:43,53.22568511962891
DA042,2019-10-29,17:50,17.72543525695801
DA042,2019-10-29,20:42,38.67182922363281
DA042,2019-10-30,12:00,52.24246597290039
DA042,2019-10-30,17:00,6.019205093383789
DA042,2019-10-30,20:50,22.9471492767334
DA042,2019-10-31,7:28,5.266930103302002
DA042,2019-10-31,12:43,15.72900485992432
DA042,2019-10-31,17:00,16.09548568725586
DA042,2019-10-31,19:12,30.16364479064941
DA042,2019-11-01,7:43,7.410055160522461
DA042,2019-11-01,12:13,18.75441551208496
DA042,2019-11-01,17:00,11.22196483612061
DA042,2019-11-01,19:12,0.05265999957919121
DA042,2019-11-10,7:58,8.37600040435791
DA042,2019-11-10,12:13,18.20816421508789
DA042,2019-11-10,17:00,23.47970581054688
DA042,2019-11-10,20:00,29.57265853881836
DA042,2019-11-11,,6.706930160522461
DA042,2019-11-11,,25.90155982971191
DA042,2019-11-11,,19.2138500213623
DA042,2019-11-11,,3.320000171661377
DA042,2019-11-12,,15.20693016052246
DA042,2019-11-12,,59.74654006958008
DA042,2019-11-02,7:28,5.711305141448975
DA042,2019-11-02,12:00,19.20415496826172
DA042,2019-11-02,17:00,5.582815170288086
DA042,2019-11-03,8:50,23.24482536315918
DA042,2019-11-03,12:00,11.59896469116211
DA042,2019-11-03,17:00,7.445505142211914
DA042,2019-11-03,19:02,19.99798011779785
DA042,2019-11-04,08:00,4.980000019073486
DA042,2019-11-04,12:00,16.15250587463379
DA042,2019-11-04,17:00,9.124045372009277
DA042,2019-11-04,22:12,15.55265998840332
DA042,2019-11-05,7:28,14.16693019866943
DA042,2019-11-05,12:00,47.36618423461914
DA042,2019-11-05,17:00,9.723725318908691
DA042,2019-11-05,21:20,5.041749954223633
DA042,2019-11-06,7:13,12.14684009552002
DA042,2019-11-06,12:13,11.59896469116211
DA042,2019-11-06,17:00,12.8419303894043
DA042,2019-11-06,19:05,5.041749954223633
DA042,2019-11-07,7:28,6.692930221557617
DA042,2019-11-07,11:05,26.99315452575684
DA042,2019-11-07,17:42,30.82144546508789
DA042,2019-11-07,20:00,5.487070083618164
DA042,2019-11-08,6:28,9.640000343322754
DA042,2019-11-08,12:13,6.28854513168335
DA042,2019-11-08,17:27,6.962464809417725
DA042,2019-11-08,20:12,13.3417501449585
DA042,2019-11-09,6:28,7.156929969787598
DA042,2019-11-09,12:00,50.51199340820312
DA042,2019-11-09,17:00,8.991744995117188
DA043,2019-10-29,12:01,53.22568511962891
DA043,2019-10-29,17:39,15.09197044372559
DA043,2019-10-29,22:17,43.83238983154297
DA043,2019-10-30,12:00,52.24246597290039
DA043,2019-10-30,17:00,3.385740041732788
DA043,2019-10-30,20:50,40.11515045166016
DA043,2019-10-31,7:16,5.266930103302002
DA043,2019-10-31,12:00,15.72900485992432
DA043,2019-10-31,17:00,13.46201992034912
DA043,2019-10-31,20:00,46.13570022583008
DA043,2019-11-01,8:07,7.410055160522461
DA043,2019-11-01,12:00,49.83441543579102
DA043,2019-11-01,19:32,17.08505058288574
DA043,2019-11-10,8:46,34.32691955566406
DA043,2019-11-10,12:00,23.47509574890137
DA043,2019-11-10,17:17,20.84623908996582
DA043,2019-11-10,20:00,25.68024063110352
DA043,2019-11-11,08:00,6.706930160522461
DA043,2019-11-11,12:00,25.90155982971191
DA043,2019-11-11,16:22,23.74491882324219
DA043,2019-11-11,22:17,8.586409568786621
DA043,2019-11-12,,15.20693016052246
DA043,2019-11-12,,59.74654006958008
DA043,2019-11-02,8:58,5.711305141448975
DA043,2019-11-02,12:00,19.20415496826172
DA043,2019-11-02,16:26,2.949350118637085
DA043,2019-11-02,21:47,22.12623977661133
DA043,2019-11-03,8:28,20.4797306060791
DA043,2019-11-03,12:00,11.59896469116211
DA043,2019-11-03,17:00,4.812039852142334
DA043,2019-11-03,20:05,22.09885597229004
DA043,2019-11-04,8:42,18.32175064086914
DA043,2019-11-04,12:39,16.15250587463379
DA043,2019-11-04,17:00,11.92807960510254
DA043,2019-11-04,22:09,29.01972961425781
DA043,2019-11-05,8:01,15.20693016052246
DA043,2019-11-05,12:54,47.36618423461914
DA043,2019-11-05,17:00,7.090260028839111
DA043,2019-11-05,20:02,23.21445083618164
DA043,2019-11-06,8:46,10.26584053039551
DA043,2019-11-06,12:22,26.74896430969238
DA043,2019-11-06,17:17,3.368129968643188
DA043,2019-11-06,20:27,18.53445053100586
DA043,2019-11-07,08:00,6.692930221557617
DA043,2019-11-07,12:00,26.99315452575684
DA043,2019-11-07,17:00,66.55597686767578
DA043,2019-11-07,20:00,22.21456909179688
DA043,2019-11-08,7:54,18.32175064086914
DA043,2019-11-08,12:00,6.28854513168335
DA043,2019-11-08,17:32,4.328999996185303
DA043,2019-11-08,21:22,31.4470043182373
DA043,2019-11-09,08:00,7.156929969787598
DA043,2019-11-09,12:00,50.51199340820312
DA043,2019-11-09,17:00,6.358280181884766
DA043,2019-11-09,22:47,18.87574195861816
DA044,2019-10-29,11:23,55.85914993286133
DA044,2019-10-29,17:00,12.81291484832764
DA044,2019-10-29,20:00,31.60000038146973
DA044,2019-10-30,12:16,42.47367858886719
DA044,2019-10-30,17:00,7.806234836578369
DA044,2019-10-30,20:00,21.74761962890625
DA044,2019-10-31,12:01,15.08858489990234
DA044,2019-10-31,17:30,18.72895050048828
DA044,2019-10-31,20:00,6.685320377349854
DA044,2019-11-01,,7.410055160522461
DA044,2019-11-01,,24.83716773986816
DA044,2019-11-01,,10.533860206604
DA044,2019-11-01,,11.27365016937256
DA044,2019-11-10,,20.84163093566895
DA044,2019-11-10,,26.1131706237793
DA044,2019-11-10,,0.8906400203704834
DA044,2019-11-11,,25.90155982971191
DA044,2019-11-11,,19.2138500213623
DA044,2019-11-11,,3.0
DA044,2019-11-12,,15.20693016052246
DA044,2019-11-12,,59.74654006958008
DA044,2019-11-02,,5.711305141448975
DA044,2019-11-02,,21.83761978149414
DA044,2019-11-02,,0.8906400203704834
DA044,2019-11-03,,0.8906400203704834
DA044,2019-11-03,,14.23243045806885
DA044,2019-11-03,,10.07896995544434
DA044,2019-11-03,,17.02008056640625
DA044,2019-11-04,,23.31999969482422
DA044,2019-11-04,,18.78597068786621
DA044,2019-11-04,,11.7575101852417
DA044,2019-11-04,,0.8906400203704834
DA044,2019-11-05,,15.20693016052246
DA044,2019-11-05,,49.99964904785156
DA044,2019-11-05,,12.35719013214111
DA044,2019-11-05,,5.041749954223633
DA044,2019-11-06,,12.14684009552002
DA044,2019-11-06,,14.23243045806885
DA044,2019-11-06,,8.63506031036377
DA044,2019-11-06,,7.5
DA044,2019-11-07,,29.62661933898926
DA044,2019-11-07,,33.45491027832031
DA044,2019-11-07,,0.8906400203704834
DA044,2019-11-08,,10.81999969482422
DA044,2019-11-08,,8.92201042175293
DA044,2019-11-08,,9.595930099487305
DA044,2019-11-08,,1.490640044212341
DA044,2019-11-09,,53.14545822143555
DA044,2019-11-09,,11.62520980834961
DA044,2019-11-09,,0.8906400203704834
DA045,2019-10-29,12:00,55.85914993286133
DA045,2019-10-29,17:51,20.35890007019043
DA045,2019-10-29,22:06,18.20000076293945
DA045,2019-10-30,12:05,54.87593078613281
DA045,2019-10-30,17:00,6.959799766540527
DA045,2019-10-30,19:33,17.28532028198242
DA045,2019-10-31,08:00,4.059464931488037
DA045,2019-10-31,12:35,18.36247062683105
DA045,2019-10-31,17:00,16.09548568725586
DA045,2019-10-31,20:00,7.942660331726074
DA045,2019-11-01,,7.410055160522461
DA045,2019-11-01,,34.29441452026367
DA045,2019-11-01,,13.85542964935303
DA045,2019-11-01,,1.7953200340271
DA045,2019-11-10,,11.39999961853027
DA045,2019-11-10,,20.84163093566895
DA045,2019-11-10,,26.1131706237793
DA045,2019-11-10,,7.935240268707275
DA045,2019-11-11,,5.465839862823486
DA045,2019-11-11,,25.90155982971191
DA045,2019-11-11,,29.01184844970703
DA045,2019-11-11,,22.66657066345215
DA045,2019-11-12,,16.14100074768066
DA045,2019-11-12,,59.74654006958008
DA045,2019-11-02,,5.711305141448975
DA045,2019-11-02,,21.83761978149414
DA045,2019-11-02,,8.216279983520508
DA045,2019-11-02,,5.312940120697021
DA045,2019-11-03,,3.958260059356689
DA045,2019-11-03,,14.23243045806885
DA045,2019-11-03,,10.07896995544434
DA045,2019-11-03,,3.952660083770752
DA045,2019-11-04,,12.36762046813965
DA045,2019-11-04,,18.78597068786621
DA045,2019-11-04,,15.400634765625
DA045,2019-11-04,,4.86761999130249
DA045,2019-11-05,,15.20693016052246
DA045,2019-11-05,,49.99964904785156
DA045,2019-11-05,,12.35719013214111
DA045,2019-11-05,,7.042620182037354
DA045,2019-11-06,,12.14684009552002
DA045,2019-11-06,,25.59493064880371
DA045,2019-11-06,,3.368129968643188
DA045,2019-11-06,,12.42028045654297
DA045,2019-11-07,,6.692930221557617
DA045,2019-11-07,,29.62661933898926
DA045,2019-11-07,,52.63890838623047
DA045,2019-11-07,,34.90076065063477
DA045,2019-11-08,,12.36762046813965
DA045,2019-11-08,,8.92201042175293
DA045,2019-11-08,,9.595930099487305
DA045,2019-11-08,,6.841750144958496
DA045,2019-11-09,,7.156929969787598
DA045,2019-11-09,,53.14545822143555
DA045,2019-11-09,,11.62520980834961
DA045,2019-11-09,,9.300000190734863
DA046,2019-10-29,12:20,50.59222030639648
DA046,2019-10-29,17:49,6.406457424163818
DA046,2019-10-29,21:27,26.47857475280762
DA046,2019-10-30,12:00,24.80450057983398
DA046,2019-10-30,17:00,1.692870020866394
DA046,2019-10-30,21:57,28.38175010681152
DA046,2019-10-31,12:00,3.273885011672974
DA046,2019-10-31,16:34,6.731009960174561
DA046,2019-10-31,22:04,44.49473571777344
DA046,2019-11-01,7:19,14.55317974090576
DA046,2019-11-01,12:35,39.14047622680664
DA046,2019-11-01,17:00,9.07483959197998
DA046,2019-11-01,20:00,0.8906400203704834
DA046,2019-11-10,08:00,13.58574962615967
DA046,2019-11-10,12:00,14.31449031829834
DA046,2019-11-10,17:00,10.42311954498291
DA046,2019-11-10,20:42,5.487070083618164
DA046,2019-11-11,6:34,4.540500164031982
DA046,2019-11-11,12:00,5.158657550811768
DA046,2019-11-11,17:00,19.4049243927002
DA046,2019-11-11,20:49,15.58975028991699
DA046,2019-11-12,,23.76700973510742
DA046,2019-11-12,,54.47961044311523
DA046,2019-11-02,08:00,0.6000000238418579
DA046,2019-11-02,12:50,15.06148242950439
DA046,2019-11-02,17:04,2.949350118637085
DA046,2019-11-02,21:49,15.56174945831299
DA046,2019-11-03,6:19,15.56174945831299
DA046,2019-11-03,12:00,11.59896469116211
DA046,2019-11-03,17:00,2.633465051651001
DA046,2019-11-03,19:57,10.67857456207275
DA046,2019-11-04,08:00,4.659999847412109
DA046,2019-11-04,11:35,6.759520053863525
DA046,2019-11-04,16:19,11.31625461578369
DA046,2019-11-04,21:00,21.04007911682129
DA046,2019-11-05,08:00,15.20693016052246
DA046,2019-11-05,12:00,22.36635971069336
DA046,2019-11-05,17:00,3.545130014419556
DA046,2019-11-05,21:27,8.09999942779541
DA046,2019-11-06,8:38,11.12100028991699
DA046,2019-11-06,12:00,4.482749938964844
DA046,2019-11-06,17:34,17.67609786987305
DA046,2019-11-06,22:04,12.24174976348877
DA046,2019-11-07,6:27,1.55265998840332
DA046,2019-11-07,12:00,26.99315452575684
DA046,2019-11-07,16:25,47.37197875976562
DA046,2019-11-07,21:57,11.48003959655762
DA046,2019-11-08,08:00,22.39950942993164
DA046,2019-11-08,12:00,3.655080080032349
DA046,2019-11-08,17:00,4.797965049743652
DA046,2019-11-08,21:49,13.80175018310547
DA046,2019-11-09,7:00,7.675214767456055
DA046,2019-11-09,12:15,35.90889739990234
DA046,2019-11-09,17:00,4.768710136413574
DA046,2019-11-09,20:00,20.10174942016602
DA047,2019-10-29,12:00,50.59222030639648
DA047,2019-10-29,17:15,10.17945003509521
DA047,2019-10-29,21:07,27.54350090026855
DA047,2019-10-30,12:00,37.20674896240234
DA047,2019-10-30,17:00,1.692870020866394
DA047,2019-10-30,20:48,30.36174964904785
DA047,2019-10-31,11:52,5.907350063323975
DA047,2019-10-31,16:22,6.731009960174561
DA047,2019-10-31,20:00,37.76122665405273
DA047,2019-11-01,08:00,4.776589870452881
DA047,2019-11-01,11:37,27.63071250915527
DA047,2019-11-01,17:00,8.588500022888184
DA047,2019-11-01,19:30,4.319399833679199
DA047,2019-11-10,,12.45337009429932
DA047,2019-11-10,,13.05428028106689
DA047,2019-11-10,,20.84623908996582
DA047,2019-11-11,,3.820499897003174
DA047,2019-11-11,,10.31731510162354
DA047,2019-11-11,,23.74491882324219
DA047,2019-11-11,,5.041749954223633
DA047,2019-11-12,,15.20693016052246
DA047,2019-11-12,,54.47961044311523
DA047,2019-11-02,08:00,1.777500033378601
DA047,2019-11-02,12:00,8.285345077514648
DA047,2019-11-02,17:00,1.474675059318542
DA047,2019-11-02,21:52,5.041749954223633
DA047,2019-11-03,8:32,13.95600032806396
DA047,2019-11-03,12:00,4.482749938964844
DA047,2019-11-03,17:00,1.203009963035583
DA047,2019-11-03,20:15,5.041749954223633
DA047,2019-11-04,08:00,11.30000019073486
DA047,2019-11-04,12:00,3.379760026931763
DA047,2019-11-04,16:03,8.68278980255127
DA047,2019-11-04,22:00,5.041749954223633
DA047,2019-11-05,7:56,15.20693016052246
DA047,2019-11-05,12:00,33.54954147338867
DA047,2019-11-05,17:00,7.090260028839111
DA047,2019-11-05,19:30,5.341750144958496
DA047,2019-11-06,08:00,10.75446510314941
DA047,2019-11-06,16:22,18.51812934875488
DA047,2019-11-06,21:15,5.041749954223633
DA047,2019-11-07,6:37,4.059464931488037
DA047,2019-11-07,12:00,29.62661933898926
DA047,2019-11-07,17:00,37.77997970581055
DA047,2019-11-07,21:07,0.300000011920929
DA047,2019-11-08,7:37,13.83942985534668
DA047,2019-11-08,11:37,3.655080080032349
DA047,2019-11-08,16:22,2.164499998092651
DA047,2019-11-08,20:00,18.64357948303223
DA047,2019-11-09,,6.684430122375488
DA047,2019-11-09,,23.93926429748535
DA047,2019-11-09,,3.179140090942383
DA047,2019-11-09,,10.38350009918213
DA048,2019-10-29,11:37,30.56303977966309
DA048,2019-10-29,19:22,21.69265937805176
DA048,2019-10-30,12:00,54.87593078613281
DA048,2019-10-30,17:00,13.91959953308105
DA048,2019-10-30,22:04,20.78000068664551
DA048,2019-10-31,08:00,5.266930103302002
DA048,2019-10-31,12:00,18.36247062683105
DA048,2019-10-31,17:00,18.72895050048828
DA048,2019-10-31,21:37,8.039999961853027
DA048,2019-11-01,08:00,7.410055160522461
DA048,2019-11-01,12:00,21.38788032531738
DA048,2019-11-01,17:00,13.85542964935303
DA048,2019-11-10,,13.36093997955322
DA048,2019-11-10,,3.893675088882446
DA048,2019-11-10,,20.84623908996582
DA048,2019-11-10,,16.52000045776367
DA048,2019-11-11,,6.706930160522461
DA048,2019-11-11,,20.63463020324707
DA048,2019-11-11,,21.84731483459473
DA048,2019-11-11,,1.660000085830688
DA048,2019-11-12,,15.20693016052246
DA048,2019-11-12,,59.74654006958008
DA048,2019-11-02,8:13,5.711305141448975
DA048,2019-11-02,12:00,21.83761978149414
DA048,2019-11-02,17:00,0.7373375296592712
DA048,2019-11-02,20:07,8.823240280151367
DA048,2019-11-03,08:00,18.53364944458008
DA048,2019-11-03,12:00,14.23243045806885
DA048,2019-11-03,17:00,10.07896995544434
DA048,2019-11-03,20:34,17.47698974609375
DA048,2019-11-04,7:27,9.640000343322754
DA048,2019-11-04,12:00,13.51904010772705
DA048,2019-11-04,17:00,13.55188465118408
DA048,2019-11-04,21:00,21.64175033569336
DA048,2019-11-05,7:42,20.4738597869873
DA048,2019-11-05,12:37,44.73271942138672
DA048,2019-11-05,20:45,22.35398101806641
DA048,2019-11-06,7:45,6.240000247955322
DA048,2019-11-06,17:00,8.63506031036377
DA048,2019-11-06,21:48,15.88000011444092
DA048,2019-11-07,08:00,6.692930221557617
DA048,2019-11-07,12:00,29.62661933898926
DA048,2019-11-07,17:00,43.04690933227539
DA048,2019-11-07,21:12,2.559999942779541
DA048,2019-11-08,08:00,4.659999847412109
DA048,2019-11-08,11:52,8.92201042175293
DA048,2019-11-08,16:52,9.595930099487305
DA048,2019-11-08,21:30,6.480000019073486
DA048,2019-11-09,08:00,7.156929969787598
DA048,2019-11-09,12:00,53.14545822143555
DA048,2019-11-09,16:03,6.358280181884766
DA048,2019-11-09,20:33,3.320000171661377
DA049,2019-10-29,11:46,50.59222030639648
DA049,2019-10-29,16:26,15.09197044372559
DA049,2019-10-29,21:53,25.49175071716309
DA049,2019-10-30,12:00,49.60900115966797
DA049,2019-10-30,17:00,3.385740041732788
DA049,2019-10-30,20:41,21.58175086975098
DA049,2019-10-31,12:00,13.09554004669189
DA049,2019-10-31,17:00,13.46201992034912
DA049,2019-10-31,21:19,15.80175018310547
DA049,2019-11-01,08:00,4.776589870452881
DA049,2019-11-01,12:00,31.66094970703125
DA049,2019-11-01,17:41,8.588500022888184
DA049,2019-11-01,22:05,7.666749954223633
DA049,2019-11-10,08:00,5.688000202178955
DA049,2019-11-10,12:00,15.57470035552979
DA049,2019-11-10,17:00,20.84623908996582
DA049,2019-11-10,21:05,18.48882102966309
DA049,2019-11-11,12:53,20.63463020324707
DA049,2019-11-11,16:45,13.94692039489746
DA049,2019-11-11,21:11,5.394410133361816
DA049,2019-11-12,,15.20693016052246
DA049,2019-11-12,,54.47961044311523
DA049,2019-11-02,08:00,3.077840089797974
DA049,2019-11-02,12:00,16.5706901550293
DA049,2019-11-02,17:35,2.949350118637085
DA049,2019-11-02,21:30,13.80175018310547
DA049,2019-11-03,8:01,16.6299991607666
DA049,2019-11-03,12:00,8.965499877929688
DA049,2019-11-03,17:00,4.812039852142334
DA049,2019-11-03,19:08,9.05265998840332
DA049,2019-11-04,8:19,13.3417501449585
DA049,2019-11-04,12:00,13.51904010772705
DA049,2019-11-04,17:00,7.849955081939697
DA049,2019-11-04,20:50,5.694409847259521
DA049,2019-11-05,08:00,15.20693016052246
DA049,2019-11-05,12:00,44.73271942138672
DA049,2019-11-05,17:00,7.090260028839111
DA049,2019-11-05,20:08,5.694409847259521
DA049,2019-11-06,08:00,10.13391971588135
DA049,2019-11-06,12:00,22.41374969482422
DA049,2019-11-06,17:00,3.368129968643188
DA049,2019-11-06,21:11,44.74174880981445
DA049,2019-11-07,8:01,6.692930221557617
DA049,2019-11-07,12:00,24.35968971252441
DA049,2019-11-07,17:45,47.37197875976562
DA049,2019-11-07,22:23,11.04975032806396
DA049,2019-11-08,08:00,17.46000099182129
DA049,2019-11-08,12:00,3.655080080032349
DA049,2019-11-08,17:00,4.328999996185303
DA049,2019-11-08,20:56,43.38174819946289
DA049,2019-11-09,8:35,7.156929969787598
DA049,2019-11-09,12:00,47.8785285949707
DA049,2019-11-09,17:23,6.358280181884766
DA049,2019-11-09,21:50,10.0744104385376
DA050,2019-10-29,11:18,50.59222030639648
DA050,2019-10-29,17:00,15.09197044372559
DA050,2019-10-29,21:03,46.22560119628906
DA050,2019-10-30,12:00,49.60900115966797
DA050,2019-10-30,17:00,3.385740041732788
DA050,2019-10-30,19:30,18.00505065917969
DA050,2019-10-31,8:54,2.633465051651001
DA050,2019-10-31,12:00,13.09554004669189
DA050,2019-10-31,16:44,13.46201992034912
DA050,2019-10-31,22:14,27.93865013122559
DA050,2019-11-01,6:03,4.776589870452881
DA050,2019-11-01,12:00,16.12095069885254
DA050,2019-11-01,17:00,4.294250011444092
DA050,2019-11-01,20:00,30.97414016723633
DA050,2019-11-10,,0.8906400203704834
DA050,2019-11-10,,15.57470035552979
DA050,2019-11-10,,20.84623908996582
DA050,2019-11-10,,20.62540054321289
DA050,2019-11-11,,4.073464870452881
DA050,2019-11-11,,20.63463020324707
DA050,2019-11-11,,13.94692039489746
DA050,2019-11-11,,8.300000190734863
DA050,2019-11-12,,10.49346542358398
DA050,2019-11-02,,5.711305141448975
DA050,2019-11-02,,19.20415496826172
DA050,2019-11-02,,5.582815170288086
DA050,2019-11-02,,7.892390251159668
DA050,2019-11-03,,4.097320079803467
DA050,2019-11-03,,8.965499877929688
DA050,2019-11-03,,4.812039852142334
DA050,2019-11-03,,43.00505065917969
DA050,2019-11-04,,11.30000019073486
DA050,2019-11-04,,13.51904010772705
DA050,2019-11-04,,6.490580081939697
DA050,2019-11-04,,10.46707057952881
DA050,2019-11-05,,12.57346534729004
DA050,2019-11-05,,44.73271942138672
DA050,2019-11-05,,7.090260028839111
DA050,2019-11-05,,40.15742874145508
DA050,2019-11-06,,12.14684009552002
DA050,2019-11-06,,8.965499877929688
DA050,2019-11-06,,3.368129968643188
DA050,2019-11-06,,11.97531986236572
DA050,2019-11-07,,4.059464931488037
DA050,2019-11-07,,24.35968971252441
DA050,2019-11-07,,28.18798065185547
DA050,2019-11-07,,4.980000019073486
DA050,2019-11-08,,21.91424942016602
DA050,2019-11-08,,3.655080080032349
DA050,2019-11-08,,4.328999996185303
DA050,2019-11-08,,5.041749954223633
DA050,2019-11-09,,7.156929969787598
DA050,2019-11-09,,47.8785285949707
DA050,2019-11-09,,6.358280181884766
DA050,2019-11-09,,12.32540035247803
DA051,2019-10-29,11:31,25.29611015319824
DA051,2019-10-29,17:00,6.406457424163818
DA051,2019-10-29,21:00,28.3768253326416
DA051,2019-10-30,12:00,24.80450057983398
DA051,2019-10-30,17:00,1.692870020866394
DA051,2019-10-30,19:20,20.02000045776367
DA051,2019-10-31,11:31,6.547770023345947
DA051,2019-10-31,16:30,6.731009960174561
DA051,2019-10-31,20:56,25.89298439025879
DA051,2019-11-01,11:06,54.68047332763672
DA051,2019-11-01,16:30,9.07483959197998
DA051,2019-11-10,8:46,7.199999809265137
DA051,2019-11-10,11:31,14.31449031829834
DA051,2019-11-10,17:00,23.47970581054688
DA051,2019-11-10,20:00,7.645319938659668
DA051,2019-11-11,,10.31731510162354
DA051,2019-11-11,,9.797999382019043
DA051,2019-11-11,,7.199999809265137
DA051,2019-11-12,,9.9399995803833
DA051,2019-11-12,,54.47961044311523
DA051,2019-11-02,12:00,17.69494819641113
DA051,2019-11-02,17:00,2.949350118637085
DA051,2019-11-02,19:26,12.24174976348877
DA051,2019-11-03,8:05,12.24174976348877
DA051,2019-11-03,12:00,11.59896469116211
DA051,2019-11-03,17:00,2.633465051651001
DA051,2019-11-03,19:30,10.67857456207275
DA051,2019-11-04,8:01,11.30000019073486
DA051,2019-11-04,12:00,6.759520053863525
DA051,2019-11-04,17:00,11.31625461578369
DA051,2019-11-04,21:15,9.15999984741211
DA051,2019-11-05,7:53,15.20693016052246
DA051,2019-11-05,12:26,33.54954147338867
DA051,2019-11-05,17:00,3.545130014419556
DA051,2019-11-05,21:00,0.8999999761581421
DA051,2019-11-06,7:30,16.68107986450195
DA051,2019-11-06,11:11,4.482749938964844
DA051,2019-11-06,17:00,17.67609786987305
DA051,2019-11-07,08:00,1.55265998840332
DA051,2019-11-07,12:00,26.99315452575684
DA051,2019-11-07,17:00,47.37197875976562
DA051,2019-11-07,22:15,12.38004016876221
DA051,2019-11-08,08:00,8.572500228881836
DA051,2019-11-08,11:38,3.655080080032349
DA051,2019-11-08,17:00,2.164499998092651
DA051,2019-11-08,20:15,0.8999999761581421
DA051,2019-11-09,6:38,0.300000011920929
DA051,2019-11-09,12:00,23.93926429748535
DA051,2019-11-09,17:00,3.179140090942383
DA051,2019-11-09,22:23,12.24174976348877
DA052,2019-10-29,12:37,40.57762908935547
DA052,2019-10-29,17:00,3.772992610931396
DA052,2019-10-29,21:22,33.60174942016602
DA052,2019-10-30,12:59,49.60900115966797
DA052,2019-10-30,17:00,1.692870020866394
DA052,2019-10-30,19:37,21.44174957275391
DA052,2019-10-31,12:00,15.72900485992432
DA052,2019-10-31,17:00,6.731009960174561
DA052,2019-10-31,19:22,11.88175010681152
DA052,2019-11-01,8:52,7.410055160522461
DA052,2019-11-01,11:44,16.12095069885254
DA052,2019-11-01,17:52,4.294250011444092
DA052,2019-11-01,21:22,5.641749858856201
DA052,2019-11-10,8:16,13.3417501449585
DA052,2019-11-10,12:00,18.20816421508789
DA052,2019-11-10,17:00,20.84623908996582
DA052,2019-11-11,8:59,6.706930160522461
DA052,2019-11-11,11:52,12.95077991485596
DA052,2019-11-11,17:00,6.97346019744873
DA052,2019-11-11,20:00,7.5
DA052,2019-11-12,,13.12693023681641
DA052,2019-11-12,,5.266930103302002
DA052,2019-11-02,08:00,5.711305141448975
DA052,2019-11-02,12:44,10.91880989074707
DA052,2019-11-02,17:00,2.949350118637085
DA052,2019-11-02,21:52,7.441750049591064
DA052,2019-11-03,8:12,13.95600032806396
DA052,2019-11-03,12:29,4.482749938964844
DA052,2019-11-03,17:22,2.406019926071167
DA052,2019-11-03,22:07,11.20532035827637
DA052,2019-11-04,8:07,10.02175045013428
DA052,2019-11-04,12:37,16.15250587463379
DA052,2019-11-04,17:00,3.245290040969849
DA052,2019-11-04,20:33,8.452659606933594
DA052,2019-11-05,7:29,15.20693016052246
DA052,2019-11-05,12:00,24.99982452392578
DA052,2019-11-05,17:00,3.545130014419556
DA052,2019-11-05,21:37,9.261750221252441
DA052,2019-11-06,8:59,12.14684009552002
DA052,2019-11-06,12:07,8.965499877929688
DA052,2019-11-06,17:11,2.633465051651001
DA052,2019-11-06,20:44,5.094409942626953
DA052,2019-11-07,08:00,6.692930221557617
DA052,2019-11-07,12:00,24.35968971252441
DA052,2019-11-07,16:52,28.18798065185547
DA052,2019-11-07,21:59,5.041749954223633
DA052,2019-11-08,8:07,9.640000343322754
DA052,2019-11-08,12:00,4.461005210876465
DA052,2019-11-08,17:00,4.328999996185303
DA052,2019-11-08,21:56,10.08349990844727
DA052,2019-11-09,6:52,7.156929969787598
DA052,2019-11-09,12:07,26.57272911071777
DA052,2019-11-09,17:14,8.991744995117188
DA052,2019-11-09,20:00,5.041749954223633
DA053,2019-10-29,12:00,25.29611015319824
DA053,2019-10-29,16:30,12.81291484832764
DA053,2019-10-29,20:55,21.73238945007324
DA053,2019-10-30,12:00,24.80450057983398
DA053,2019-10-30,16:25,6.959799766540527
DA053,2019-10-30,21:19,29.63999938964844
DA053,2019-10-31,12:00,6.547770023345947
DA053,2019-10-31,16:02,6.731009960174561
DA053,2019-10-31,19:32,20.29830551147461
DA053,2019-11-01,08:00,7.410055160522461
DA053,2019-11-01,12:00,39.14047622680664
DA053,2019-11-01,17:00,4.294250011444092
DA053,2019-11-10,,6.385749816894531
DA053,2019-11-10,,20.84163093566895
DA053,2019-11-10,,20.84623908996582
DA053,2019-11-10,,5.041749954223633
DA053,2019-11-11,,5.041749954223633
DA053,2019-11-11,,29.01184844970703
DA053,2019-11-11,,0.4453200101852417
DA053,2019-11-12,,15.20693016052246
DA053,2019-11-12,,54.47961044311523
DA053,2019-11-02,8:21,2.633465051651001
DA053,2019-11-02,12:00,13.55227470397949
DA053,2019-11-02,17:10,2.949350118637085
DA053,2019-11-02,22:17,15.20007991790771
DA053,2019-11-03,08:00,19.54574966430664
DA053,2019-11-03,12:00,8.965499877929688
DA053,2019-11-03,17:00,5.039484977722168
DA053,2019-11-03,21:49,11.68175029754639
DA053,2019-11-04,7:54,13.3417501449585
DA053,2019-11-04,12:00,6.759520053863525
DA053,2019-11-04,17:00,8.68278980255127
DA053,2019-11-04,20:25,20.10174942016602
DA053,2019-11-05,8:02,20.24868011474609
DA053,2019-11-05,12:00,22.36635971069336
DA053,2019-11-05,17:00,8.812060356140137
DA053,2019-11-05,20:00,12.24174976348877
DA053,2019-11-06,,16.68107986450195
DA053,2019-11-06,,18.51812934875488
DA053,2019-11-06,,7.199999809265137
DA053,2019-11-07,,8.560079574584961
DA053,2019-11-07,,47.37197875976562
DA053,2019-11-07,,15.81273937225342
DA053,2019-11-08,,22.39950942993164
DA053,2019-11-08,,3.655080080032349
DA053,2019-11-08,,4.328999996185303
DA053,2019-11-08,,17.39999961853027
DA053,2019-11-09,,3.0
DA053,2019-11-09,,53.14545822143555
DA053,2019-11-09,,16.89213943481445
DA053,2019-11-09,,15.7600793838501
DA054,2019-10-29,12:00,43.21109390258789
DA054,2019-10-29,16:33,12.81291484832764
DA054,2019-10-29,21:48,30.47559928894043
DA054,2019-10-30,12:00,30.07143020629883
DA054,2019-10-30,17:11,6.959799766540527
DA054,2019-10-30,21:18,17.46000099182129
DA054,2019-10-31,8:54,5.266930103302002
DA054,2019-10-31,12:00,8.540815353393555
DA054,2019-10-31,17:00,6.731009960174561
DA054,2019-10-31,19:18,38.14683532714844
DA054,2019-11-01,6:03,7.410055160522461
DA054,2019-11-01,12:00,36.92787933349609
DA054,2019-11-01,16:24,9.561180114746094
DA054,2019-11-10,08:00,4.343999862670898
DA054,2019-11-10,12:00,13.05428028106689
DA054,2019-11-10,17:00,15.69005012512207
DA054,2019-11-11,6:33,13.82701015472412
DA054,2019-11-11,12:00,12.95077991485596
DA054,2019-11-11,17:11,22.03838920593262
DA054,2019-11-12,,23.76700973510742
DA054,2019-11-12,,59.74654006958008
DA054,2019-11-02,8:11,5.266930103302002
DA054,2019-11-02,12:00,13.55227470397949
DA054,2019-11-02,17:00,2.949350118637085
DA054,2019-11-02,20:03,25.09392929077148
DA054,2019-11-03,08:00,11.24808025360107
DA054,2019-11-03,12:00,9.749679565429688
DA054,2019-11-03,17:00,5.266930103302002
DA054,2019-11-03,20:39,12.18008041381836
DA054,2019-11-04,08:00,13.54008007049561
DA054,2019-11-04,12:19,12.02645015716553
DA054,2019-11-04,17:03,13.94972038269043
DA054,2019-11-04,21:14,8.560079574584961
DA054,2019-11-05,7:03,15.20693016052246
DA054,2019-11-05,12:09,22.36635971069336
DA054,2019-11-05,16:29,8.812060356140137
DA054,2019-11-05,21:41,11.8800802230835
DA054,2019-11-06,08:00,11.68008041381836
DA054,2019-11-06,12:00,9.749679565429688
DA054,2019-11-06,16:26,14.5259952545166
DA054,2019-11-07,08:00,13.82701015472412
DA054,2019-11-07,11:48,29.62661933898926
DA054,2019-11-07,17:00,38.544921875
DA054,2019-11-08,08:00,13.82701015472412
DA054,2019-11-08,12:00,8.92201042175293
DA054,2019-11-08,17:00,7.431429862976074
DA054,2019-11-09,8:03,13.82701015472412
DA054,2019-11-09,12:00,29.20619583129883
DA054,2019-11-09,17:00,8.446069717407227
DA055,2019-10-29,12:00,43.21109390258789
DA055,2019-10-29,17:50,12.81291484832764
DA055,2019-10-29,20:57,35.65385055541992
DA055,2019-10-30,12:28,39.84021377563477
DA055,2019-10-30,17:00,1.692870020866394
DA055,2019-10-30,20:00,22.50175094604492
DA055,2019-10-31,12:00,13.09554004669189
DA055,2019-10-31,17:00,13.46201992034912
DA055,2019-10-31,20:37,38.07473373413086
DA055,2019-11-01,8:43,6.91971492767334
DA055,2019-11-01,12:00,39.14047622680664
DA055,2019-11-01,17:00,8.588500022888184
DA055,2019-11-01,20:37,5.041749954223633
DA055,2019-11-10,8:16,6.385749816894531
DA055,2019-11-10,12:00,20.84163093566895
DA055,2019-11-10,17:00,10.42311954498291
DA055,2019-11-10,20:39,12.83682441711426
DA055,2019-11-11,08:00,3.35346508026123
DA055,2019-11-11,12:00,5.158657550811768
DA055,2019-11-11,16:03,31.64531326293945
DA055,2019-11-11,21:12,5.041749954223633
DA055,2019-11-12,,15.20693016052246
DA055,2019-11-12,,54.47961044311523
DA055,2019-11-02,08:00,5.266930103302002
DA055,2019-11-02,12:00,16.5706901550293
DA055,2019-11-02,17:00,2.949350118637085
DA055,2019-11-02,19:22,12.18000030517578
DA055,2019-11-03,08:00,16.29775047302246
DA055,2019-11-03,12:00,4.482749938964844
DA055,2019-11-03,17:00,2.406019926071167
DA055,2019-11-03,20:54,4.980000019073486
DA055,2019-11-04,08:00,9.640000343322754
DA055,2019-11-04,17:07,8.68278980255127
DA055,2019-11-04,21:20,18.52008056640625
DA055,2019-11-05,7:57,15.20693016052246
DA055,2019-11-05,12:00,44.73271942138672
DA055,2019-11-05,17:00,7.090260028839111
DA055,2019-11-05,20:16,0.300000011920929
DA055,2019-11-06,6:31,11.2817497253418
DA055,2019-11-06,11:58,14.23243045806885
DA055,2019-11-06,16:27,18.51812934875488
DA055,2019-11-06,22:07,10.51999950408936
DA055,2019-11-07,6:42,5.041749954223633
DA055,2019-11-07,17:35,47.37197875976562
DA055,2019-11-07,22:05,7.199999809265137
DA055,2019-11-08,08:00,22.39950942993164
DA055,2019-11-08,12:00,3.655080080032349
DA055,2019-11-08,17:27,4.328999996185303
DA055,2019-11-08,21:35,7.199999809265137
DA055,2019-11-09,08:00,3.0
DA055,2019-11-09,12:58,47.8785285949707
DA055,2019-11-09,17:05,6.856500148773193
DA055,2019-11-09,21:42,5.341750144958496
DA056,2019-10-29,08:00,9.15999984741211
DA056,2019-10-29,11:35,30.56303977966309
DA056,2019-10-29,17:00,12.81291484832764
DA056,2019-10-29,21:42,5.041749954223633
DA056,2019-10-30,6:42,5.906839847564697
DA056,2019-10-30,11:57,54.87593078613281
DA056,2019-10-30,17:00,6.959799766540527
DA056,2019-10-30,19:15,10.29444980621338
DA056,2019-10-31,7:45,6.692930221557617
DA056,2019-10-31,12:05,18.36247062683105
DA056,2019-10-31,17:00,18.72895050048828
DA056,2019-10-31,19:00,3.959700107574463
DA056,2019-11-01,6:49,13.83942985534668
DA056,2019-11-01,11:53,21.38788032531738
DA056,2019-11-01,17:55,13.85542964935303
DA056,2019-11-01,21:34,7.051449775695801
DA056,2019-11-10,,5.688000202178955
DA056,2019-11-10,,20.84163093566895
DA056,2019-11-10,,26.1131706237793
DA056,2019-11-11,,11.66683959960938
DA056,2019-11-11,,25.90155982971191
DA056,2019-11-11,,19.2138500213623
DA056,2019-11-11,,2.009700059890747
DA056,2019-11-12,,6.10584020614624
DA056,2019-11-12,,59.74654006958008
DA056,2019-11-02,08:00,7.044429779052734
DA056,2019-11-02,12:00,21.83761978149414
DA056,2019-11-02,17:49,8.216279983520508
DA056,2019-11-02,21:57,14.25144958496094
DA056,2019-11-03,8:42,19.43400001525879
DA056,2019-11-03,11:50,14.23243045806885
DA056,2019-11-03,16:34,10.07896995544434
DA056,2019-11-03,20:55,27.24354934692383
DA056,2019-11-04,6:27,1.660000085830688
DA056,2019-11-04,11:50,18.78597068786621
DA056,2019-11-04,17:00,11.7575101852417
DA056,2019-11-04,20:00,3.509700059890747
DA056,2019-11-05,,12.30683994293213
DA056,2019-11-05,,49.99964904785156
DA056,2019-11-05,,12.35719013214111
DA056,2019-11-05,,10.10970020294189
DA056,2019-11-06,,7.147930145263672
DA056,2019-11-06,,14.23243045806885
DA056,2019-11-06,,8.63506031036377
DA056,2019-11-06,,1.5
DA056,2019-11-07,,6.692930221557617
DA056,2019-11-07,,29.62661933898926
DA056,2019-11-07,,33.45491027832031
DA056,2019-11-07,,9.509699821472168
DA056,2019-11-08,,13.83942985534668
DA056,2019-11-08,,8.92201042175293
DA056,2019-11-08,,9.595930099487305
DA056,2019-11-08,,1.5
DA056,2019-11-09,,7.156929969787598
DA056,2019-11-09,,53.14545822143555
DA056,2019-11-09,,11.62520980834961
DA056,2019-11-09,,2.009700059890747
DA057,2019-10-29,11:24,55.85914993286133
DA057,2019-10-29,17:55,17.72543525695801
DA057,2019-10-29,22:10,35.06008148193359
DA057,2019-10-30,12:00,54.87593078613281
DA057,2019-10-30,17:00,8.652669906616211
DA057,2019-10-30,19:28,41.00088119506836
DA057,2019-10-31,7:24,6.692930221557617
DA057,2019-10-31,12:00,18.36247062683105
DA057,2019-10-31,17:00,18.72895050048828
DA057,2019-10-31,19:00,28.59580421447754
DA057,2019-11-01,08:00,7.410055160522461
DA057,2019-11-01,12:00,36.92787933349609
DA057,2019-11-01,16:25,13.85542964935303
DA057,2019-11-01,21:32,5.420000076293945
DA057,2019-11-10,,5.688000202178955
DA057,2019-11-10,,20.84163093566895
DA057,2019-11-10,,26.1131706237793
DA057,2019-11-10,,8.329750061035156
DA057,2019-11-11,,6.706930160522461
DA057,2019-11-11,,25.90155982971191
DA057,2019-11-11,,19.2138500213623
DA057,2019-11-11,,7.252659797668457
DA057,2019-11-12,,15.20693016052246
DA057,2019-11-12,,59.74654006958008
DA057,2019-11-02,6:10,5.711305141448975
DA057,2019-11-02,12:00,21.83761978149414
DA057,2019-11-02,17:00,8.216279983520508
DA057,2019-11-02,20:00,6.701749801635742
DA057,2019-11-03,08:00,12.65740013122559
DA057,2019-11-03,12:00,5.266930103302002
DA057,2019-11-03,17:00,5.266930103302002
DA057,2019-11-03,20:00,14.35294055938721
DA057,2019-11-04,7:54,16.86008071899414
DA057,2019-11-04,12:58,24.05290031433105
DA057,2019-11-04,17:00,11.7575101852417
DA057,2019-11-04,22:40,8.95266056060791
DA057,2019-11-05,08:00,15.20693016052246
DA057,2019-11-05,12:00,49.99964904785156
DA057,2019-11-05,16:34,12.35719013214111
DA057,2019-11-05,22:17,9.23031997680664
DA057,2019-11-06,7:24,12.14684009552002
DA057,2019-11-06,12:00,14.23243045806885
DA057,2019-11-06,17:00,8.63506031036377
DA057,2019-11-06,20:55,9.40707015991211
DA057,2019-11-07,7:55,6.692930221557617
DA057,2019-11-07,12:00,29.62661933898926
DA057,2019-11-07,17:00,71.82290649414062
DA057,2019-11-07,21:55,15.125
DA057,2019-11-08,08:00,11.30000019073486
DA057,2019-11-08,12:00,8.92201042175293
DA057,2019-11-08,17:10,9.595930099487305
DA057,2019-11-08,21:25,8.361749649047852
DA057,2019-11-09,7:40,7.156929969787598
DA057,2019-11-09,11:54,53.14545822143555
DA057,2019-11-09,17:47,11.62520980834961
DA057,2019-11-09,21:55,3.372660160064697
DA058,2019-10-29,11:13,50.59222030639648
DA058,2019-10-29,17:00,15.09197044372559
DA058,2019-10-29,22:27,23.10174942016602
DA058,2019-10-30,12:00,49.60900115966797
DA058,2019-10-30,17:00,3.385740041732788
DA058,2019-10-30,19:54,23.03866004943848
DA058,2019-10-31,7:43,6.692930221557617
DA058,2019-10-31,12:00,13.09554004669189
DA058,2019-10-31,17:00,13.46201992034912
DA058,2019-10-31,19:09,35.87728881835938
DA058,2019-11-01,08:00,8.811129570007324
DA058,2019-11-01,12:00,47.20095062255859
DA058,2019-11-01,17:57,8.588500022888184
DA058,2019-11-01,20:50,6.474779605865479
DA058,2019-11-10,,4.210639953613281
DA058,2019-11-10,,15.57470035552979
DA058,2019-11-10,,20.84623908996582
DA058,2019-11-10,,20.25412940979004
DA058,2019-11-11,,6.706930160522461
DA058,2019-11-11,,20.63463020324707
DA058,2019-11-11,,13.94692039489746
DA058,2019-11-11,,8.752659797668457
DA058,2019-11-12,,9.640000343322754
DA058,2019-11-12,,54.47961044311523
DA058,2019-11-02,7:35,5.711305141448975
DA058,2019-11-02,12:58,16.5706901550293
DA058,2019-11-02,17:37,2.949350118637085
DA058,2019-11-02,22:07,8.723845481872559
DA058,2019-11-03,7:43,0.4453200101852417
DA058,2019-11-03,11:13,8.965499877929688
DA058,2019-11-03,17:00,4.812039852142334
DA058,2019-11-03,20:00,9.81272029876709
DA058,2019-11-04,,4.659999847412109
DA058,2019-11-04,,13.51904010772705
DA058,2019-11-04,,6.490580081939697
DA058,2019-11-04,,17.43987083435059
DA058,2019-11-05,,15.20693016052246
DA058,2019-11-05,,44.73271942138672
DA058,2019-11-05,,7.090260028839111
DA058,2019-11-05,,11.35571002960205
DA058,2019-11-06,,12.14684009552002
DA058,2019-11-06,,8.965499877929688
DA058,2019-11-06,,3.368129968643188
DA058,2019-11-06,,28.15726089477539
DA058,2019-11-07,,6.692930221557617
DA058,2019-11-07,,24.35968971252441
DA058,2019-11-07,,28.18798065185547
DA058,2019-11-07,,13.79610061645508
DA058,2019-11-08,,4.980000019073486
DA058,2019-11-08,,3.655080080032349
DA058,2019-11-08,,4.328999996185303
DA058,2019-11-08,,31.53372001647949
DA058,2019-11-09,,7.156929969787598
DA058,2019-11-09,,47.8785285949707
DA058,2019-11-09,,6.358280181884766
DA058,2019-11-09,,12.39811992645264
DA059,2019-10-29,12:00,30.56303977966309
DA059,2019-10-29,17:22,12.81291484832764
DA059,2019-10-29,20:52,28.64621925354004
DA059,2019-10-30,7:14,9.932680130004883
DA059,2019-10-30,12:00,54.87593078613281
DA059,2019-10-30,17:00,8.652669906616211
DA059,2019-10-30,19:17,21.24300003051758
DA059,2019-10-31,6:37,11.95985984802246
DA059,2019-10-31,12:00,18.36247062683105
DA059,2019-10-31,17:00,18.72895050048828
DA059,2019-10-31,20:56,5.041749954223633
DA059,2019-11-01,08:00,19.10635948181152
DA059,2019-11-01,12:00,21.38788032531738
DA059,2019-11-01,16:37,13.85542964935303
DA059,2019-11-01,20:56,14.58475017547607
DA059,2019-11-10,08:00,5.688000202178955
DA059,2019-11-10,11:10,20.84163093566895
DA059,2019-11-10,17:18,26.1131706237793
DA059,2019-11-10,22:37,2.009700059890747
DA059,2019-11-11,08:00,11.66683959960938
DA059,2019-11-11,12:00,25.90155982971191
DA059,2019-11-11,16:07,19.2138500213623
DA059,2019-11-11,19:37,11.16969966888428
DA059,2019-11-12,7:52,10.13167953491211
DA059,2019-11-12,12:00,59.74654006958008
DA059,2019-11-02,08:00,12.31136035919189
DA059,2019-11-02,12:00,21.83761978149414
DA059,2019-11-02,17:02,8.216279983520508
DA059,2019-11-02,22:06,23.73385047912598
DA059,2019-11-03,8:52,19.43400001525879
DA059,2019-11-03,12:00,14.23243045806885
DA059,2019-11-03,17:00,10.07896995544434
DA059,2019-11-03,20:32,20.88655090332031
DA059,2019-11-04,12:00,18.78597068786621
DA059,2019-11-04,17:00,11.7575101852417
DA059,2019-11-04,21:59,7.003000259399414
DA059,2019-11-05,6:52,12.30683994293213
DA059,2019-11-05,12:00,49.99964904785156
DA059,2019-11-05,17:00,12.35719013214111
DA059,2019-11-05,20:52,3.669700145721436
DA059,2019-11-06,08:00,12.41485977172852
DA059,2019-11-06,12:00,14.23243045806885
DA059,2019-11-06,17:00,8.63506031036377
DA059,2019-11-07,8:33,11.95985984802246
DA059,2019-11-07,12:00,29.62661933898926
DA059,2019-11-07,17:00,33.45491027832031
DA059,2019-11-07,22:07,9.509699821472168
DA059,2019-11-08,08:00,19.10635948181152
DA059,2019-11-08,12:00,8.92201042175293
DA059,2019-11-08,16:07,9.595930099487305
DA059,2019-11-08,19:44,5.041749954223633
DA059,2019-11-09,8:44,12.42385959625244
DA059,2019-11-09,12:00,53.14545822143555
DA059,2019-11-09,17:00,11.62520980834961
DA060,2019-10-29,12:24,55.85914993286133
DA060,2019-10-29,17:00,20.35890007019043
DA060,2019-10-29,22:38,8.71144962310791
DA060,2019-10-30,7:27,9.932680130004883
DA060,2019-10-30,12:00,60.14286041259766
DA060,2019-10-30,17:00,10.533860206604
DA060,2019-10-31,8:34,11.95985984802246
DA060,2019-10-31,12:00,23.6294002532959
DA060,2019-10-31,17:00,23.99588012695312
DA060,2019-11-01,7:46,19.10635948181152
DA060,2019-11-01,12:00,26.65480995178223
DA060,2019-11-01,17:00,19.12236022949219
DA060,2019-11-01,19:03,5.041749954223633
DA060,2019-11-10,,5.688000202178955
DA060,2019-11-10,,26.10856056213379
DA060,2019-11-10,,31.38010025024414
DA060,2019-11-10,,1.660000085830688
DA060,2019-11-11,,11.66683959960938
DA060,2019-11-11,,25.90155982971191
DA060,2019-11-11,,19.2138500213623
DA060,2019-11-12,,6.10584020614624
DA060,2019-11-12,,59.74654006958008
DA060,2019-11-02,6:57,12.31136035919189
DA060,2019-11-02,11:09,27.10454940795898
DA060,2019-11-02,17:00,13.48320960998535
DA060,2019-11-02,19:31,7.051449775695801
DA060,2019-11-03,08:00,19.43400001525879
DA060,2019-11-03,12:00,19.49935913085938
DA060,2019-11-03,17:23,15.34589958190918
DA060,2019-11-04,7:04,9.15999984741211
DA060,2019-11-04,12:46,24.05290031433105
DA060,2019-11-04,17:43,17.02444076538086
DA060,2019-11-05,7:16,12.30683994293213
DA060,2019-11-05,11:49,55.26657867431641
DA060,2019-11-05,17:00,17.62412071228027
DA060,2019-11-06,,12.41485977172852
DA060,2019-11-06,,19.49935913085938
DA060,2019-11-06,,13.90198993682861
DA060,2019-11-06,,7.5
DA060,2019-11-07,,11.95985984802246
DA060,2019-11-07,,34.89355087280273
DA060,2019-11-07,,38.72183990478516
DA060,2019-11-07,,5.041749954223633
DA060,2019-11-08,,19.10635948181152
DA060,2019-11-08,,14.18894004821777
DA060,2019-11-08,,14.86285972595215
DA060,2019-11-08,,7.5
DA060,2019-11-09,,12.42385959625244
DA060,2019-11-09,,58.41239166259766
DA060,2019-11-09,,16.89213943481445
DA060,2019-11-09,,1.660000085830688
DA061,2019-10-29,08:00,1.660000085830688
DA061,2019-10-29,11:58,35.82997131347656
DA061,2019-10-29,17:00,18.0798454284668
DA061,2019-10-30,7:20,9.932680130004883
DA061,2019-10-30,11:58,60.14286041259766
DA061,2019-10-30,17:12,11.28613471984863
DA061,2019-10-31,08:00,11.95985984802246
DA061,2019-10-31,12:00,23.6294002532959
DA061,2019-10-31,17:00,18.72895050048828
DA061,2019-11-01,08:00,19.10635948181152
DA061,2019-11-01,12:00,26.65480995178223
DA061,2019-11-01,17:00,19.12236022949219
DA061,2019-11-01,21:20,2.009700059890747
DA061,2019-11-10,,5.688000202178955
DA061,2019-11-10,,26.10856056213379
DA061,2019-11-10,,31.38010025024414
DA061,2019-11-10,,2.342999935150146
DA061,2019-11-11,,11.66683959960938
DA061,2019-11-11,,31.16848945617676
DA061,2019-11-11,,29.01184844970703
DA061,2019-11-12,,6.10584020614624
DA061,2019-11-12,,65.01347351074219
DA061,2019-11-02,6:27,12.31136035919189
DA061,2019-11-02,11:20,27.10454940795898
DA061,2019-11-02,17:00,13.48320960998535
DA061,2019-11-02,21:42,14.5514497756958
DA061,2019-11-03,08:00,19.43400001525879
DA061,2019-11-03,12:58,10.533860206604
DA061,2019-11-03,17:00,15.34589958190918
DA061,2019-11-04,08:00,9.15999984741211
DA061,2019-11-04,12:00,24.05290031433105
DA061,2019-11-04,17:00,22.46194076538086
DA061,2019-11-05,08:00,12.30683994293213
DA061,2019-11-05,12:00,55.26657867431641
DA061,2019-11-05,17:00,17.62412071228027
DA061,2019-11-05,22:12,2.342999935150146
DA061,2019-11-06,08:00,12.41485977172852
DA061,2019-11-06,12:35,19.49935913085938
DA061,2019-11-06,17:00,13.90198993682861
DA061,2019-11-06,20:00,1.660000085830688
DA061,2019-11-07,7:57,11.95985984802246
DA061,2019-11-07,12:50,34.89355087280273
DA061,2019-11-07,17:00,38.72183990478516
DA061,2019-11-07,19:54,7.5
DA061,2019-11-08,6:47,19.10635948181152
DA061,2019-11-08,12:00,14.18894004821777
DA061,2019-11-08,17:00,14.86285972595215
DA061,2019-11-08,20:00,2.342999935150146
DA061,2019-11-09,,12.42385959625244
DA061,2019-11-09,,58.41239166259766
DA061,2019-11-09,,16.89213943481445
DA061,2019-11-09,,7.5
DA062,2019-10-29,08:00,1.660000085830688
DA062,2019-10-29,11:31,12.64805507659912
DA062,2019-10-29,17:00,15.09197044372559
DA062,2019-10-30,7:24,5.906839847564697
DA062,2019-10-30,11:01,52.24246597290039
DA062,2019-10-30,17:47,3.385740041732788
DA062,2019-10-30,22:09,2.342999935150146
DA062,2019-10-31,7:57,5.97992992401123
DA062,2019-10-31,12:00,9.181235313415527
DA062,2019-10-31,17:00,6.731009960174561
DA062,2019-11-01,,13.83942985534668
DA062,2019-11-01,,18.75441551208496
DA062,2019-11-01,,8.588500022888184
DA062,2019-11-01,,17.5496997833252
DA062,2019-11-10,,5.688000202178955
DA062,2019-11-10,,20.84163093566895
DA062,2019-11-10,,20.84623908996582
DA062,2019-11-10,,5.041749954223633
DA062,2019-11-11,,11.66683959960938
DA062,2019-11-11,,25.90155982971191
DA062,2019-11-11,,16.58038520812988
DA062,2019-11-11,,2.009700059890747
DA062,2019-11-12,,6.10584020614624
DA062,2019-11-12,,59.74654006958008
DA062,2019-11-12,,7.199999809265137
DA062,2019-11-02,,7.044429779052734
DA062,2019-11-02,,19.20415496826172
DA062,2019-11-02,,5.582815170288086
DA062,2019-11-03,,19.43400001525879
DA062,2019-11-03,,11.59896469116211
DA062,2019-11-03,,4.812039852142334
DA062,2019-11-03,,27.70355033874512
DA062,2019-11-04,,1.660000085830688
DA062,2019-11-04,,18.78597068786621
DA062,2019-11-04,,6.490580081939697
DA062,2019-11-05,,12.30683994293213
DA062,2019-11-05,,49.99964904785156
DA062,2019-11-05,,7.090260028839111
DA062,2019-11-05,,2.009700059890747
DA062,2019-11-06,,7.147930145263672
DA062,2019-11-06,,14.23243045806885
DA062,2019-11-06,,18.51812934875488
DA062,2019-11-07,,6.692930221557617
DA062,2019-11-07,,29.62661933898926
DA062,2019-11-07,,28.18798065185547
DA062,2019-11-07,,7.051449775695801
DA062,2019-11-08,,13.83942985534668
DA062,2019-11-08,,8.92201042175293
DA062,2019-11-08,,4.328999996185303
DA062,2019-11-08,,2.009700059890747
DA062,2019-11-09,,7.156929969787598
DA062,2019-11-09,,53.14545822143555
DA062,2019-11-09,,6.358280181884766
DA062,2019-11-09,,7.051449775695801
DA063,2019-10-29,08:00,1.660000085830688
DA063,2019-10-29,12:00,53.22568511962891
DA063,2019-10-29,17:04,15.09197044372559
DA063,2019-10-29,20:49,9.509699821472168
DA063,2019-10-30,7:16,3.893919944763184
DA063,2019-10-30,12:00,54.87593078613281
DA063,2019-10-30,17:00,3.385740041732788
DA063,2019-10-30,19:30,28.03684997558594
DA063,2019-10-31,8:50,6.692930221557617
DA063,2019-10-31,12:00,18.36247062683105
DA063,2019-10-31,17:00,13.46201992034912
DA063,2019-10-31,19:10,5.931300163269043
DA063,2019-11-01,8:05,13.83942985534668
DA063,2019-11-01,12:42,21.38788032531738
DA063,2019-11-01,17:00,8.588500022888184
DA063,2019-11-01,20:00,9.209699630737305
DA063,2019-11-10,7:20,5.688000202178955
DA063,2019-11-10,12:00,20.84163093566895
DA063,2019-11-10,17:00,20.84623908996582
DA063,2019-11-10,19:34,2.009700059890747
DA063,2019-11-11,7:40,11.66683959960938
DA063,2019-11-11,12:50,5.266930103302002
DA063,2019-11-11,17:00,19.2138500213623
DA063,2019-11-11,19:49,9.209699630737305
DA063,2019-11-12,,6.10584020614624
DA063,2019-11-12,,59.74654006958008
DA063,2019-11-12,,3.669700145721436
DA063,2019-11-02,7:00,7.044429779052734
DA063,2019-11-02,11:50,16.5706901550293
DA063,2019-11-02,17:00,2.949350118637085
DA063,2019-11-02,19:34,2.609699964523315
DA063,2019-11-03,7:35,19.43400001525879
DA063,2019-11-03,11:00,14.23243045806885
DA063,2019-11-03,17:00,4.812039852142334
DA063,2019-11-03,20:00,25.3726806640625
DA063,2019-11-04,8:35,9.15999984741211
DA063,2019-11-04,12:00,18.78597068786621
DA063,2019-11-04,16:27,6.490580081939697
DA063,2019-11-04,20:34,9.15999984741211
DA063,2019-11-05,8:27,12.30683994293213
DA063,2019-11-05,12:20,49.99964904785156
DA063,2019-11-05,17:00,7.090260028839111
DA063,2019-11-06,7:19,7.147930145263672
DA063,2019-11-06,12:50,14.23243045806885
DA063,2019-11-06,17:00,3.368129968643188
DA063,2019-11-06,22:12,2.009700059890747
DA063,2019-11-07,7:49,6.692930221557617
DA063,2019-11-07,12:05,29.62661933898926
DA063,2019-11-07,17:00,28.18798065185547
DA063,2019-11-07,19:04,2.009700059890747
DA063,2019-11-08,6:30,13.83942985534668
DA063,2019-11-08,12:20,8.92201042175293
DA063,2019-11-08,17:57,4.328999996185303
DA063,2019-11-08,20:00,2.009700059890747
DA063,2019-11-09,6:49,7.156929969787598
DA063,2019-11-09,12:00,53.14545822143555
DA063,2019-11-09,17:00,6.358280181884766
DA063,2019-11-09,22:10,2.009700059890747
DA064,2019-10-29,08:00,9.15999984741211
DA064,2019-10-29,12:00,55.85914993286133
DA064,2019-10-29,16:22,20.35890007019043
DA064,2019-10-29,22:52,21.57559967041016
DA064,2019-10-30,8:34,9.932680130004883
DA064,2019-10-30,12:00,54.87593078613281
DA064,2019-10-30,17:00,8.652669906616211
DA064,2019-10-30,19:04,18.82399940490723
DA064,2019-10-31,7:22,11.95985984802246
DA064,2019-10-31,12:37,18.36247062683105
DA064,2019-10-31,17:00,18.72895050048828
DA064,2019-10-31,20:00,7.5
DA064,2019-11-01,08:00,19.10635948181152
DA064,2019-11-01,12:00,21.38788032531738
DA064,2019-11-01,17:00,13.85542964935303
DA064,2019-11-01,20:18,14.69999980926514
DA064,2019-11-10,6:15,5.688000202178955
DA064,2019-11-10,11:28,20.84163093566895
DA064,2019-11-10,16:03,26.1131706237793
DA064,2019-11-10,20:00,1.660000085830688
DA064,2019-11-11,08:00,11.66683959960938
DA064,2019-11-11,12:45,25.90155982971191
DA064,2019-11-11,17:00,19.2138500213623
DA064,2019-11-11,19:52,2.009700059890747
DA064,2019-11-12,,10.13167953491211
DA064,2019-11-12,,59.74654006958008
DA064,2019-11-12,,2.009700059890747
DA064,2019-11-02,08:00,10.533860206604
DA064,2019-11-02,12:00,21.83761978149414
DA064,2019-11-02,17:00,8.216279983520508
DA064,2019-11-02,21:43,2.009700059890747
DA064,2019-11-03,08:00,19.43400001525879
DA064,2019-11-03,12:00,14.23243045806885
DA064,2019-11-03,17:00,10.07896995544434
DA064,2019-11-03,19:27,9.209699630737305
DA064,2019-11-04,6:52,9.15999984741211
DA064,2019-11-04,12:30,18.78597068786621
DA064,2019-11-04,17:48,11.7575101852417
DA064,2019-11-05,6:52,12.30683994293213
DA064,2019-11-05,12:32,49.99964904785156
DA064,2019-11-05,17:00,12.35719013214111
DA064,2019-11-05,20:00,1.660000085830688
DA064,2019-11-06,7:15,12.41485977172852
DA064,2019-11-06,12:07,14.23243045806885
DA064,2019-11-06,18:00,8.63506031036377
DA064,2019-11-06,21:22,7.5
DA064,2019-11-07,9:00,11.95985984802246
DA064,2019-11-07,12:58,29.62661933898926
DA064,2019-11-07,17:00,33.45491027832031
DA064,2019-11-07,22:37,7.5
DA064,2019-11-08,08:00,19.10635948181152
DA064,2019-11-08,12:00,8.92201042175293
DA064,2019-11-08,17:48,9.595930099487305
DA064,2019-11-08,22:00,2.009700059890747
DA064,2019-11-09,7:57,12.42385959625244
DA064,2019-11-09,12:00,53.14545822143555
DA064,2019-11-09,17:42,11.62520980834961
DA064,2019-11-09,22:08,1.660000085830688
DA065,2019-10-29,,1.660000085830688
DA065,2019-10-29,,53.22568511962891
DA065,2019-10-29,,25.62582969665527
DA065,2019-10-30,,9.932680130004883
DA065,2019-10-30,,60.14286041259766
DA065,2019-10-30,,13.91959953308105
DA065,2019-10-31,,11.95985984802246
DA065,2019-10-31,,23.6294002532959
DA065,2019-10-31,,23.99588012695312
DA065,2019-10-31,,5.041749954223633
DA065,2019-11-01,,19.10635948181152
DA065,2019-11-01,,26.65480995178223
DA065,2019-11-01,,19.12236022949219
DA065,2019-11-01,,7.051449775695801
DA065,2019-11-10,,5.688000202178955
DA065,2019-11-10,,26.10856056213379
DA065,2019-11-10,,31.38010025024414
DA065,2019-11-10,,1.660000085830688
DA065,2019-11-11,,11.66683959960938
DA065,2019-11-11,,25.90155982971191
DA065,2019-11-11,,19.2138500213623
DA065,2019-11-11,,1.660000085830688
DA065,2019-11-12,,6.10584020614624
DA065,2019-11-12,,59.74654006958008
DA065,2019-11-12,,5.041749954223633
DA065,2019-11-02,,12.31136035919189
DA065,2019-11-02,,27.10454940795898
DA065,2019-11-02,,13.48320960998535
DA065,2019-11-02,,12.54174995422363
DA065,2019-11-03,,19.43400001525879
DA065,2019-11-03,,19.49935913085938
DA065,2019-11-03,,15.34589958190918
DA065,2019-11-04,,9.15999984741211
DA065,2019-11-04,,24.05290031433105
DA065,2019-11-04,,17.02444076538086
DA065,2019-11-04,,5.041749954223633
DA065,2019-11-05,,12.30683994293213
DA065,2019-11-05,,55.26657867431641
DA065,2019-11-05,,17.62412071228027
DA065,2019-11-05,,5.041749954223633
DA065,2019-11-06,,12.41485977172852
DA065,2019-11-06,,19.49935913085938
DA065,2019-11-06,,13.90198993682861
DA065,2019-11-06,,7.5
DA065,2019-11-07,,11.95985984802246
DA065,2019-11-07,,10.533860206604
DA065,2019-11-07,,10.533860206604
DA065,2019-11-07,,5.041749954223633
DA065,2019-11-08,,19.10635948181152
DA065,2019-11-08,,14.18894004821777
DA065,2019-11-08,,14.86285972595215
DA065,2019-11-08,,9.15999984741211
DA065,2019-11-09,,12.42385959625244
DA065,2019-11-09,,58.41239166259766
DA065,2019-11-09,,16.89213943481445
DA065,2019-11-09,,5.041749954223633
DA066,2019-10-29,08:00,1.660000085830688
DA066,2019-10-29,12:27,30.56303977966309
DA066,2019-10-29,16:25,17.72543525695801
DA066,2019-10-29,22:49,21.5428295135498
DA066,2019-10-30,7:27,9.932680130004883
DA066,2019-10-30,12:00,54.87593078613281
DA066,2019-10-30,17:00,8.652669906616211
DA066,2019-10-30,20:40,8.71144962310791
DA066,2019-10-31,6:30,6.692930221557617
DA066,2019-10-31,11:38,18.36247062683105
DA066,2019-10-31,17:15,18.72895050048828
DA066,2019-10-31,21:45,5.041749954223633
DA066,2019-11-01,7:49,19.10635948181152
DA066,2019-11-01,12:00,21.38788032531738
DA066,2019-11-01,17:00,13.85542964935303
DA066,2019-11-01,20:00,7.301750183105469
DA066,2019-11-10,8:42,5.688000202178955
DA066,2019-11-10,12:27,20.84163093566895
DA066,2019-11-10,17:00,26.1131706237793
DA066,2019-11-10,20:00,9.15999984741211
DA066,2019-11-11,7:40,11.66683959960938
DA066,2019-11-11,12:15,25.90155982971191
DA066,2019-11-11,17:00,13.94692039489746
DA066,2019-11-11,21:12,2.009700059890747
DA066,2019-11-12,,6.10584020614624
DA066,2019-11-12,,59.74654006958008
DA066,2019-11-12,,1.660000085830688
DA066,2019-11-02,08:00,12.31136035919189
DA066,2019-11-02,12:00,21.83761978149414
DA066,2019-11-02,17:00,8.216279983520508
DA066,2019-11-02,21:10,16.42975044250488
DA066,2019-11-03,08:00,19.43400001525879
DA066,2019-11-03,12:00,14.23243045806885
DA066,2019-11-03,17:00,10.07896995544434
DA066,2019-11-03,20:49,12.66969966888428
DA066,2019-11-04,7:50,9.15999984741211
DA066,2019-11-04,12:35,18.78597068786621
DA066,2019-11-04,17:00,11.7575101852417
DA066,2019-11-04,20:01,2.009700059890747
DA066,2019-11-05,08:00,12.30683994293213
DA066,2019-11-05,12:00,49.99964904785156
DA066,2019-11-05,16:19,12.35719013214111
DA066,2019-11-05,20:25,9.15999984741211
DA066,2019-11-06,08:00,12.41485977172852
DA066,2019-11-06,12:00,14.23243045806885
DA066,2019-11-06,17:00,8.63506031036377
DA066,2019-11-06,22:04,9.0
DA066,2019-11-07,08:00,6.692930221557617
DA066,2019-11-07,11:12,29.62661933898926
DA066,2019-11-07,17:00,33.45491027832031
DA066,2019-11-07,21:27,7.5
DA066,2019-11-08,7:27,13.83942985534668
DA066,2019-11-08,12:00,8.92201042175293
DA066,2019-11-08,16:19,9.595930099487305
DA066,2019-11-08,21:00,9.15999984741211
DA066,2019-11-09,8:00,7.156929969787598
DA066,2019-11-09,12:00,53.14545822143555
DA066,2019-11-09,17:45,11.62520980834961
DA066,2019-11-09,21:19,1.5
DA067,2019-10-29,08:00,1.660000085830688
DA067,2019-10-29,12:00,27.92957496643066
DA067,2019-10-29,17:00,3.772992610931396
DA067,2019-10-29,20:56,27.7943000793457
DA067,2019-10-30,08:00,9.932680130004883
DA067,2019-10-30,12:00,54.87593078613281
DA067,2019-10-30,17:00,0.846435010433197
DA067,2019-10-30,20:00,26.82830047607422
DA067,2019-10-31,7:12,11.95985984802246
DA067,2019-10-31,11:56,18.36247062683105
DA067,2019-10-31,17:00,13.46201992034912
DA067,2019-10-31,20:06,47.38156890869141
DA067,2019-11-01,6:07,19.10635948181152
DA067,2019-11-01,11:31,21.38788032531738
DA067,2019-11-01,17:00,8.588500022888184
DA067,2019-11-01,20:36,7.199999809265137
DA067,2019-11-10,,5.688000202178955
DA067,2019-11-10,,20.84163093566895
DA067,2019-11-10,,20.84623908996582
DA067,2019-11-10,,7.051449775695801
DA067,2019-11-11,,11.66683959960938
DA067,2019-11-11,,25.90155982971191
DA067,2019-11-11,,13.94692039489746
DA067,2019-11-11,,6.701749801635742
DA067,2019-11-12,,6.10584020614624
DA067,2019-11-12,,59.74654006958008
DA067,2019-11-12,,9.209699630737305
DA067,2019-11-02,08:00,10.533860206604
DA067,2019-11-02,12:00,21.83761978149414
DA067,2019-11-02,16:41,2.949350118637085
DA067,2019-11-02,21:34,3.669700145721436
DA067,2019-11-03,8:49,19.43400001525879
DA067,2019-11-03,12:00,14.23243045806885
DA067,2019-11-03,17:00,4.812039852142334
DA067,2019-11-03,20:15,12.81970024108887
DA067,2019-11-04,6:32,3.669700145721436
DA067,2019-11-04,12:11,18.78597068786621
DA067,2019-11-04,16:16,6.490580081939697
DA067,2019-11-04,20:21,8.09999942779541
DA067,2019-11-05,7:42,12.30683994293213
DA067,2019-11-05,12:56,49.99964904785156
DA067,2019-11-05,17:34,7.090260028839111
DA067,2019-11-05,21:26,15.91144943237305
DA067,2019-11-06,08:00,7.147930145263672
DA067,2019-11-06,12:00,14.23243045806885
DA067,2019-11-06,17:21,3.368129968643188
DA067,2019-11-06,21:19,7.051449775695801
DA067,2019-11-07,7:27,6.692930221557617
DA067,2019-11-07,12:11,29.62661933898926
DA067,2019-11-07,17:00,28.18798065185547
DA067,2019-11-07,19:26,7.199999809265137
DA067,2019-11-08,08:00,13.83942985534668
DA067,2019-11-08,12:00,8.92201042175293
DA067,2019-11-08,17:00,4.328999996185303
DA067,2019-11-08,20:00,5.941750049591064
DA067,2019-11-09,,7.156929969787598
DA067,2019-11-09,,53.14545822143555
DA067,2019-11-09,,6.358280181884766
DA067,2019-11-09,,7.199999809265137
DA068,2019-10-29,08:00,1.660000085830688
DA068,2019-10-29,12:00,55.85914993286133
DA068,2019-10-29,17:02,7.545985221862793
DA068,2019-10-29,19:47,7.384749889373779
DA068,2019-10-30,08:00,5.436590194702148
DA068,2019-10-30,12:00,42.47367858886719
DA068,2019-10-30,17:00,2.539304971694946
DA068,2019-10-31,6:32,6.692930221557617
DA068,2019-10-31,12:00,18.36247062683105
DA068,2019-10-31,17:00,13.46201992034912
DA068,2019-10-31,20:00,2.342999935150146
DA068,2019-11-01,8:07,13.83942985534668
DA068,2019-11-01,12:00,21.38788032531738
DA068,2019-11-01,17:00,8.588500022888184
DA068,2019-11-01,20:17,16.59444999694824
DA068,2019-11-10,08:00,5.688000202178955
DA068,2019-11-10,12:00,20.84163093566895
DA068,2019-11-10,17:32,26.1131706237793
DA068,2019-11-10,20:27,7.051449775695801
DA068,2019-11-11,8:31,11.66683959960938
DA068,2019-11-11,11:31,25.90155982971191
DA068,2019-11-11,17:47,19.2138500213623
DA068,2019-11-11,21:17,7.199999809265137
DA068,2019-11-12,7:46,6.10584020614624
DA068,2019-11-12,12:00,59.74654006958008
DA068,2019-11-12,20:00,5.041749954223633
DA068,2019-11-02,8:24,7.044429779052734
DA068,2019-11-02,12:01,21.83761978149414
DA068,2019-11-02,17:32,2.949350118637085
DA068,2019-11-03,08:00,19.43400001525879
DA068,2019-11-03,12:00,14.23243045806885
DA068,2019-11-03,17:00,4.812039852142334
DA068,2019-11-03,19:32,23.73385047912598
DA068,2019-11-04,12:00,18.78597068786621
DA068,2019-11-04,17:47,11.7575101852417
DA068,2019-11-04,21:47,1.660000085830688
DA068,2019-11-05,08:00,12.30683994293213
DA068,2019-11-05,12:00,49.99964904785156
DA068,2019-11-05,17:00,12.35719013214111
DA068,2019-11-05,20:00,2.009700059890747
DA068,2019-11-06,6:17,7.147930145263672
DA068,2019-11-06,12:01,14.23243045806885
DA068,2019-11-06,17:00,8.63506031036377
DA068,2019-11-06,19:02,5.041749954223633
DA068,2019-11-07,7:16,6.692930221557617
DA068,2019-11-07,11:46,29.62661933898926
DA068,2019-11-07,17:00,33.45491027832031
DA068,2019-11-07,21:39,6.701749801635742
DA068,2019-11-08,8:16,13.83942985534668
DA068,2019-11-08,12:46,8.92201042175293
DA068,2019-11-08,17:00,9.595930099487305
DA068,2019-11-08,20:00,7.5
DA068,2019-11-09,6:46,7.156929969787598
DA068,2019-11-09,12:00,53.14545822143555
DA068,2019-11-09,17:00,11.62520980834961
DA068,2019-11-09,20:22,9.15999984741211
DA069,2019-10-29,,1.660000085830688
DA069,2019-10-29,,61.12607955932617
DA069,2019-10-29,,25.62582969665527
DA069,2019-10-29,,7.051449775695801
DA069,2019-10-30,,9.932680130004883
DA069,2019-10-30,,60.14286041259766
DA069,2019-10-30,,13.91959953308105
DA069,2019-10-30,,5.041749954223633
DA069,2019-10-31,,11.95985984802246
DA069,2019-10-31,,23.6294002532959
DA069,2019-10-31,,23.99588012695312
DA069,2019-11-01,,19.10635948181152
DA069,2019-11-01,,26.65480995178223
DA069,2019-11-01,,19.12236022949219
DA069,2019-11-10,,5.688000202178955
DA069,2019-11-10,,26.10856056213379
DA069,2019-11-10,,31.38010025024414
DA069,2019-11-11,,11.66683959960938
DA069,2019-11-11,,31.16848945617676
DA069,2019-11-11,,24.48077964782715
DA069,2019-11-12,,10.13167953491211
DA069,2019-11-12,,65.01347351074219
DA069,2019-11-02,,12.31136035919189
DA069,2019-11-02,,27.10454940795898
DA069,2019-11-02,,13.48320960998535
DA069,2019-11-03,,19.43400001525879
DA069,2019-11-03,,19.49935913085938
DA069,2019-11-03,,15.34589958190918
DA069,2019-11-04,,9.15999984741211
DA069,2019-11-04,,24.05290031433105
DA069,2019-11-04,,17.02444076538086
DA069,2019-11-05,,12.30683994293213
DA069,2019-11-05,,55.26657867431641
DA069,2019-11-05,,17.62412071228027
DA069,2019-11-05,,1.660000085830688
DA069,2019-11-06,,12.41485977172852
DA069,2019-11-06,,19.49935913085938
DA069,2019-11-06,,13.90198993682861
DA069,2019-11-07,,11.95985984802246
DA069,2019-11-07,,34.89355087280273
DA069,2019-11-07,,31.67484474182129
DA069,2019-11-08,,19.10635948181152
DA069,2019-11-08,,14.18894004821777
DA069,2019-11-08,,14.86285972595215
DA069,2019-11-09,,12.42385959625244
DA069,2019-11-09,,58.41239166259766
DA069,2019-11-09,,16.89213943481445
DA070,2019-10-29,08:00,1.660000085830688
DA070,2019-10-29,12:37,27.92957496643066
DA070,2019-10-29,17:15,13.95244216918945
DA070,2019-10-29,20:07,12.24174976348877
DA070,2019-10-30,6:27,5.906839847564697
DA070,2019-10-30,12:00,54.87593078613281
DA070,2019-10-30,17:00,13.91959953308105
DA070,2019-10-30,19:18,12.24174976348877
DA070,2019-10-31,7:00,11.95985984802246
DA070,2019-10-31,12:02,23.6294002532959
DA070,2019-10-31,17:00,18.72895050048828
DA070,2019-10-31,20:00,5.041749954223633
DA070,2019-11-01,7:15,19.10635948181152
DA070,2019-11-01,11:52,26.65480995178223
DA070,2019-11-01,17:00,13.85542964935303
DA070,2019-11-01,20:00,28.77560043334961
DA070,2019-11-10,8:13,5.688000202178955
DA070,2019-11-10,12:00,26.10856056213379
DA070,2019-11-10,17:00,26.1131706237793
DA070,2019-11-10,22:07,6.701749801635742
DA070,2019-11-11,08:00,11.66683959960938
DA070,2019-11-11,12:00,25.90155982971191
DA070,2019-11-11,17:00,19.2138500213623
DA070,2019-11-11,20:00,2.009700059890747
DA070,2019-11-12,,6.10584020614624
DA070,2019-11-12,,59.74654006958008
DA070,2019-11-12,,6.701749801635742
DA070,2019-11-02,7:07,12.31136035919189
DA070,2019-11-02,11:52,27.10454940795898
DA070,2019-11-02,17:00,8.216279983520508
DA070,2019-11-02,20:57,7.199999809265137
DA070,2019-11-03,7:26,19.43400001525879
DA070,2019-11-03,12:52,19.49935913085938
DA070,2019-11-03,17:00,10.07896995544434
DA070,2019-11-03,22:52,12.24174976348877
DA070,2019-11-04,7:08,1.660000085830688
DA070,2019-11-04,11:47,24.05290031433105
DA070,2019-11-04,17:00,17.02444076538086
DA070,2019-11-05,6:22,12.30683994293213
DA070,2019-11-05,11:22,55.26657867431641
DA070,2019-11-05,17:00,17.62412071228027
DA070,2019-11-05,20:00,1.660000085830688
DA070,2019-11-06,6:30,12.41485977172852
DA070,2019-11-06,12:00,19.49935913085938
DA070,2019-11-06,17:00,8.63506031036377
DA070,2019-11-06,20:00,16.53384971618652
DA070,2019-11-07,08:00,11.95985984802246
DA070,2019-11-07,12:00,34.89355087280273
DA070,2019-11-07,17:00,33.45491027832031
DA070,2019-11-07,19:22,1.660000085830688
DA070,2019-11-08,7:37,19.10635948181152
DA070,2019-11-08,12:00,14.18894004821777
DA070,2019-11-08,17:00,9.595930099487305
DA070,2019-11-08,22:37,18.19384956359863
DA070,2019-11-09,7:15,12.42385959625244
DA070,2019-11-09,11:52,58.41239166259766
DA070,2019-11-09,17:00,11.62520980834961
DA070,2019-11-09,19:22,7.5
DA071,2019-10-29,08:00,9.15999984741211
DA071,2019-10-29,12:00,55.85914993286133
DA071,2019-10-29,17:00,9.039922714233398
DA071,2019-10-29,20:41,7.051449775695801
DA071,2019-10-30,08:00,9.932680130004883
DA071,2019-10-30,12:00,54.87593078613281
DA071,2019-10-30,17:00,8.652669906616211
DA071,2019-10-30,22:20,4.402999877929688
DA071,2019-10-31,08:00,11.95985984802246
DA071,2019-10-31,12:56,18.36247062683105
DA071,2019-10-31,17:00,18.72895050048828
DA071,2019-10-31,21:48,24.90596961975098
DA071,2019-11-01,7:11,19.10635948181152
DA071,2019-11-01,12:41,21.38788032531738
DA071,2019-11-01,17:11,13.85542964935303
DA071,2019-11-01,20:20,24.54000091552734
DA071,2019-11-10,,5.688000202178955
DA071,2019-11-10,,20.84163093566895
DA071,2019-11-10,,26.1131706237793
DA071,2019-11-10,,2.009700059890747
DA071,2019-11-11,,11.66683959960938
DA071,2019-11-11,,25.90155982971191
DA071,2019-11-11,,19.2138500213623
DA071,2019-11-11,,2.009700059890747
DA071,2019-11-12,,6.10584020614624
DA071,2019-11-12,,59.74654006958008
DA071,2019-11-02,08:00,12.31136035919189
DA071,2019-11-02,12:00,21.83761978149414
DA071,2019-11-02,17:18,8.216279983520508
DA071,2019-11-02,21:33,32.58530044555664
DA071,2019-11-03,08:00,19.43400001525879
DA071,2019-11-03,12:00,14.23243045806885
DA071,2019-11-03,17:00,10.07896995544434
DA071,2019-11-03,20:41,30.73559951782227
DA071,2019-11-04,6:41,9.15999984741211
DA071,2019-11-04,12:11,18.78597068786621
DA071,2019-11-04,17:00,17.19500923156738
DA071,2019-11-04,19:56,8.560079574584961
DA071,2019-11-05,7:56,12.30683994293213
DA071,2019-11-05,12:35,49.99964904785156
DA071,2019-11-05,17:56,12.35719013214111
DA071,2019-11-05,20:00,25.08530044555664
DA071,2019-11-06,,7.147930145263672
DA071,2019-11-06,,14.23243045806885
DA071,2019-11-06,,18.51812934875488
DA071,2019-11-06,,14.5514497756958
DA071,2019-11-07,,6.692930221557617
DA071,2019-11-07,,29.62661933898926
DA071,2019-11-07,,33.45491027832031
DA071,2019-11-07,,9.509699821472168
DA071,2019-11-08,,13.83942985534668
DA071,2019-11-08,,8.92201042175293
DA071,2019-11-08,,9.595930099487305
DA071,2019-11-08,,9.509699821472168
DA071,2019-11-09,,7.156929969787598
DA071,2019-11-09,,53.14545822143555
DA071,2019-11-09,,11.62520980834961
DA071,2019-11-09,,24.03384971618652
DA072,2019-10-29,08:00,1.660000085830688
DA072,2019-10-29,12:00,30.56303977966309
DA072,2019-10-29,21:10,35.58655166625977
DA072,2019-10-30,08:00,5.906839847564697
DA072,2019-10-30,12:00,54.87593078613281
DA072,2019-10-30,16:10,8.652669906616211
DA072,2019-10-30,20:00,25.80529975891113
DA072,2019-10-31,08:00,6.692930221557617
DA072,2019-10-31,12:00,18.36247062683105
DA072,2019-10-31,17:00,18.72895050048828
DA072,2019-10-31,22:17,25.24530029296875
DA072,2019-11-01,7:25,13.83942985534668
DA072,2019-11-01,12:00,21.38788032531738
DA072,2019-11-01,16:40,13.85542964935303
DA072,2019-11-01,20:30,22.38655090332031
DA072,2019-11-10,8:24,5.688000202178955
DA072,2019-11-10,12:00,20.84163093566895
DA072,2019-11-10,17:00,26.1131706237793
DA072,2019-11-10,19:02,5.041749954223633
DA072,2019-11-11,7:17,11.66683959960938
DA072,2019-11-11,11:00,25.90155982971191
DA072,2019-11-11,17:00,19.2138500213623
DA072,2019-11-11,22:25,2.009700059890747
DA072,2019-11-12,6:25,6.10584020614624
DA072,2019-11-12,12:00,59.74654006958008
DA072,2019-11-02,08:00,7.044429779052734
DA072,2019-11-02,12:00,21.83761978149414
DA072,2019-11-02,17:00,8.216279983520508
DA072,2019-11-02,19:25,5.852700233459473
DA072,2019-11-03,8:24,19.43400001525879
DA072,2019-11-03,12:00,14.23243045806885
DA072,2019-11-03,16:47,10.07896995544434
DA072,2019-11-03,20:55,25.74354934692383
DA072,2019-11-04,08:00,9.15999984741211
DA072,2019-11-04,12:00,18.78597068786621
DA072,2019-11-04,17:55,11.7575101852417
DA072,2019-11-05,7:55,12.30683994293213
DA072,2019-11-05,12:47,49.99964904785156
DA072,2019-11-05,17:00,12.35719013214111
DA072,2019-11-05,21:10,25.24530029296875
DA072,2019-11-06,7:17,7.147930145263672
DA072,2019-11-06,12:00,14.23243045806885
DA072,2019-11-06,17:00,8.63506031036377
DA072,2019-11-06,21:47,20.20355033874512
DA072,2019-11-07,7:10,6.692930221557617
DA072,2019-11-07,11:54,29.62661933898926
DA072,2019-11-07,17:00,33.45491027832031
DA072,2019-11-07,19:19,2.009700059890747
DA072,2019-11-08,7:10,13.83942985534668
DA072,2019-11-08,12:00,8.92201042175293
DA072,2019-11-08,17:00,9.595930099487305
DA072,2019-11-08,20:40,2.009700059890747
DA072,2019-11-09,7:32,7.156929969787598
DA072,2019-11-09,11:54,53.14545822143555
DA072,2019-11-09,17:00,11.62520980834961
DA072,2019-11-09,20:00,18.54355049133301
DA073,2019-10-29,,50.59222030639648
DA073,2019-10-29,,6.701749801635742
DA073,2019-10-30,08:00,5.906839847564697
DA073,2019-10-30,12:00,52.24246597290039
DA073,2019-10-30,16:13,3.385740041732788
DA073,2019-10-30,20:58,14.20174980163574
DA073,2019-10-31,6:47,6.692930221557617
DA073,2019-10-31,12:03,18.36247062683105
DA073,2019-10-31,17:18,13.46201992034912
DA073,2019-10-31,21:48,11.3430004119873
DA073,2019-11-01,08:00,13.83942985534668
DA073,2019-11-01,12:00,21.38788032531738
DA073,2019-11-01,16:18,8.588500022888184
DA073,2019-11-01,21:08,12.54174995422363
DA073,2019-11-10,7:33,5.688000202178955
DA073,2019-11-10,12:00,20.84163093566895
DA073,2019-11-10,17:00,20.84623908996582
DA073,2019-11-10,19:18,7.5
DA073,2019-11-11,7:02,11.66683959960938
DA073,2019-11-11,12:00,25.90155982971191
DA073,2019-11-11,16:18,29.01184844970703
DA073,2019-11-11,20:43,2.009700059890747
DA073,2019-11-12,,6.10584020614624
DA073,2019-11-12,,59.74654006958008
DA073,2019-11-02,08:00,5.266930103302002
DA073,2019-11-02,12:03,21.83761978149414
DA073,2019-11-02,17:00,2.949350118637085
DA073,2019-11-02,19:43,7.199999809265137
DA073,2019-11-03,08:00,19.43400001525879
DA073,2019-11-03,12:00,14.23243045806885
DA073,2019-11-03,16:33,4.812039852142334
DA073,2019-11-03,20:59,13.90174961090088
DA073,2019-11-04,08:00,9.15999984741211
DA073,2019-11-04,12:03,16.15250587463379
DA073,2019-11-04,17:00,11.92807960510254
DA073,2019-11-05,8:03,12.30683994293213
DA073,2019-11-05,12:18,49.99964904785156
DA073,2019-11-05,17:00,7.090260028839111
DA073,2019-11-05,20:00,1.660000085830688
DA073,2019-11-06,08:00,7.147930145263672
DA073,2019-11-06,12:00,14.23243045806885
DA073,2019-11-06,17:38,18.51812934875488
DA073,2019-11-06,22:03,9.843000411987305
DA073,2019-11-07,08:00,6.692930221557617
DA073,2019-11-07,12:00,29.62661933898926
DA073,2019-11-07,17:00,28.18798065185547
DA073,2019-11-07,20:55,2.342999935150146
DA073,2019-11-08,8:05,13.83942985534668
DA073,2019-11-08,12:00,8.92201042175293
DA073,2019-11-08,16:18,4.328999996185303
DA073,2019-11-08,20:53,4.003000259399414
DA073,2019-11-09,08:00,7.156929969787598
DA073,2019-11-09,12:00,53.14545822143555
DA073,2019-11-09,17:00,6.358280181884766
DA073,2019-11-09,22:03,1.660000085830688
DA074,2019-10-29,08:00,1.660000085830688
DA074,2019-10-29,11:52,30.56303977966309
DA074,2019-10-29,17:00,10.17945003509521
DA074,2019-10-29,21:52,37.78060150146484
DA074,2019-10-30,8:22,9.932680130004883
DA074,2019-10-30,12:00,60.14286041259766
DA074,2019-10-30,16:22,8.652669906616211
DA074,2019-10-30,20:42,11.50300025939941
DA074,2019-10-31,08:00,11.95985984802246
DA074,2019-10-31,12:00,23.6294002532959
DA074,2019-10-31,17:00,18.72895050048828
DA074,2019-10-31,20:33,34.41566848754883
DA074,2019-11-01,08:00,19.10635948181152
DA074,2019-11-01,12:00,26.65480995178223
DA074,2019-11-01,17:33,13.85542964935303
DA074,2019-11-01,21:37,41.23384857177734
DA074,2019-11-10,,5.688000202178955
DA074,2019-11-10,,20.84163093566895
DA074,2019-11-10,,26.1131706237793
DA074,2019-11-10,,2.009700059890747
DA074,2019-11-11,,11.66683959960938
DA074,2019-11-11,,31.16848945617676
DA074,2019-11-11,,29.01184844970703
DA074,2019-11-11,,7.051449775695801
DA074,2019-11-12,,6.10584020614624
DA074,2019-11-12,,59.74654006958008
DA074,2019-11-12,,2.009700059890747
DA074,2019-11-02,8:49,12.31136035919189
DA074,2019-11-02,12:00,21.83761978149414
DA074,2019-11-02,16:22,8.216279983520508
DA074,2019-11-02,20:48,31.97484970092773
DA074,2019-11-03,08:00,19.43400001525879
DA074,2019-11-03,12:00,19.49935913085938
DA074,2019-11-03,17:00,10.07896995544434
DA074,2019-11-03,20:37,31.62515068054199
DA074,2019-11-04,6:00,9.15999984741211
DA074,2019-11-04,11:15,24.05290031433105
DA074,2019-11-04,17:00,11.7575101852417
DA074,2019-11-04,20:00,23.58530044555664
DA074,2019-11-05,,12.30683994293213
DA074,2019-11-05,,49.99964904785156
DA074,2019-11-05,,12.35719013214111
DA074,2019-11-05,,25.69384956359863
DA074,2019-11-06,,12.41485977172852
DA074,2019-11-06,,19.49935913085938
DA074,2019-11-06,,6.001595020294189
DA074,2019-11-06,,9.15999984741211
DA074,2019-11-07,,11.95985984802246
DA074,2019-11-07,,34.89355087280273
DA074,2019-11-07,,33.45491027832031
DA074,2019-11-07,,16.53384971618652
DA074,2019-11-08,,19.10635948181152
DA074,2019-11-08,,14.18894004821777
DA074,2019-11-08,,9.595930099487305
DA074,2019-11-08,,4.352700233459473
DA074,2019-11-09,,12.42385959625244
DA074,2019-11-09,,58.41239166259766
DA074,2019-11-09,,11.62520980834961
DA074,2019-11-09,,16.53384971618652
DA075,2019-10-29,08:00,1.660000085830688
DA075,2019-10-29,12:35,5.266930103302002
DA075,2019-10-29,17:00,25.62582969665527
DA075,2019-10-30,08:00,9.932680130004883
DA075,2019-10-30,12:24,60.14286041259766
DA075,2019-10-30,17:00,11.28613471984863
DA075,2019-10-30,20:00,2.009700059890747
DA075,2019-10-31,6:00,11.95985984802246
DA075,2019-10-31,12:00,23.6294002532959
DA075,2019-10-31,17:00,23.99588012695312
DA075,2019-10-31,22:13,2.009700059890747
DA075,2019-11-01,08:00,19.10635948181152
DA075,2019-11-01,12:00,26.65480995178223
DA075,2019-11-01,16:36,19.12236022949219
DA075,2019-11-01,21:58,2.009700059890747
DA075,2019-11-10,08:00,5.688000202178955
DA075,2019-11-10,11:20,26.10856056213379
DA075,2019-11-10,16:28,31.38010025024414
DA075,2019-11-10,20:41,2.009700059890747
DA075,2019-11-11,8:05,11.66683959960938
DA075,2019-11-11,12:20,25.90155982971191
DA075,2019-11-11,17:00,19.2138500213623
DA075,2019-11-11,21:06,2.009700059890747
DA075,2019-11-12,,6.10584020614624
DA075,2019-11-12,,59.74654006958008
DA075,2019-11-02,8:43,12.31136035919189
DA075,2019-11-02,12:00,27.10454940795898
DA075,2019-11-02,17:00,13.48320960998535
DA075,2019-11-02,20:46,9.027999877929688
DA075,2019-11-03,08:00,19.43400001525879
DA075,2019-11-03,11:13,10.533860206604
DA075,2019-11-03,17:06,10.533860206604
DA075,2019-11-03,20:21,31.84321975708008
DA075,2019-11-04,12:00,24.05290031433105
DA075,2019-11-04,16:06,17.02444076538086
DA075,2019-11-05,8:20,21.46684074401855
DA075,2019-11-05,12:00,55.26657867431641
DA075,2019-11-05,17:00,17.62412071228027
DA075,2019-11-05,19:11,15.35999965667725
DA075,2019-11-06,08:00,12.41485977172852
DA075,2019-11-06,12:00,19.49935913085938
DA075,2019-11-06,17:00,13.90198993682861
DA075,2019-11-06,21:36,2.009700059890747
DA075,2019-11-07,08:00,11.95985984802246
DA075,2019-11-07,12:00,34.89355087280273
DA075,2019-11-07,17:00,38.72183990478516
DA075,2019-11-07,20:51,5.041749954223633
DA075,2019-11-08,08:00,19.10635948181152
DA075,2019-11-08,12:00,14.18894004821777
DA075,2019-11-08,17:00,14.86285972595215
DA075,2019-11-08,20:13,7.5
DA075,2019-11-09,08:00,12.42385959625244
DA075,2019-11-09,11:00,58.41239166259766
DA075,2019-11-09,16:26,16.89213943481445
DA075,2019-11-09,19:58,9.509699821472168
DA076,2019-10-29,08:00,1.660000085830688
DA076,2019-10-29,12:32,66.39301300048828
DA076,2019-10-29,17:55,30.89275932312012
DA076,2019-10-29,22:10,5.041749954223633
DA076,2019-10-30,08:00,13.95851993560791
DA076,2019-10-30,12:00,65.4097900390625
DA076,2019-10-30,17:00,19.1865291595459
DA076,2019-10-30,20:06,20.16699981689453
DA076,2019-10-31,6:54,17.2267894744873
DA076,2019-10-31,12:00,28.89632987976074
DA076,2019-10-31,17:00,29.26280975341797
DA076,2019-11-01,8:50,24.37328910827637
DA076,2019-11-01,12:00,31.92173957824707
DA076,2019-11-01,17:00,24.38928985595703
DA076,2019-11-10,08:00,5.688000202178955
DA076,2019-11-10,12:00,31.37549018859863
DA076,2019-11-10,17:45,36.64702987670898
DA076,2019-11-11,7:02,10.22684001922607
DA076,2019-11-11,12:24,36.43542098999023
DA076,2019-11-11,17:45,29.74770927429199
DA076,2019-11-12,,14.15752029418945
DA076,2019-11-12,,70.28040313720703
DA076,2019-11-02,8:54,17.57829093933105
DA076,2019-11-02,12:00,32.37147903442383
DA076,2019-11-02,17:00,18.7501392364502
DA076,2019-11-03,8:32,19.43400001525879
DA076,2019-11-03,12:00,24.76629066467285
DA076,2019-11-03,17:00,20.61282920837402
DA076,2019-11-04,7:10,9.15999984741211
DA076,2019-11-04,11:02,29.3198299407959
DA076,2019-11-04,16:47,22.2913703918457
DA076,2019-11-05,7:10,10.22684001922607
DA076,2019-11-05,12:00,15.80078983306885
DA076,2019-11-05,17:00,15.80078983306885
DA076,2019-11-06,8:43,15.80078983306885
DA076,2019-11-06,12:00,15.80078983306885
DA076,2019-11-06,17:00,15.80078983306885
DA076,2019-11-07,7:49,17.2267894744873
DA076,2019-11-07,11:54,40.16048049926758
DA076,2019-11-07,17:25,43.98876953125
DA076,2019-11-08,8:50,24.37328910827637
DA076,2019-11-08,12:00,15.80078983306885
DA076,2019-11-08,17:00,15.80078983306885
DA076,2019-11-09,7:10,17.6907901763916
DA076,2019-11-09,12:05,63.6793212890625
DA076,2019-11-09,17:10,22.1590690612793
DA077,2019-10-29,08:00,9.15999984741211
DA077,2019-10-29,12:00,43.21109390258789
DA077,2019-10-29,17:00,16.58590698242188
DA077,2019-10-29,20:42,7.051449775695801
DA077,2019-10-30,08:00,9.462430000305176
DA077,2019-10-30,12:00,54.87593078613281
DA077,2019-10-30,16:12,8.652669906616211
DA077,2019-10-30,20:57,7.051449775695801
DA077,2019-10-31,7:13,11.95985984802246
DA077,2019-10-31,12:07,18.36247062683105
DA077,2019-10-31,17:00,18.72895050048828
DA077,2019-10-31,19:50,5.041749954223633
DA077,2019-11-01,7:20,19.10635948181152
DA077,2019-11-01,12:00,21.38788032531738
DA077,2019-11-01,17:00,13.85542964935303
DA077,2019-11-01,20:32,5.041749954223633
DA077,2019-11-10,,5.688000202178955
DA077,2019-11-10,,26.10856056213379
DA077,2019-11-10,,31.38010025024414
DA077,2019-11-10,,18.54355049133301
DA077,2019-11-11,,11.66683959960938
DA077,2019-11-11,,25.90155982971191
DA077,2019-11-11,,19.2138500213623
DA077,2019-11-12,,6.10584020614624
DA077,2019-11-12,,59.74654006958008
DA077,2019-11-02,7:13,12.31136035919189
DA077,2019-11-02,12:43,21.83761978149414
DA077,2019-11-02,17:42,8.216279983520508
DA077,2019-11-03,08:00,19.43400001525879
DA077,2019-11-03,12:00,14.23243045806885
DA077,2019-11-03,17:00,10.07896995544434
DA077,2019-11-03,22:20,13.90174961090088
DA077,2019-11-04,08:00,9.15999984741211
DA077,2019-11-04,12:00,24.05290031433105
DA077,2019-11-04,17:00,17.02444076538086
DA077,2019-11-04,21:35,3.067620038986206
DA077,2019-11-05,7:05,12.30683994293213
DA077,2019-11-05,12:00,55.26657867431641
DA077,2019-11-05,17:00,17.62412071228027
DA077,2019-11-06,7:20,12.41485977172852
DA077,2019-11-06,11:20,19.49935913085938
DA077,2019-11-06,17:00,13.90198993682861
DA077,2019-11-06,20:00,16.53384971618652
DA077,2019-11-07,,11.95985984802246
DA077,2019-11-07,,34.89355087280273
DA077,2019-11-07,,38.72183990478516
DA077,2019-11-07,,1.660000085830688
DA077,2019-11-08,,19.10635948181152
DA077,2019-11-08,,14.18894004821777
DA077,2019-11-08,,14.86285972595215
DA077,2019-11-08,,16.53384971618652
DA077,2019-11-09,,12.42385959625244
DA077,2019-11-09,,58.41239166259766
DA077,2019-11-09,,16.89213943481445
DA077,2019-11-09,,1.660000085830688
DA078,2019-10-29,08:00,9.15999984741211
DA078,2019-10-29,12:00,61.12607955932617
DA078,2019-10-29,17:00,27.96883010864258
DA078,2019-10-30,7:19,9.932680130004883
DA078,2019-10-30,12:00,60.14286041259766
DA078,2019-10-30,17:00,13.91959953308105
DA078,2019-10-30,20:15,7.051449775695801
DA078,2019-10-31,08:00,11.95985984802246
DA078,2019-10-31,12:00,23.6294002532959
DA078,2019-10-31,16:03,23.99588012695312
DA078,2019-10-31,20:27,3.669700145721436
DA078,2019-11-01,08:00,19.10635948181152
DA078,2019-11-01,12:00,26.65480995178223
DA078,2019-11-01,17:00,19.12236022949219
DA078,2019-11-01,20:57,7.051449775695801
DA078,2019-11-10,,5.688000202178955
DA078,2019-11-10,,26.10856056213379
DA078,2019-11-10,,31.38010025024414
DA078,2019-11-11,,11.66683959960938
DA078,2019-11-11,,31.16848945617676
DA078,2019-11-11,,24.48077964782715
DA078,2019-11-12,,10.13167953491211
DA078,2019-11-12,,65.01347351074219
DA078,2019-11-02,8:45,12.31136035919189
DA078,2019-11-02,12:00,27.10454940795898
DA078,2019-11-02,17:00,13.48320960998535
DA078,2019-11-02,19:27,7.051449775695801
DA078,2019-11-03,8:02,19.43400001525879
DA078,2019-11-03,12:00,19.49935913085938
DA078,2019-11-03,17:00,15.34589958190918
DA078,2019-11-03,20:52,9.209699630737305
DA078,2019-11-04,08:00,9.15999984741211
DA078,2019-11-04,12:00,24.05290031433105
DA078,2019-11-04,17:00,17.02444076538086
DA078,2019-11-05,08:00,12.30683994293213
DA078,2019-11-05,12:00,55.26657867431641
DA078,2019-11-05,16:18,17.62412071228027
DA078,2019-11-06,08:00,12.41485977172852
DA078,2019-11-06,12:00,19.49935913085938
DA078,2019-11-06,17:27,13.90198993682861
DA078,2019-11-07,08:00,11.95985984802246
DA078,2019-11-07,12:00,34.89355087280273
DA078,2019-11-07,17:52,38.72183990478516
DA078,2019-11-08,8:07,19.10635948181152
DA078,2019-11-08,12:00,14.18894004821777
DA078,2019-11-08,17:42,14.86285972595215
DA078,2019-11-08,20:00,2.009700059890747
DA078,2019-11-09,,12.42385959625244
DA078,2019-11-09,,58.41239166259766
DA078,2019-11-09,,16.89213943481445
DA078,2019-11-09,,7.5
DA079,2019-10-29,08:00,9.15999984741211
DA079,2019-10-29,12:00,30.56303977966309
DA079,2019-10-29,17:42,12.81291484832764
DA079,2019-10-29,20:57,7.051449775695801
DA079,2019-10-30,8:52,4.966340065002441
DA079,2019-10-30,12:00,27.43796539306641
DA079,2019-10-30,17:12,6.959799766540527
DA079,2019-10-30,19:50,9.394450187683105
DA079,2019-10-31,8:02,6.692930221557617
DA079,2019-10-31,12:00,18.36247062683105
DA079,2019-10-31,17:47,18.72895050048828
DA079,2019-10-31,21:27,7.5
DA079,2019-11-01,7:28,13.83942985534668
DA079,2019-11-01,12:58,21.38788032531738
DA079,2019-11-01,17:00,13.85542964935303
DA079,2019-11-10,6:27,5.688000202178955
DA079,2019-11-10,12:00,20.84163093566895
DA079,2019-11-10,16:57,26.1131706237793
DA079,2019-11-10,20:27,1.660000085830688
DA079,2019-11-11,7:13,11.66683959960938
DA079,2019-11-11,12:28,31.16848945617676
DA079,2019-11-11,17:52,24.48077964782715
DA079,2019-11-11,22:12,2.009700059890747
DA079,2019-11-12,,10.13167953491211
DA079,2019-11-12,,65.01347351074219
DA079,2019-11-02,6:32,7.044429779052734
DA079,2019-11-02,11:58,21.83761978149414
DA079,2019-11-02,17:00,8.216279983520508
DA079,2019-11-02,20:00,7.199999809265137
DA079,2019-11-03,08:00,19.43400001525879
DA079,2019-11-03,12:00,14.23243045806885
DA079,2019-11-03,17:00,10.07896995544434
DA079,2019-11-04,7:13,9.15999984741211
DA079,2019-11-04,11:58,18.78597068786621
DA079,2019-11-04,17:20,11.7575101852417
DA079,2019-11-05,7:20,12.30683994293213
DA079,2019-11-05,12:28,49.99964904785156
DA079,2019-11-05,17:00,12.35719013214111
DA079,2019-11-05,21:12,6.701749801635742
DA079,2019-11-06,08:00,7.147930145263672
DA079,2019-11-06,12:00,14.23243045806885
DA079,2019-11-06,17:37,8.63506031036377
DA079,2019-11-06,21:50,1.660000085830688
DA079,2019-11-07,7:20,6.692930221557617
DA079,2019-11-07,12:13,29.62661933898926
DA079,2019-11-07,17:20,33.45491027832031
DA079,2019-11-07,20:00,6.701749801635742
DA079,2019-11-08,8:02,13.83942985534668
DA079,2019-11-08,12:00,5.266930103302002
DA079,2019-11-08,17:00,9.595930099487305
DA079,2019-11-08,19:12,3.669700145721436
DA079,2019-11-09,7:20,7.156929969787598
DA079,2019-11-09,12:00,53.14545822143555
DA079,2019-11-09,17:00,11.62520980834961
DA079,2019-11-09,19:32,5.041749954223633
DA080,2019-10-29,08:00,1.660000085830688
DA080,2019-10-29,12:13,30.56303977966309
DA080,2019-10-29,17:00,16.58590698242188
DA080,2019-10-29,22:29,8.71144962310791
DA080,2019-10-30,08:00,9.932680130004883
DA080,2019-10-30,12:00,54.87593078613281
DA080,2019-10-30,17:03,7.806234836578369
DA080,2019-10-30,21:18,11.16969966888428
DA080,2019-10-31,7:13,11.95985984802246
DA080,2019-10-31,12:23,23.6294002532959
DA080,2019-10-31,17:00,18.72895050048828
DA080,2019-10-31,20:00,28.57567024230957
DA080,2019-11-01,7:21,19.10635948181152
DA080,2019-11-01,12:13,26.65480995178223
DA080,2019-11-01,17:00,8.588500022888184
DA080,2019-11-01,20:00,29.79145050048828
DA080,2019-11-10,,5.688000202178955
DA080,2019-11-10,,26.10856056213379
DA080,2019-11-10,,26.1131706237793
DA080,2019-11-10,,2.009700059890747
DA080,2019-11-11,,11.66683959960938
DA080,2019-11-11,,25.90155982971191
DA080,2019-11-11,,19.2138500213623
DA080,2019-11-11,,9.509699821472168
DA080,2019-11-12,,6.10584020614624
DA080,2019-11-12,,59.74654006958008
DA080,2019-11-02,8:43,12.31136035919189
DA080,2019-11-02,12:00,27.10454940795898
DA080,2019-11-02,17:00,8.216279983520508
DA080,2019-11-02,19:06,14.25144958496094
DA080,2019-11-03,08:00,19.43400001525879
DA080,2019-11-03,12:00,19.49935913085938
DA080,2019-11-03,17:00,10.07896995544434
DA080,2019-11-03,20:00,15.91144943237305
DA080,2019-11-04,,24.05290031433105
DA080,2019-11-04,,11.7575101852417
DA080,2019-11-04,,11.16969966888428
DA080,2019-11-05,,12.30683994293213
DA080,2019-11-05,,55.26657867431641
DA080,2019-11-05,,12.35719013214111
DA080,2019-11-05,,3.669700145721436
DA080,2019-11-06,,12.41485977172852
DA080,2019-11-06,,19.49935913085938
DA080,2019-11-06,,8.63506031036377
DA080,2019-11-06,,3.669700145721436
DA080,2019-11-07,,11.95985984802246
DA080,2019-11-07,,34.89355087280273
DA080,2019-11-07,,33.45491027832031
DA080,2019-11-07,,3.669700145721436
DA080,2019-11-08,,19.10635948181152
DA080,2019-11-08,,14.18894004821777
DA080,2019-11-08,,9.595930099487305
DA080,2019-11-08,,3.669700145721436
DA080,2019-11-09,,12.42385959625244
DA080,2019-11-09,,58.41239166259766
DA080,2019-11-09,,11.62520980834961
DA080,2019-11-09,,2.009700059890747
DA081,2019-11-10,11:46,51.38209533691406
DA081,2019-11-10,17:00,19.24359512329102
DA081,2019-11-10,22:15,47.70809936523438
DA081,2019-11-11,7:08,15.4665699005127
DA081,2019-11-11,12:00,21.43693923950195
DA081,2019-11-11,17:00,49.00777053833008
DA081,2019-11-11,20:23,29.90065002441406
DA081,2019-11-12,12:00,6.517499923706055
DA081,2019-11-12,16:45,14.24685955047607
DA081,2019-11-12,22:15,25.18090057373047
DA081,2019-11-13,11:01,31.82056999206543
DA081,2019-11-13,16:45,16.54174041748047
DA081,2019-11-13,22:15,17.80744934082031
DA081,2019-11-14,7:15,24.36823081970215
DA081,2019-11-14,12:00,16.48454093933105
DA081,2019-11-14,17:00,37.63983917236328
DA081,2019-11-14,20:00,6.53380012512207
DA081,2019-11-15,8:49,10.04049968719482
DA081,2019-11-15,12:00,18.38359451293945
DA081,2019-11-15,16:45,88.71392822265625
DA081,2019-11-08,08:00,10.04049968719482
DA081,2019-11-08,12:00,14.14851760864258
DA081,2019-11-08,17:00,37.36678314208984
DA081,2019-11-08,20:45,19.8171501159668
DA081,2019-11-09,12:00,14.92766952514648
DA081,2019-11-09,17:08,81.78588104248047
DA081,2019-11-09,22:45,24.85890007019043
DA082,2019-11-10,8:25,11.27365016937256
DA082,2019-11-10,17:00,14.02106952667236
DA082,2019-11-10,20:58,18.32509994506836
DA082,2019-11-11,7:48,15.4665699005127
DA082,2019-11-11,17:00,64.36859893798828
DA082,2019-11-11,20:51,23.18667030334473
DA082,2019-11-12,7:02,11.11874961853027
DA082,2019-11-12,17:00,27.27274703979492
DA082,2019-11-12,21:53,25.91682052612305
DA082,2019-11-13,08:00,16.16049957275391
DA082,2019-11-13,17:00,15.66485977172852
DA082,2019-11-13,22:03,11.55924987792969
DA082,2019-11-14,08:00,24.36823081970215
DA082,2019-11-14,16:08,44.07233047485352
DA082,2019-11-14,21:43,22.84919929504395
DA082,2019-11-15,6:25,16.5580005645752
DA082,2019-11-15,16:33,85.4551773071289
DA082,2019-11-15,22:10,24.85890007019043
DA082,2019-11-08,08:00,10.04049968719482
DA082,2019-11-08,12:00,9.08843994140625
DA082,2019-11-08,17:00,43.30487823486328
DA082,2019-11-08,20:18,7.051449775695801
DA082,2019-11-09,16:55,56.61484146118164
DA082,2019-11-09,20:00,14.91145038604736
DA083,2019-11-10,8:11,11.27365016937256
DA083,2019-11-10,12:00,19.49539756774902
DA083,2019-11-10,17:00,9.293107032775879
DA083,2019-11-11,12:00,13.67326259613037
DA083,2019-11-11,17:00,26.13326072692871
DA083,2019-11-12,08:00,15.4665699005127
DA083,2019-11-12,12:00,8.992589950561523
DA083,2019-11-12,17:00,14.24685955047607
DA083,2019-11-12,22:00,11.27365016937256
DA083,2019-11-13,12:00,39.58879089355469
DA083,2019-11-13,22:37,11.27365016937256
DA083,2019-11-14,8:45,24.36823081970215
DA083,2019-11-14,12:00,23.95400428771973
DA083,2019-11-14,17:00,25.29491424560547
DA083,2019-11-15,7:15,10.04049968719482
DA083,2019-11-15,12:00,15.74207019805908
DA083,2019-11-15,17:00,41.30478668212891
DA083,2019-11-08,8:17,15.4665699005127
DA083,2019-11-08,12:00,4.028910160064697
DA083,2019-11-08,17:00,15.71434497833252
DA083,2019-11-08,20:19,11.27365016937256
DA083,2019-11-09,8:45,13.23999977111816
DA083,2019-11-09,12:00,16.16843414306641
DA083,2019-11-09,17:00,68.18647003173828
DA083,2019-11-09,20:01,11.27365016937256
DA084,2019-11-10,12:00,32.47329330444336
DA084,2019-11-10,17:00,13.69237995147705
DA084,2019-11-10,21:31,11.27365016937256
DA084,2019-11-11,08:00,15.4665699005127
DA084,2019-11-11,12:00,20.66187286376953
DA084,2019-11-11,16:51,26.13326072692871
DA084,2019-11-12,7:43,15.4665699005127
DA084,2019-11-12,12:20,10.43830490112305
DA084,2019-11-12,17:00,17.5056095123291
DA084,2019-11-13,08:00,2.510124921798706
DA084,2019-11-13,12:00,26.40776252746582
DA084,2019-11-13,17:00,10.80541038513184
DA084,2019-11-13,19:06,11.27365016937256
DA084,2019-11-14,08:00,24.36823081970215
DA084,2019-11-14,12:00,17.72751235961914
DA084,2019-11-14,17:00,20.75182723999023
DA084,2019-11-14,21:28,11.27365016937256
DA084,2019-11-15,08:00,24.36823081970215
DA084,2019-11-15,11:43,18.83877563476562
DA084,2019-11-15,16:36,37.45097351074219
DA084,2019-11-08,08:00,12.18411540985107
DA084,2019-11-08,12:00,12.08673000335693
DA084,2019-11-08,17:00,15.71434497833252
DA084,2019-11-08,20:31,11.27365016937256
DA084,2019-11-09,08:00,13.23999977111816
DA084,2019-11-09,12:00,20.66794967651367
DA084,2019-11-09,16:36,64.73957824707031
DA084,2019-11-09,20:31,11.27365016937256
DA085,2019-11-10,08:00,9.509699821472168
DA085,2019-11-10,12:00,26.01289749145508
DA085,2019-11-10,17:14,20.20988082885742
DA085,2019-11-10,21:03,2.009700059890747
DA085,2019-11-11,08:00,1.629374980926514
DA085,2019-11-11,11:08,16.9320125579834
DA085,2019-11-11,17:00,29.39200973510742
DA085,2019-11-12,08:00,15.4665699005127
DA085,2019-11-12,12:00,13.2807149887085
DA085,2019-11-12,17:00,17.5056095123291
DA085,2019-11-12,20:44,11.27365016937256
DA085,2019-11-13,08:00,3.258749961853027
DA085,2019-11-13,12:00,23.14901161193848
DA085,2019-11-13,17:00,9.566619873046875
DA085,2019-11-14,08:00,10.04049968719482
DA085,2019-11-14,12:00,15.23575210571289
DA085,2019-11-14,17:00,15.90620708465576
DA085,2019-11-15,11:58,18.83877563476562
DA085,2019-11-15,17:00,41.30478668212891
DA085,2019-11-08,6:29,6.517499923706055
DA085,2019-11-08,12:00,12.08673000335693
DA085,2019-11-08,17:00,24.11135292053223
DA085,2019-11-08,20:29,2.009700059890747
DA085,2019-11-09,8:28,6.517499923706055
DA085,2019-11-09,12:00,20.66794967651367
DA085,2019-11-09,17:00,38.88729095458984
DA085,2019-11-09,21:59,2.009700059890747
DA086,2019-11-10,8:28,9.509699821472168
DA086,2019-11-10,12:00,36.31864166259766
DA086,2019-11-10,17:00,16.62244033813477
DA086,2019-11-11,7:25,1.629374980926514
DA086,2019-11-11,12:33,20.66187286376953
DA086,2019-11-11,16:33,29.39200973510742
DA086,2019-11-12,08:00,15.4665699005127
DA086,2019-11-12,12:00,17.98517990112305
DA086,2019-11-12,16:48,21.97621917724609
DA086,2019-11-12,21:48,2.009700059890747
DA086,2019-11-13,7:10,9.776249885559082
DA086,2019-11-13,12:25,26.40776252746582
DA086,2019-11-13,16:48,16.65566062927246
DA086,2019-11-14,8:55,12.18411540985107
DA086,2019-11-14,12:00,32.96326446533203
DA086,2019-11-14,16:33,36.65803527832031
DA086,2019-11-14,22:03,2.009700059890747
DA086,2019-11-15,12:00,25.35627555847168
DA086,2019-11-15,17:33,37.45097351074219
DA086,2019-11-08,6:32,3.258749961853027
DA086,2019-11-08,12:00,19.3743896484375
DA086,2019-11-08,17:00,30.62885284423828
DA086,2019-11-08,20:48,2.009700059890747
DA086,2019-11-09,08:00,6.517499923706055
DA086,2019-11-09,12:00,15.22210025787354
DA086,2019-11-09,17:48,34.29615783691406
DA086,2019-11-09,21:40,2.009700059890747
DA087,2019-11-10,08:00,9.509699821472168
DA087,2019-11-10,12:00,42.7790412902832
DA087,2019-11-10,16:34,13.36369037628174
DA087,2019-11-10,22:10,2.009700059890747
DA087,2019-11-11,7:17,6.517499923706055
DA087,2019-11-11,12:32,16.9320125579834
DA087,2019-11-11,17:47,34.5233154296875
DA087,2019-11-12,7:39,15.4665699005127
DA087,2019-11-12,11:35,12.25133991241455
DA087,2019-11-12,17:40,17.5056095123291
DA087,2019-11-13,7:55,10.04049968719482
DA087,2019-11-13,12:32,23.14901161193848
DA087,2019-11-13,16:10,12.8253698348999
DA087,2019-11-13,19:47,2.009700059890747
DA087,2019-11-14,08:00,24.36823081970215
DA087,2019-11-14,12:00,18.49450302124023
DA087,2019-11-14,17:40,19.16495704650879
DA087,2019-11-15,08:00,24.36823081970215
DA087,2019-11-15,12:00,15.74207019805908
DA087,2019-11-15,17:00,32.7694206237793
DA087,2019-11-08,7:24,6.517499923706055
DA087,2019-11-08,12:39,12.08673000335693
DA087,2019-11-08,17:00,20.85260200500488
DA087,2019-11-08,19:28,11.27365016937256
DA087,2019-11-09,7:17,6.517499923706055
DA087,2019-11-09,12:32,13.49854469299316
DA087,2019-11-09,17:00,24.3317699432373
DA087,2019-11-09,20:00,2.009700059890747
DA088,2019-11-10,08:00,9.509699821472168
DA088,2019-11-10,12:00,23.72360992431641
DA088,2019-11-10,17:00,24.13743019104004
DA088,2019-11-11,7:38,27.41250038146973
DA088,2019-11-11,11:46,27.95443916320801
DA088,2019-11-11,17:45,70.97281646728516
DA088,2019-11-12,12:16,15.55910968780518
DA088,2019-11-12,17:38,36.47929000854492
DA088,2019-11-13,7:23,24.36823081970215
DA088,2019-11-13,12:00,38.33806991577148
DA088,2019-11-13,17:00,17.99015998840332
DA088,2019-11-14,7:31,24.36823081970215
DA088,2019-11-14,12:46,23.00204086303711
DA088,2019-11-14,17:00,31.20734977722168
DA088,2019-11-15,7:15,6.517499923706055
DA088,2019-11-15,11:36,37.54645919799805
DA088,2019-11-15,17:00,73.2464599609375
DA088,2019-11-08,6:12,33.97999954223633
DA088,2019-11-08,12:00,12.85688972473145
DA088,2019-11-08,17:00,29.26935005187988
DA088,2019-11-09,8:22,13.23999977111816
DA088,2019-11-09,12:00,26.59659004211426
DA088,2019-11-09,17:08,71.257080078125
DA089,2019-11-10,6:02,9.509699821472168
DA089,2019-11-10,12:00,25.42630004882812
DA089,2019-11-10,17:00,10.10494041442871
DA089,2019-11-10,21:11,11.27365016937256
DA089,2019-11-11,7:34,17.09594535827637
DA089,2019-11-11,12:00,24.0877742767334
DA089,2019-11-11,17:00,26.13326072692871
DA089,2019-11-12,08:00,15.4665699005127
DA089,2019-11-12,12:00,8.992589950561523
DA089,2019-11-12,17:00,20.76436042785645
DA089,2019-11-13,6:42,10.04049968719482
DA089,2019-11-13,12:04,23.14901161193848
DA089,2019-11-13,16:01,11.37695026397705
DA089,2019-11-13,22:26,11.27365016937256
DA089,2019-11-14,7:02,24.36823081970215
DA089,2019-11-14,11:49,17.72751235961914
DA089,2019-11-14,17:19,19.16495704650879
DA089,2019-11-15,12:00,15.74207019805908
DA089,2019-11-15,17:00,30.93347549438477
DA089,2019-11-08,8:21,15.4665699005127
DA089,2019-11-08,12:00,12.08673000335693
DA089,2019-11-08,17:00,15.71434497833252
DA089,2019-11-08,22:19,11.27365016937256
DA089,2019-11-09,7:04,13.23999977111816
DA089,2019-11-09,12:00,11.96335029602051
DA089,2019-11-09,17:00,64.73957824707031
DA089,2019-11-09,20:56,11.27365016937256
DA090,2019-11-10,08:00,5.759699821472168
DA090,2019-11-10,12:00,30.24110984802246
DA090,2019-11-10,17:00,24.13743019104004
DA090,2019-11-11,8:51,6.517499923706055
DA090,2019-11-11,12:00,21.43693923950195
DA090,2019-11-11,17:00,64.455322265625
DA090,2019-11-12,6:55,6.517499923706055
DA090,2019-11-12,12:00,12.30035972595215
DA090,2019-11-12,17:00,29.96179008483887
DA090,2019-11-13,7:49,6.517499923706055
DA090,2019-11-13,12:17,34.70547866821289
DA090,2019-11-13,17:00,11.47266006469727
DA090,2019-11-14,7:49,6.517499923706055
DA090,2019-11-14,12:02,31.42346954345703
DA090,2019-11-14,17:00,24.68984985351562
DA090,2019-11-15,8:28,6.517499923706055
DA090,2019-11-15,12:00,31.02895927429199
DA090,2019-11-15,17:00,25.24371910095215
DA090,2019-11-08,08:00,6.517499923706055
DA090,2019-11-08,12:00,9.598139762878418
DA090,2019-11-08,16:19,22.75185012817383
DA090,2019-11-09,7:30,6.517499923706055
DA090,2019-11-09,12:00,29.85533905029297
DA090,2019-11-09,17:00,71.257080078125
DA091,2019-11-10,12:00,36.75860977172852
DA091,2019-11-10,16:07,24.13743019104004
DA091,2019-11-10,20:37,2.009700059890747
DA091,2019-11-14,12:00,23.00204086303711
DA091,2019-11-14,17:27,31.20734977722168
DA091,2019-11-15,08:00,6.517499923706055
DA091,2019-11-15,12:00,25.91515922546387
DA091,2019-11-15,17:00,73.2464599609375
DA091,2019-11-08,08:00,6.517499923706055
DA091,2019-11-08,12:28,6.517499923706055
DA091,2019-11-08,16:05,6.517499923706055
DA091,2019-11-08,20:42,15.32365036010742
DA091,2019-11-09,6:35,6.517499923706055
DA091,2019-11-09,12:05,6.517499923706055
DA091,2019-11-09,17:35,6.517499923706055
DA091,2019-11-09,21:27,2.684849977493286
DA092,2019-11-10,12:00,36.75860977172852
DA092,2019-11-10,16:25,24.13743019104004
DA092,2019-11-10,20:45,2.009700059890747
DA092,2019-11-11,11:45,21.43693923950195
DA092,2019-11-11,17:00,64.455322265625
DA092,2019-11-11,19:00,3.375
DA092,2019-11-12,12:00,12.30035972595215
DA092,2019-11-12,17:00,29.96179008483887
DA092,2019-11-12,20:45,4.724999904632568
DA092,2019-11-13,08:00,6.517499923706055
DA092,2019-11-13,12:00,28.18798065185547
DA092,2019-11-13,16:10,11.47266006469727
DA092,2019-11-14,7:55,6.517499923706055
DA092,2019-11-14,12:00,16.48454093933105
DA092,2019-11-14,17:00,24.68984985351562
DA092,2019-11-15,08:00,6.517499923706055
DA092,2019-11-15,12:00,43.41577911376953
DA092,2019-11-15,17:00,66.72895812988281
DA092,2019-11-08,08:00,6.517499923706055
DA092,2019-11-08,12:00,8.827980041503906
DA092,2019-11-08,16:07,29.26935005187988
DA092,2019-11-08,21:15,14.64865016937256
DA092,2019-11-09,8:52,6.517499923706055
DA092,2019-11-09,12:00,23.33783912658691
DA092,2019-11-09,17:30,71.257080078125
DA092,2019-11-09,22:00,10.54485034942627
DA093,2019-11-10,6:27,8.504850387573242
DA093,2019-11-10,12:00,30.24110984802246
DA093,2019-11-10,17:00,17.61993026733398
DA093,2019-11-11,6:32,6.517499923706055
DA093,2019-11-11,12:33,21.43693923950195
DA093,2019-11-11,17:00,64.455322265625
DA093,2019-11-12,08:00,6.517499923706055
DA093,2019-11-12,12:00,10.63500022888184
DA093,2019-11-12,17:00,29.96179008483887
DA093,2019-11-13,08:00,6.517499923706055
DA093,2019-11-13,12:00,34.70547866821289
DA093,2019-11-13,17:25,11.47266006469727
DA093,2019-11-14,7:51,6.517499923706055
DA093,2019-11-14,12:00,31.42346954345703
DA093,2019-11-14,17:00,24.68984985351562
DA093,2019-11-15,6:37,6.517499923706055
DA093,2019-11-15,11:38,31.02895927429199
DA093,2019-11-15,16:28,25.24371910095215
DA093,2019-11-08,7:37,6.517499923706055
DA093,2019-11-08,12:33,16.11564064025879
DA093,2019-11-08,16:53,29.26935005187988
DA093,2019-11-09,6:44,6.517499923706055
DA093,2019-11-09,12:03,23.33783912658691
DA093,2019-11-09,17:00,71.257080078125
DA094,2019-11-10,12:00,36.75860977172852
DA094,2019-11-10,16:11,14.84432220458984
DA094,2019-11-10,21:51,18.77364921569824
DA094,2019-11-11,12:00,21.43693923950195
DA094,2019-11-11,16:41,64.455322265625
DA094,2019-11-12,9:00,6.517499923706055
DA094,2019-11-12,12:00,12.30035972595215
DA094,2019-11-12,17:46,29.96179008483887
DA094,2019-11-13,08:00,6.517499923706055
DA094,2019-11-13,12:00,25.30307006835938
DA094,2019-11-13,17:00,11.47266006469727
DA094,2019-11-14,8:43,6.517499923706055
DA094,2019-11-14,11:35,16.48454093933105
DA094,2019-11-14,17:00,24.68984985351562
DA094,2019-11-15,08:00,6.517499923706055
DA094,2019-11-15,11:20,18.90431976318359
DA094,2019-11-15,17:06,66.72895812988281
DA094,2019-11-08,8:28,6.517499923706055
DA094,2019-11-08,12:00,9.598139762878418
DA094,2019-11-08,17:00,29.26935005187988
DA094,2019-11-08,20:41,18.02364921569824
DA094,2019-11-09,08:00,6.517499923706055
DA094,2019-11-09,12:00,23.33783912658691
DA094,2019-11-09,16:09,71.257080078125
DA094,2019-11-09,21:21,20.81365013122559
DA095,2019-11-10,12:00,36.75860977172852
DA095,2019-11-10,17:00,24.13743019104004
DA095,2019-11-10,20:37,11.27365016937256
DA095,2019-11-11,12:00,33.25611114501953
DA095,2019-11-11,17:00,76.82376098632812
DA095,2019-11-11,21:07,11.27365016937256
DA095,2019-11-12,12:00,25.33535957336426
DA095,2019-11-12,17:00,42.99679183959961
DA095,2019-11-12,20:37,11.27365016937256
DA095,2019-11-13,12:00,47.740478515625
DA095,2019-11-13,17:45,31.30999946594238
DA095,2019-11-13,22:15,11.27365016937256
DA095,2019-11-14,12:00,19.55249977111816
DA095,2019-11-14,17:22,37.72484970092773
DA095,2019-11-14,21:58,11.27365016937256
DA095,2019-11-15,12:37,44.06396102905273
DA095,2019-11-15,16:37,79.76396179199219
DA095,2019-11-15,21:12,11.27365016937256
DA095,2019-11-08,12:00,8.827980041503906
DA095,2019-11-08,17:30,29.26935005187988
DA095,2019-11-08,22:15,11.27365016937256
DA095,2019-11-09,12:00,23.33783912658691
DA095,2019-11-09,17:07,64.73957824707031
DA095,2019-11-09,21:33,11.27365016937256
DA096,2019-11-10,7:25,13.5
DA096,2019-11-10,11:35,36.75860977172852
DA096,2019-11-10,16:19,16.28232955932617
DA096,2019-11-10,20:45,11.27365016937256
DA096,2019-11-11,08:00,10.04049968719482
DA096,2019-11-11,11:00,27.95443916320801
DA096,2019-11-11,17:00,70.97281646728516
DA096,2019-11-11,21:55,11.27365016937256
DA096,2019-11-12,7:02,14.3774995803833
DA096,2019-11-12,11:54,18.8178596496582
DA096,2019-11-12,17:25,36.47929000854492
DA096,2019-11-12,22:19,11.27365016937256
DA096,2019-11-13,6:19,5.4375
DA096,2019-11-13,12:32,41.22298049926758
DA096,2019-11-13,17:00,24.50765991210938
DA096,2019-11-13,19:49,11.27365016937256
DA096,2019-11-14,08:00,13.23999977111816
DA096,2019-11-14,12:00,23.00204086303711
DA096,2019-11-14,17:25,37.72484970092773
DA096,2019-11-14,21:19,11.27365016937256
DA096,2019-11-15,08:00,24.36823081970215
DA096,2019-11-15,12:00,37.54645919799805
DA096,2019-11-15,17:00,73.2464599609375
DA096,2019-11-15,21:25,11.27365016937256
DA096,2019-11-08,8:51,24.36823081970215
DA096,2019-11-08,12:00,16.11564064025879
DA096,2019-11-08,17:00,29.26935005187988
DA096,2019-11-08,21:00,24.77364921569824
DA096,2019-11-09,08:00,14.3774995803833
DA096,2019-11-09,11:24,36.37284088134766
DA096,2019-11-09,17:00,77.77458190917969
DA097,2019-11-10,08:00,2.009700059890747
DA097,2019-11-10,12:00,33.49985885620117
DA097,2019-11-10,17:00,20.8786792755127
DA097,2019-11-11,7:59,11.51624965667725
DA097,2019-11-11,12:06,11.51624965667725
DA097,2019-11-11,17:00,11.51624965667725
DA097,2019-11-12,08:00,11.51624965667725
DA097,2019-11-12,12:00,11.51624965667725
DA097,2019-11-12,16:14,11.51624965667725
DA097,2019-11-13,7:44,11.51624965667725
DA097,2019-11-13,12:21,11.51624965667725
DA097,2019-11-13,17:51,11.51624965667725
DA097,2019-11-14,08:00,11.51624965667725
DA097,2019-11-14,12:00,11.51624965667725
DA097,2019-11-14,17:00,11.51624965667725
DA097,2019-11-15,08:00,11.51624965667725
DA097,2019-11-15,12:00,11.51624965667725
DA097,2019-11-15,17:00,11.51624965667725
DA097,2019-11-08,8:43,11.51624965667725
DA097,2019-11-08,11:28,11.51624965667725
DA097,2019-11-08,17:44,11.51624965667725
DA097,2019-11-09,8:43,11.51624965667725
DA097,2019-11-09,12:38,11.51624965667725
DA097,2019-11-09,16:59,11.51624965667725
DA098,2019-11-10,11:46,35.50955963134766
DA098,2019-11-10,16:30,20.8786792755127
DA098,2019-11-11,7:31,11.51624965667725
DA098,2019-11-11,11:31,9.776249885559082
DA098,2019-11-11,17:45,9.776249885559082
DA098,2019-11-12,08:00,8.257499694824219
DA098,2019-11-12,12:00,12.30035972595215
DA098,2019-11-12,17:00,29.96179008483887
DA098,2019-11-12,20:30,11.27365016937256
DA098,2019-11-13,7:08,5.4375
DA098,2019-11-13,12:23,34.70547866821289
DA098,2019-11-13,17:38,6.517499923706055
DA098,2019-11-14,7:16,13.23999977111816
DA098,2019-11-14,12:16,16.48454093933105
DA098,2019-11-14,17:53,31.20734977722168
DA098,2019-11-15,8:03,24.36823081970215
DA098,2019-11-15,12:00,31.02895927429199
DA098,2019-11-15,17:30,69.98770904541016
DA098,2019-11-08,8:41,11.51624965667725
DA098,2019-11-08,12:00,9.776249885559082
DA098,2019-11-08,16:30,11.51624965667725
DA098,2019-11-09,08:00,11.51624965667725
DA098,2019-11-09,12:00,11.51624965667725
DA098,2019-11-09,16:15,67.99832916259766
DA099,2019-11-10,12:00,38.768310546875
DA099,2019-11-10,17:00,24.13743019104004
DA099,2019-11-11,6:17,8.257499694824219
DA099,2019-11-11,12:16,8.257499694824219
DA099,2019-11-11,17:00,8.257499694824219
DA099,2019-11-12,08:00,8.257499694824219
DA099,2019-11-12,12:00,8.257499694824219
DA099,2019-11-12,17:00,8.257499694824219
DA099,2019-11-13,8:27,8.431500434875488
DA099,2019-11-13,12:00,8.431500434875488
DA099,2019-11-13,17:39,8.431500434875488
DA099,2019-11-14,7:01,8.257499694824219
DA099,2019-11-14,12:54,8.257499694824219
DA099,2019-11-14,17:00,8.257499694824219
DA099,2019-11-15,8:35,8.257499694824219
DA099,2019-11-15,12:00,8.257499694824219
DA099,2019-11-15,16:02,8.257499694824219
DA099,2019-11-08,6:54,8.257499694824219
DA099,2019-11-08,12:00,16.11564064025879
DA099,2019-11-08,17:00,26.01059913635254
DA099,2019-11-08,20:52,2.009700059890747
DA099,2019-11-09,08:00,8.257499694824219
DA099,2019-11-09,11:31,26.59659004211426
DA099,2019-11-09,17:00,71.257080078125
DA100,2019-11-10,08:00,0.9660000205039978
DA100,2019-11-10,12:00,30.24110984802246
DA100,2019-11-10,17:00,17.61993026733398
DA100,2019-11-10,21:26,11.27365016937256
DA100,2019-11-11,8:39,10.04049968719482
DA100,2019-11-11,12:00,21.43693923950195
DA100,2019-11-11,17:00,64.455322265625
DA100,2019-11-11,21:33,2.009700059890747
DA100,2019-11-12,6:26,16.11750030517578
DA100,2019-11-12,12:29,12.30035972595215
DA100,2019-11-12,16:14,29.96179008483887
DA100,2019-11-13,08:00,5.4375
DA100,2019-11-13,11:04,28.18798065185547
DA100,2019-11-13,17:33,11.47266006469727
DA100,2019-11-13,21:44,11.27365016937256
DA100,2019-11-14,08:00,13.23999977111816
DA100,2019-11-14,12:00,16.48454093933105
DA100,2019-11-14,16:33,24.68984985351562
DA100,2019-11-15,8:03,24.36823081970215
DA100,2019-11-15,11:34,31.02895927429199
DA100,2019-11-15,17:48,66.72895812988281
DA100,2019-11-15,22:03,11.27365016937256
DA100,2019-11-08,08:00,24.36823081970215
DA100,2019-11-08,11:00,9.598139762878418
DA100,2019-11-08,17:33,22.75185012817383
DA100,2019-11-08,21:26,2.009700059890747
DA100,2019-11-09,7:03,6.517499923706055
DA100,2019-11-09,11:56,11.48056030273438
DA100,2019-11-09,17:03,64.73957824707031
DA101,2019-11-10,12:00,30.24110984802246
DA101,2019-11-10,17:27,17.61993026733398
DA101,2019-11-10,21:15,11.27365016937256
DA101,2019-11-11,13:00,21.43693923950195
DA101,2019-11-11,17:00,35.48640823364258
DA101,2019-11-11,19:31,11.27365016937256
DA101,2019-11-12,12:00,12.30035972595215
DA101,2019-11-12,17:00,29.96179008483887
DA101,2019-11-12,19:27,11.27365016937256
DA101,2019-11-13,12:00,34.70547866821289
DA101,2019-11-13,16:10,11.47266006469727
DA101,2019-11-13,22:04,13.28334999084473
DA101,2019-11-14,7:20,13.23999977111816
DA101,2019-11-14,12:12,16.48454093933105
DA101,2019-11-14,17:19,24.68984985351562
DA101,2019-11-14,21:57,11.27365016937256
DA101,2019-11-15,12:00,24.51145935058594
DA101,2019-11-15,17:00,60.21146011352539
DA101,2019-11-15,19:57,11.27365016937256
DA101,2019-11-08,8:23,18.27617263793945
DA101,2019-11-08,12:00,9.598139762878418
DA101,2019-11-08,17:00,22.75185012817383
DA101,2019-11-08,20:19,0.6439999938011169
DA101,2019-11-09,11:20,23.33783912658691
DA101,2019-11-09,17:00,64.73957824707031
DA101,2019-11-09,19:08,11.91765022277832
DA102,2019-11-10,6:34,2.009700059890747
DA102,2019-11-10,12:09,6.517499923706055
DA102,2019-11-10,17:00,6.517499923706055
DA102,2019-11-11,12:24,6.517499923706055
DA102,2019-11-11,17:00,6.517499923706055
DA102,2019-11-11,19:36,11.27365016937256
DA102,2019-11-12,12:00,6.517499923706055
DA102,2019-11-12,16:34,6.517499923706055
DA102,2019-11-13,11:24,6.517499923706055
DA102,2019-11-13,17:00,6.517499923706055
DA102,2019-11-14,12:24,6.517499923706055
DA102,2019-11-14,17:49,6.517499923706055
DA102,2019-11-14,22:19,11.27365016937256
DA102,2019-11-15,12:00,6.517499923706055
DA102,2019-11-15,17:00,6.517499923706055
DA102,2019-11-15,19:51,11.27365016937256
DA102,2019-11-08,19:43,11.27365016937256
DA102,2019-11-09,12:00,6.517499923706055
DA102,2019-11-09,17:47,6.517499923706055
DA103,2019-11-10,08:00,11.27365016937256
DA103,2019-11-10,12:00,6.517499923706055
DA103,2019-11-10,16:26,6.517499923706055
DA103,2019-11-10,21:56,1.350000023841858
DA103,2019-11-11,7:11,13.23999977111816
DA103,2019-11-11,12:00,6.517499923706055
DA103,2019-11-11,17:00,6.517499923706055
DA103,2019-11-11,20:00,11.27365016937256
DA103,2019-11-12,6:11,15.4665699005127
DA103,2019-11-12,12:48,6.517499923706055
DA103,2019-11-12,17:18,6.517499923706055
DA103,2019-11-12,21:14,11.27365016937256
DA103,2019-11-13,8:01,10.04049968719482
DA103,2019-11-13,12:00,6.517499923706055
DA103,2019-11-13,17:00,6.517499923706055
DA103,2019-11-13,19:00,11.27365016937256
DA103,2019-11-14,08:00,5.4375
DA103,2019-11-14,12:00,6.517499923706055
DA103,2019-11-14,16:00,6.517499923706055
DA103,2019-11-14,21:56,11.27365016937256
DA103,2019-11-15,08:00,24.36823081970215
DA103,2019-11-15,12:00,6.517499923706055
DA103,2019-11-15,17:00,6.517499923706055
DA103,2019-11-15,22:03,2.009700059890747
DA103,2019-11-08,20:56,0.9660000205039978
DA103,2019-11-09,7:18,24.36823081970215
DA103,2019-11-09,12:11,6.517499923706055
DA103,2019-11-09,17:00,13.03499984741211
DA103,2019-11-09,19:26,2.700000047683716
DA104,2019-11-10,08:00,11.27365016937256
DA104,2019-11-10,12:00,9.776249885559082
DA104,2019-11-10,17:00,6.517499923706055
DA104,2019-11-11,8:37,13.23999977111816
DA104,2019-11-11,12:00,13.03499984741211
DA104,2019-11-11,17:00,9.776249885559082
DA104,2019-11-12,7:05,15.4665699005127
DA104,2019-11-12,12:13,6.517499923706055
DA104,2019-11-12,16:42,6.517499923706055
DA104,2019-11-13,6:50,10.04049968719482
DA104,2019-11-13,11:37,9.776249885559082
DA104,2019-11-13,17:42,9.776249885559082
DA104,2019-11-14,08:00,5.4375
DA104,2019-11-14,12:00,9.776249885559082
DA104,2019-11-14,17:00,6.517499923706055
DA104,2019-11-15,08:00,24.36823081970215
DA104,2019-11-15,11:02,13.03499984741211
DA104,2019-11-15,16:07,9.776249885559082
DA104,2019-11-09,6:17,24.36823081970215
DA104,2019-11-09,11:43,6.517499923706055
DA104,2019-11-09,17:57,6.517499923706055
DA105,2019-11-10,7:14,11.27365016937256
DA105,2019-11-10,11:38,6.517499923706055
DA105,2019-11-10,16:29,6.517499923706055
DA105,2019-11-10,21:18,2.009700059890747
DA105,2019-11-11,08:00,13.23999977111816
DA105,2019-11-11,11:09,6.517499923706055
DA105,2019-11-11,16:44,13.03499984741211
DA105,2019-11-11,21:44,11.27365016937256
DA105,2019-11-12,7:06,15.4665699005127
DA105,2019-11-12,12:00,6.517499923706055
DA105,2019-11-12,17:29,6.517499923706055
DA105,2019-11-12,22:14,11.27365016937256
DA105,2019-11-13,7:06,10.04049968719482
DA105,2019-11-13,12:13,6.517499923706055
DA105,2019-11-13,16:59,13.03499984741211
DA105,2019-11-13,21:09,11.27365016937256
DA105,2019-11-14,7:21,5.4375
DA105,2019-11-14,12:00,6.517499923706055
DA105,2019-11-14,17:00,13.03499984741211
DA105,2019-11-14,20:21,2.009700059890747
DA105,2019-11-15,6:59,24.36823081970215
DA105,2019-11-15,12:28,6.517499923706055
DA105,2019-11-15,17:00,6.517499923706055
DA105,2019-11-15,22:21,11.27365016937256
DA105,2019-11-08,8:55,24.36823081970215
DA105,2019-11-08,12:00,13.03499984741211
DA105,2019-11-08,17:00,13.03499984741211
DA105,2019-11-09,7:14,24.36823081970215
DA105,2019-11-09,11:43,6.517499923706055
DA105,2019-11-09,17:29,13.03499984741211
DA106,2019-11-10,17:00,6.517499923706055
DA106,2019-11-10,20:00,2.009700059890747
DA106,2019-11-11,6:39,11.27365016937256
DA106,2019-11-11,17:42,6.517499923706055
DA106,2019-11-11,21:47,7.5
DA106,2019-11-12,7:37,13.23999977111816
DA106,2019-11-12,12:24,6.517499923706055
DA106,2019-11-12,16:26,6.517499923706055
DA106,2019-11-12,20:00,11.27365016937256
DA106,2019-11-13,8:31,15.4665699005127
DA106,2019-11-13,12:00,6.517499923706055
DA106,2019-11-13,17:00,6.517499923706055
DA106,2019-11-14,7:37,10.04049968719482
DA106,2019-11-14,12:27,6.517499923706055
DA106,2019-11-14,17:37,6.517499923706055
DA106,2019-11-15,7:32,5.4375
DA106,2019-11-15,12:09,6.517499923706055
DA106,2019-11-15,17:02,6.517499923706055
DA106,2019-11-15,20:00,7.5
DA106,2019-11-09,7:27,24.36823081970215
DA106,2019-11-09,12:00,6.517499923706055
DA106,2019-11-09,17:00,6.517499923706055
DA106,2019-11-09,20:00,11.27365016937256
DA107,2019-11-10,08:00,2.009700059890747
DA107,2019-11-10,12:00,6.517499923706055
DA107,2019-11-10,16:53,6.517499923706055
DA107,2019-11-11,8:03,13.23999977111816
DA107,2019-11-11,12:55,6.517499923706055
DA107,2019-11-11,16:10,6.517499923706055
DA107,2019-11-11,21:48,11.27365016937256
DA107,2019-11-12,8:33,15.4665699005127
DA107,2019-11-12,12:03,6.517499923706055
DA107,2019-11-12,17:25,6.517499923706055
DA107,2019-11-13,08:00,10.04049968719482
DA107,2019-11-13,12:00,6.517499923706055
DA107,2019-11-13,17:00,6.517499923706055
DA107,2019-11-14,8:03,5.4375
DA107,2019-11-14,12:40,13.03499984741211
DA107,2019-11-14,17:18,13.03499984741211
DA107,2019-11-14,21:55,11.27365016937256
DA107,2019-11-15,7:10,24.36823081970215
DA107,2019-11-15,12:03,6.517499923706055
DA107,2019-11-15,17:00,6.517499923706055
DA107,2019-11-15,21:03,11.27365016937256
DA107,2019-11-08,21:08,11.27365016937256
DA107,2019-11-09,8:03,24.36823081970215
DA107,2019-11-09,11:48,6.517499923706055
DA107,2019-11-09,17:18,6.517499923706055
DA108,2019-11-10,8:42,11.27365016937256
DA108,2019-11-10,11:35,34.70547866821289
DA108,2019-11-10,17:00,13.81002998352051
DA108,2019-11-10,20:49,7.051449775695801
DA108,2019-11-11,7:04,26.10823059082031
DA108,2019-11-11,11:35,20.22110939025879
DA108,2019-11-11,17:00,64.455322265625
DA108,2019-11-11,20:49,7.051449775695801
DA108,2019-11-12,7:04,41.57479858398438
DA108,2019-11-12,12:57,10.63500022888184
DA108,2019-11-12,17:45,29.96179008483887
DA108,2019-11-12,22:15,11.27365016937256
DA108,2019-11-13,7:04,26.10823059082031
DA108,2019-11-13,12:00,34.70547866821289
DA108,2019-11-13,17:00,13.75881958007812
DA108,2019-11-13,21:04,11.27365016937256
DA108,2019-11-14,6:57,5.4375
DA108,2019-11-14,12:00,24.90596961975098
DA108,2019-11-14,17:00,19.38248062133789
DA108,2019-11-14,22:19,11.27365016937256
DA108,2019-11-15,6:49,26.10823059082031
DA108,2019-11-15,11:50,31.02895927429199
DA108,2019-11-15,17:42,66.72895812988281
DA108,2019-11-15,22:12,7.051449775695801
DA108,2019-11-08,08:00,26.10823059082031
DA108,2019-11-08,12:00,15.63883018493652
DA108,2019-11-08,16:27,22.75185012817383
DA108,2019-11-08,21:04,11.27365016937256
DA108,2019-11-09,7:04,26.10823059082031
DA108,2019-11-09,11:35,6.517499923706055
DA108,2019-11-09,16:34,64.73957824707031
DA108,2019-11-09,20:00,11.27365016937256
DA109,2019-11-10,9:00,7.051449775695801
DA109,2019-11-10,12:00,30.24110984802246
DA109,2019-11-10,17:00,15.99055480957031
DA109,2019-11-11,6:25,6.517499923706055
DA109,2019-11-11,12:37,19.80756568908691
DA109,2019-11-11,16:52,62.82594680786133
DA109,2019-11-12,6:49,13.23999977111816
DA109,2019-11-12,13:00,12.30035972595215
DA109,2019-11-12,17:30,29.96179008483887
DA109,2019-11-13,7:22,24.36823081970215
DA109,2019-11-13,12:37,30.19119453430176
DA109,2019-11-13,17:30,9.843284606933594
DA109,2019-11-14,8:48,10.04049968719482
DA109,2019-11-14,12:00,16.48454093933105
DA109,2019-11-14,17:00,24.68984985351562
DA109,2019-11-15,7:30,5.4375
DA109,2019-11-15,11:35,19.39765930175781
DA109,2019-11-15,17:30,66.72895812988281
DA109,2019-11-08,08:00,18.2817497253418
DA109,2019-11-08,12:15,7.198605060577393
DA109,2019-11-08,17:45,13.00529956817627
DA109,2019-11-09,7:37,15.4665699005127
DA109,2019-11-09,12:30,9.851184844970703
DA109,2019-11-09,17:00,61.48083114624023
DA110,2019-11-10,11:42,23.72360992431641
DA110,2019-11-10,16:02,17.61993026733398
DA110,2019-11-10,20:17,11.27365016937256
DA110,2019-11-11,08:00,6.517499923706055
DA110,2019-11-11,11:12,20.96582984924316
DA110,2019-11-11,16:32,25.17016410827637
DA110,2019-11-12,11:22,11.83500003814697
DA110,2019-11-12,16:56,21.4983959197998
DA110,2019-11-13,7:24,18.27617263793945
DA110,2019-11-13,12:00,18.97730255126953
DA110,2019-11-13,17:00,10.2338695526123
DA110,2019-11-14,7:31,7.530375003814697
DA110,2019-11-14,12:00,25.19697761535645
DA110,2019-11-14,17:00,20.14676284790039
DA110,2019-11-15,08:00,18.27617263793945
DA110,2019-11-15,12:00,15.80761528015137
DA110,2019-11-15,17:09,51.67609405517578
DA110,2019-11-08,08:00,26.47999954223633
DA110,2019-11-08,12:00,8.057820320129395
DA110,2019-11-08,17:47,18.69326210021973
DA110,2019-11-09,12:39,11.48056030273438
DA110,2019-11-09,17:00,64.73957824707031
DA111,2019-11-10,08:00,0.9660000205039978
DA111,2019-11-10,11:19,23.72360992431641
DA111,2019-11-10,17:33,3.247329950332642
DA111,2019-11-10,21:03,25.30744934082031
DA111,2019-11-11,6:03,7.860000133514404
DA111,2019-11-11,12:00,27.95443916320801
DA111,2019-11-11,17:00,70.97281646728516
DA111,2019-11-11,20:48,10.73320007324219
DA111,2019-11-12,08:00,13.23999977111816
DA111,2019-11-12,12:00,29.45285987854004
DA111,2019-11-12,17:00,36.47929000854492
DA111,2019-11-12,21:33,11.59564971923828
DA111,2019-11-13,6:18,24.36823081970215
DA111,2019-11-13,12:00,25.30307006835938
DA111,2019-11-13,17:56,12.19647979736328
DA111,2019-11-14,08:00,10.04049968719482
DA111,2019-11-14,12:00,37.94097137451172
DA111,2019-11-14,17:00,31.20734977722168
DA111,2019-11-15,7:33,5.4375
DA111,2019-11-15,12:00,37.54645919799805
DA111,2019-11-15,17:48,73.2464599609375
DA111,2019-11-08,08:00,38.43313980102539
DA111,2019-11-08,11:11,7.20476245880127
DA111,2019-11-08,16:18,29.26935005187988
DA111,2019-11-08,22:03,10.125
DA111,2019-11-09,7:18,15.4665699005127
DA111,2019-11-09,11:11,29.85533905029297
DA111,2019-11-09,17:00,71.257080078125
DA111,2019-11-09,22:18,18.0088005065918
DA112,2019-11-10,08:00,9.509699821472168
DA112,2019-11-10,12:00,30.24110984802246
DA112,2019-11-10,16:30,17.61993026733398
DA112,2019-11-10,21:15,11.27365016937256
DA112,2019-11-11,08:00,14.3774995803833
DA112,2019-11-11,12:00,21.43693923950195
DA112,2019-11-11,16:49,20.52522087097168
DA112,2019-11-11,22:04,11.27365016937256
DA112,2019-11-12,7:12,13.23999977111816
DA112,2019-11-12,11:50,17.15250015258789
DA112,2019-11-12,17:34,29.96179008483887
DA112,2019-11-12,21:19,11.27365016937256
DA112,2019-11-13,7:20,24.36823081970215
DA112,2019-11-13,12:00,31.82056999206543
DA112,2019-11-13,17:00,17.99015998840332
DA112,2019-11-14,7:04,24.36823081970215
DA112,2019-11-14,12:05,31.42346954345703
DA112,2019-11-14,17:00,31.20734977722168
DA112,2019-11-15,,10.04049968719482
DA112,2019-11-15,,31.02895927429199
DA112,2019-11-15,,73.2464599609375
DA112,2019-11-08,08:00,33.97999954223633
DA112,2019-11-08,12:20,15.78404998779297
DA112,2019-11-08,17:34,29.26935005187988
DA112,2019-11-09,8:57,15.4665699005127
DA112,2019-11-09,12:00,11.48056030273438
DA112,2019-11-09,17:00,74.51583099365234
DA112,2019-11-09,22:10,24.35745048522949
DA113,2019-11-10,08:00,25.55744934082031
DA113,2019-11-10,12:00,30.24110984802246
DA113,2019-11-10,17:00,12.06871509552002
DA113,2019-11-10,20:41,26.86745071411133
DA113,2019-11-11,6:17,5.077320098876953
DA113,2019-11-11,12:00,21.43693923950195
DA113,2019-11-11,17:00,64.455322265625
DA113,2019-11-11,20:56,38.21945190429688
DA113,2019-11-12,7:48,13.23999977111816
DA113,2019-11-12,12:00,12.08071517944336
DA113,2019-11-12,16:56,26.36922264099121
DA113,2019-11-12,21:59,38.84344863891602
DA113,2019-11-13,7:14,24.36823081970215
DA113,2019-11-13,11:46,31.82056999206543
DA113,2019-11-13,16:22,10.80541038513184
DA113,2019-11-13,21:17,29.80195045471191
DA113,2019-11-14,08:00,10.04049968719482
DA113,2019-11-14,12:00,34.68222045898438
DA113,2019-11-14,17:00,32.79421997070312
DA113,2019-11-14,21:02,34.30387115478516
DA113,2019-11-15,6:33,5.4375
DA113,2019-11-15,12:00,31.02895927429199
DA113,2019-11-15,17:00,73.2464599609375
DA113,2019-11-15,20:37,27.73094940185547
DA113,2019-11-08,08:00,26.47999954223633
DA113,2019-11-08,12:00,9.266550064086914
DA113,2019-11-08,17:52,29.26935005187988
DA113,2019-11-08,22:07,31.3299503326416
DA113,2019-11-09,6:32,15.4665699005127
DA113,2019-11-09,12:37,11.48056030273438
DA113,2019-11-09,17:41,71.257080078125
DA113,2019-11-09,22:14,32.35995101928711
DA114,2019-11-10,6:22,11.2278003692627
DA114,2019-11-10,12:00,30.24110984802246
DA114,2019-11-10,17:00,14.84432220458984
DA114,2019-11-10,19:22,15.663649559021
DA114,2019-11-11,8:15,7.860000133514404
DA114,2019-11-11,12:45,17.70708084106445
DA114,2019-11-11,17:27,35.48640823364258
DA114,2019-11-11,22:15,21.85745048522949
DA114,2019-11-12,7:15,13.23999977111816
DA114,2019-11-12,11:28,10.85464477539062
DA114,2019-11-12,16:33,24.10071754455566
DA114,2019-11-12,21:45,21.85745048522949
DA114,2019-11-13,7:52,24.36823081970215
DA114,2019-11-13,11:43,31.82056999206543
DA114,2019-11-13,17:45,10.2338695526123
DA114,2019-11-13,22:15,21.85745048522949
DA114,2019-11-14,08:00,10.04049968719482
DA114,2019-11-14,12:00,13.99277973175049
DA114,2019-11-14,17:37,15.60367488861084
DA114,2019-11-14,21:52,25.90744972229004
DA114,2019-11-15,7:15,5.4375
DA114,2019-11-15,11:52,12.71090984344482
DA114,2019-11-15,17:37,51.67609405517578
DA114,2019-11-15,22:15,22.82345008850098
DA114,2019-11-08,08:00,33.97999954223633
DA114,2019-11-08,12:07,8.827980041503906
DA114,2019-11-08,17:37,18.69326210021973
DA114,2019-11-08,20:22,24.6794490814209
DA114,2019-11-09,8:49,15.4665699005127
DA114,2019-11-09,12:00,19.13275527954102
DA114,2019-11-09,17:00,71.257080078125
DA114,2019-11-09,21:52,21.85745048522949
DA115,2019-11-10,11:09,30.24110984802246
DA115,2019-11-10,17:17,17.61993026733398
DA115,2019-11-10,22:02,17.80744934082031
DA115,2019-11-11,6:19,6.517499923706055
DA115,2019-11-11,12:00,21.43693923950195
DA115,2019-11-11,17:00,64.455322265625
DA115,2019-11-11,21:10,2.009700059890747
DA115,2019-11-12,8:30,13.23999977111816
DA115,2019-11-12,12:00,10.63500022888184
DA115,2019-11-12,17:55,29.96179008483887
DA115,2019-11-12,21:55,17.80744934082031
DA115,2019-11-13,08:00,18.27617263793945
DA115,2019-11-13,11:02,31.82056999206543
DA115,2019-11-13,17:15,11.47266006469727
DA115,2019-11-13,21:30,0.9660000205039978
DA115,2019-11-14,8:51,18.27617263793945
DA115,2019-11-14,12:00,16.48454093933105
DA115,2019-11-14,17:00,24.68984985351562
DA115,2019-11-14,21:25,17.80744934082031
DA115,2019-11-15,6:30,5.4375
DA115,2019-11-15,12:00,24.90109443664551
DA115,2019-11-15,17:00,69.98770904541016
DA115,2019-11-08,08:00,33.97999954223633
DA115,2019-11-08,11:32,7.892024993896484
DA115,2019-11-08,17:00,26.01059913635254
DA115,2019-11-08,22:10,17.80744934082031
DA115,2019-11-09,6:45,15.4665699005127
DA115,2019-11-09,12:00,14.92766952514648
DA115,2019-11-09,17:00,67.99832916259766
DA115,2019-11-09,22:02,1.970849990844727
DA116,2019-11-10,7:07,10.58380031585693
DA116,2019-11-10,12:00,41.22298049926758
DA116,2019-11-10,17:00,24.13743019104004
DA116,2019-11-10,20:45,29.13145065307617
DA116,2019-11-11,08:00,14.3774995803833
DA116,2019-11-11,12:00,27.95443916320801
DA116,2019-11-11,17:00,20.32752990722656
DA116,2019-11-11,20:37,11.27365016937256
DA116,2019-11-12,8:26,19.75749969482422
DA116,2019-11-12,12:00,17.15250015258789
DA116,2019-11-12,16:11,36.47929000854492
DA116,2019-11-12,22:26,24.55699920654297
DA116,2019-11-13,08:00,24.36823081970215
DA116,2019-11-13,12:00,41.22298049926758
DA116,2019-11-13,17:48,17.99015998840332
DA116,2019-11-13,22:03,17.80744934082031
DA116,2019-11-14,8:35,10.04049968719482
DA116,2019-11-14,12:00,37.94097137451172
DA116,2019-11-14,17:00,31.20734977722168
DA116,2019-11-14,20:41,17.80744934082031
DA116,2019-11-15,08:00,5.4375
DA116,2019-11-15,11:15,37.54645919799805
DA116,2019-11-15,17:26,73.2464599609375
DA116,2019-11-15,21:48,11.27365016937256
DA116,2019-11-08,08:00,26.47999954223633
DA116,2019-11-08,12:00,15.78404998779297
DA116,2019-11-08,17:11,29.26935005187988
DA116,2019-11-08,22:56,22.84919929504395
DA116,2019-11-09,08:00,21.98406982421875
DA116,2019-11-09,12:00,29.85533905029297
DA116,2019-11-09,17:26,77.77458190917969
DA116,2019-11-09,21:45,2.009700059890747
DA117,2019-11-10,08:00,7.051449775695801
DA117,2019-11-10,12:00,30.24110984802246
DA117,2019-11-10,17:00,17.61993026733398
DA117,2019-11-10,22:05,11.27365016937256
DA117,2019-11-11,8:39,14.3774995803833
DA117,2019-11-11,12:00,21.43693923950195
DA117,2019-11-11,17:00,64.455322265625
DA117,2019-11-12,7:05,13.23999977111816
DA117,2019-11-12,12:35,10.63500022888184
DA117,2019-11-12,17:00,23.44429016113281
DA117,2019-11-13,7:43,24.36823081970215
DA117,2019-11-13,11:58,31.82056999206543
DA117,2019-11-13,16:57,11.47266006469727
DA117,2019-11-13,21:12,9.509699821472168
DA117,2019-11-14,7:28,6.517499923706055
DA117,2019-11-14,12:00,16.48454093933105
DA117,2019-11-14,16:12,24.68984985351562
DA117,2019-11-15,7:28,5.4375
DA117,2019-11-15,11:58,31.02895927429199
DA117,2019-11-15,17:22,66.72895812988281
DA117,2019-11-08,08:00,13.23999977111816
DA117,2019-11-08,12:43,2.74904990196228
DA117,2019-11-08,16:20,16.23435020446777
DA117,2019-11-08,21:20,2.009700059890747
DA117,2019-11-09,08:00,15.4665699005127
DA117,2019-11-09,12:00,23.33783912658691
DA117,2019-11-09,17:00,64.73957824707031
DA118,2019-11-10,12:00,30.24110984802246
DA118,2019-11-10,17:00,17.61993026733398
DA118,2019-11-10,21:15,43.9588508605957
DA118,2019-11-11,7:15,14.3774995803833
DA118,2019-11-11,12:00,21.43693923950195
DA118,2019-11-11,17:00,64.455322265625
DA118,2019-11-11,21:22,37.90724945068359
DA118,2019-11-12,6:19,26.47999954223633
DA118,2019-11-12,12:54,12.30035972595215
DA118,2019-11-12,17:22,29.96179008483887
DA118,2019-11-12,21:00,46.02925109863281
DA118,2019-11-13,6:30,24.36823081970215
DA118,2019-11-13,11:24,31.82056999206543
DA118,2019-11-13,17:52,11.47266006469727
DA118,2019-11-13,21:45,40.87454986572266
DA118,2019-11-14,08:00,13.29924964904785
DA118,2019-11-14,12:00,16.48454093933105
DA118,2019-11-14,17:30,24.68984985351562
DA118,2019-11-14,21:30,24.83964920043945
DA118,2019-11-15,7:22,5.4375
DA118,2019-11-15,12:00,18.90431976318359
DA118,2019-11-15,17:15,73.2464599609375
DA118,2019-11-15,21:49,35.98725128173828
DA118,2019-11-08,08:00,33.97999954223633
DA118,2019-11-08,12:00,6.007800102233887
DA118,2019-11-08,17:00,29.26935005187988
DA118,2019-11-08,21:30,30.40744972229004
DA118,2019-11-09,6:19,21.98406982421875
DA118,2019-11-09,12:07,8.999030113220215
DA118,2019-11-09,17:52,71.257080078125
DA118,2019-11-09,21:52,10.04349994659424
DA119,2019-11-10,08:00,11.27365016937256
DA119,2019-11-10,12:00,34.70547866821289
DA119,2019-11-10,16:02,11.10243034362793
DA119,2019-11-10,21:57,2.700000047683716
DA119,2019-11-11,08:00,7.860000133514404
DA119,2019-11-11,11:31,20.22110939025879
DA119,2019-11-11,17:09,20.52522087097168
DA119,2019-11-11,21:17,11.27365016937256
DA119,2019-11-12,08:00,13.23999977111816
DA119,2019-11-12,12:00,12.30035972595215
DA119,2019-11-12,16:47,23.44429016113281
DA119,2019-11-12,22:02,11.27365016937256
DA119,2019-11-13,08:00,24.36823081970215
DA119,2019-11-13,12:00,25.30307006835938
DA119,2019-11-13,17:54,11.47266006469727
DA119,2019-11-13,22:02,3.067620038986206
DA119,2019-11-14,08:00,10.04049968719482
DA119,2019-11-14,12:00,16.48454093933105
DA119,2019-11-14,17:00,24.68984985351562
DA119,2019-11-14,21:24,10.125
DA119,2019-11-15,8:54,5.4375
DA119,2019-11-15,11:24,31.02895927429199
DA119,2019-11-15,17:00,18.72621917724609
DA119,2019-11-15,19:07,3.067620038986206
DA119,2019-11-08,08:00,33.97999954223633
DA119,2019-11-08,12:00,9.598139762878418
DA119,2019-11-08,17:00,16.23435020446777
DA119,2019-11-08,22:02,20.42365074157715
DA119,2019-11-09,08:00,15.4665699005127
DA119,2019-11-09,12:00,23.33783912658691
DA119,2019-11-09,17:17,58.22208023071289
DA119,2019-11-09,22:32,3.067620038986206
DA120,2019-11-10,12:00,23.72360992431641
DA120,2019-11-10,17:00,24.13743019104004
DA120,2019-11-11,12:48,6.851805210113525
DA120,2019-11-11,16:33,70.97281646728516
DA120,2019-11-12,8:03,15.4665699005127
DA120,2019-11-12,11:48,2.058749914169312
DA120,2019-11-12,17:00,36.47929000854492
DA120,2019-11-13,12:18,21.1409854888916
DA120,2019-11-13,17:00,15.51257991790771
DA120,2019-11-14,12:00,7.475279808044434
DA120,2019-11-14,17:00,26.66426277160645
DA120,2019-11-15,11:38,18.38359451293945
DA120,2019-11-15,17:00,73.2464599609375
DA120,2019-11-08,08:00,5.4375
DA120,2019-11-08,12:00,14.40952491760254
DA120,2019-11-08,17:33,29.26935005187988
DA120,2019-11-08,19:18,11.27365016937256
DA120,2019-11-09,8:44,15.4665699005127
DA120,2019-11-09,12:00,8.41016960144043
DA120,2019-11-09,17:55,71.257080078125
DA121,2019-11-10,08:00,0.6439999938011169
DA121,2019-11-10,12:00,23.72360992431641
DA121,2019-11-10,17:00,11.10243034362793
DA121,2019-11-10,22:11,28.87944984436035
DA121,2019-11-11,6:48,7.860000133514404
DA121,2019-11-11,12:41,21.43693923950195
DA121,2019-11-11,17:48,70.97281646728516
DA121,2019-11-11,21:03,2.331700086593628
DA121,2019-11-12,08:00,13.23999977111816
DA121,2019-11-12,12:00,16.41786003112793
DA121,2019-11-12,17:41,36.47929000854492
DA121,2019-11-12,22:09,23.79915046691895
DA121,2019-11-13,8:56,24.36823081970215
DA121,2019-11-13,12:00,25.30307006835938
DA121,2019-11-13,17:18,18.71397972106934
DA121,2019-11-13,22:26,11.27365016937256
DA121,2019-11-14,6:48,10.04049968719482
DA121,2019-11-14,12:00,13.90425968170166
DA121,2019-11-14,17:00,31.20734977722168
DA121,2019-11-14,21:54,12.54965019226074
DA121,2019-11-15,08:00,5.4375
DA121,2019-11-15,11:09,34.2877082824707
DA121,2019-11-15,16:24,73.2464599609375
DA121,2019-11-08,08:00,33.97999954223633
DA121,2019-11-08,12:00,6.007800102233887
DA121,2019-11-08,17:33,26.01059913635254
DA121,2019-11-08,22:18,31.54344940185547
DA121,2019-11-09,08:00,15.4665699005127
DA121,2019-11-09,11:33,14.7393102645874
DA121,2019-11-09,17:00,74.51583099365234
DA121,2019-11-09,19:48,2.653700113296509
DA122,2019-11-10,12:00,33.49985885620117
DA122,2019-11-10,16:41,15.79918766021729
DA122,2019-11-10,22:06,2.009700059890747
DA122,2019-11-11,08:00,7.860000133514404
DA122,2019-11-11,12:43,23.78381729125977
DA122,2019-11-11,16:36,34.94641494750977
DA122,2019-11-11,21:16,10.125
DA122,2019-11-12,7:20,9.930000305175781
DA122,2019-11-12,11:50,14.11339473724365
DA122,2019-11-12,16:58,18.63986206054688
DA122,2019-11-12,21:01,18.02364921569824
DA122,2019-11-13,08:00,24.36823081970215
DA122,2019-11-13,11:48,35.07931900024414
DA122,2019-11-13,17:58,21.51511001586914
DA122,2019-11-13,21:36,6.75
DA122,2019-11-14,6:45,10.04049968719482
DA122,2019-11-14,12:43,19.74328994750977
DA122,2019-11-14,17:16,31.20734977722168
DA122,2019-11-14,22:36,10.125
DA122,2019-11-15,08:00,4.078125
DA122,2019-11-15,12:00,22.16307067871094
DA122,2019-11-15,17:00,73.2464599609375
DA122,2019-11-08,08:00,13.23999977111816
DA122,2019-11-08,12:00,12.85688972473145
DA122,2019-11-08,17:51,34.40760803222656
DA122,2019-11-08,22:51,10.125
DA122,2019-11-09,8:55,15.4665699005127
DA122,2019-11-09,12:00,17.99806022644043
DA122,2019-11-09,17:00,71.257080078125
DA122,2019-11-09,22:28,18.02364921569824
DA123,2019-11-10,12:00,30.24110984802246
DA123,2019-11-10,17:00,17.61993026733398
DA123,2019-11-11,7:52,7.860000133514404
DA123,2019-11-11,12:37,21.43693923950195
DA123,2019-11-11,16:22,64.455322265625
DA123,2019-11-12,8:07,13.23999977111816
DA123,2019-11-12,11:52,12.30035972595215
DA123,2019-11-12,17:00,29.96179008483887
DA123,2019-11-13,,24.36823081970215
DA123,2019-11-13,,31.82056999206543
DA123,2019-11-13,,11.47266006469727
DA123,2019-11-14,,10.04049968719482
DA123,2019-11-14,,9.967040061950684
DA123,2019-11-14,,31.20734977722168
DA123,2019-11-15,,24.36823081970215
DA123,2019-11-15,,18.90431976318359
DA123,2019-11-15,,73.2464599609375
DA123,2019-11-08,08:00,33.97999954223633
DA123,2019-11-08,12:37,9.598139762878418
DA123,2019-11-08,16:22,22.75185012817383
DA123,2019-11-09,7:47,15.4665699005127
DA123,2019-11-09,12:15,11.48056030273438
DA123,2019-11-09,17:00,71.257080078125
DA124,2019-11-10,6:59,16.36549949645996
DA124,2019-11-10,12:31,38.8136100769043
DA124,2019-11-10,16:48,26.19243049621582
DA124,2019-11-10,21:58,20.05545043945312
DA124,2019-11-11,7:44,23.54199981689453
DA124,2019-11-11,12:39,21.43693923950195
DA124,2019-11-11,16:08,64.455322265625
DA124,2019-11-11,21:16,26.68914985656738
DA124,2019-11-12,8:09,21.0620002746582
DA124,2019-11-12,12:00,10.63500022888184
DA124,2019-11-12,21:12,17.80744934082031
DA124,2019-11-13,7:39,31.86823081970215
DA124,2019-11-13,12:24,30.19119453430176
DA124,2019-11-13,17:53,9.843284606933594
DA124,2019-11-13,22:16,26.36714935302734
DA124,2019-11-14,6:39,17.86249923706055
DA124,2019-11-14,11:29,25.05703926086426
DA124,2019-11-14,16:48,24.68984985351562
DA124,2019-11-15,6:24,12.9375
DA124,2019-11-15,11:49,31.02895927429199
DA124,2019-11-15,17:00,66.72895812988281
DA124,2019-11-15,22:08,17.80744934082031
DA124,2019-11-08,08:00,33.97999954223633
DA124,2019-11-08,12:39,9.598139762878418
DA124,2019-11-08,17:00,22.75185012817383
DA124,2019-11-08,22:08,34.0932502746582
DA124,2019-11-09,7:16,23.28857040405273
DA124,2019-11-09,11:24,23.33783912658691
DA124,2019-11-09,17:23,71.257080078125
DA124,2019-11-09,21:46,13.08380031585693
DA125,2019-11-10,6:11,3.68969988822937
DA125,2019-11-10,12:00,37.96422958374023
DA125,2019-11-10,16:03,13.02357959747314
DA125,2019-11-11,6:56,7.860000133514404
DA125,2019-11-11,11:56,35.14054870605469
DA125,2019-11-11,16:56,30.30146980285645
DA125,2019-11-12,7:18,6.517499923706055
DA125,2019-11-12,12:33,19.67661094665527
DA125,2019-11-12,17:18,40.69369125366211
DA125,2019-11-13,7:18,6.517499923706055
DA125,2019-11-13,12:26,63.26729965209961
DA125,2019-11-13,17:11,17.01757049560547
DA125,2019-11-14,7:03,6.517499923706055
DA125,2019-11-14,11:26,17.16300964355469
DA125,2019-11-14,16:26,29.15872955322266
DA125,2019-11-15,08:00,6.517499923706055
DA125,2019-11-15,12:00,37.54645919799805
DA125,2019-11-15,17:41,28.50247001647949
DA125,2019-11-08,08:00,13.23999977111816
DA125,2019-11-08,12:11,15.78404998779297
DA125,2019-11-08,17:26,33.58803176879883
DA125,2019-11-09,6:26,6.517499923706055
DA125,2019-11-09,12:11,29.85533905029297
DA125,2019-11-09,17:00,23.56380081176758
DA126,2019-11-10,08:00,3.68969988822937
DA126,2019-11-10,12:00,41.22298049926758
DA126,2019-11-10,17:00,13.02357959747314
DA126,2019-11-11,08:00,7.860000133514404
DA126,2019-11-11,12:00,38.39929962158203
DA126,2019-11-11,16:42,33.56021881103516
DA126,2019-11-12,8:35,6.517499923706055
DA126,2019-11-12,11:58,19.67661094665527
DA126,2019-11-12,17:27,17.24939918518066
DA126,2019-11-13,08:00,6.517499923706055
DA126,2019-11-13,12:00,63.26729965209961
DA126,2019-11-13,17:00,17.01757049560547
DA126,2019-11-14,6:58,6.517499923706055
DA126,2019-11-14,11:07,17.16300964355469
DA126,2019-11-14,17:05,29.15872955322266
DA126,2019-11-15,7:28,6.517499923706055
DA126,2019-11-15,12:24,37.54645919799805
DA126,2019-11-15,17:07,31.76122093200684
DA126,2019-11-08,08:00,13.23999977111816
DA126,2019-11-08,12:13,15.78404998779297
DA126,2019-11-08,17:00,33.58803176879883
DA126,2019-11-09,8:35,6.517499923706055
DA126,2019-11-09,11:43,29.85533905029297
DA126,2019-11-09,16:52,23.56380081176758
DA127,2019-11-10,8:03,9.509699821472168
DA127,2019-11-10,12:00,36.75860977172852
DA127,2019-11-10,17:00,24.13743019104004
DA127,2019-11-10,21:29,7.5
DA127,2019-11-11,8:54,13.03499984741211
DA127,2019-11-11,12:00,27.95443916320801
DA127,2019-11-11,17:09,70.97281646728516
DA127,2019-11-12,6:53,14.3774995803833
DA127,2019-11-12,12:00,15.55910968780518
DA127,2019-11-12,17:00,39.73804092407227
DA127,2019-11-13,7:14,24.36823081970215
DA127,2019-11-13,12:00,38.33806991577148
DA127,2019-11-13,17:00,17.99015998840332
DA127,2019-11-13,19:09,2.009700059890747
DA127,2019-11-14,08:00,24.36823081970215
DA127,2019-11-14,12:00,23.00204086303711
DA127,2019-11-14,16:48,34.46609878540039
DA127,2019-11-15,08:00,6.517499923706055
DA127,2019-11-15,12:00,37.54645919799805
DA127,2019-11-15,17:00,73.2464599609375
DA127,2019-11-08,08:00,33.97999954223633
DA127,2019-11-08,12:00,12.85688972473145
DA127,2019-11-08,16:18,29.26935005187988
DA127,2019-11-08,22:41,2.009700059890747
DA127,2019-11-09,7:26,6.517499923706055
DA127,2019-11-09,12:03,26.59659004211426
DA127,2019-11-09,17:00,71.257080078125
DA128,2019-11-10,08:00,9.509699821472168
DA128,2019-11-10,11:05,40.01736068725586
DA128,2019-11-10,17:00,24.13743019104004
DA128,2019-11-10,19:51,22.54730033874512
DA128,2019-11-11,8:10,13.03499984741211
DA128,2019-11-11,12:35,27.95443916320801
DA128,2019-11-11,17:00,70.97281646728516
DA128,2019-11-12,6:20,14.3774995803833
DA128,2019-11-12,12:43,15.55910968780518
DA128,2019-11-12,16:36,39.73804092407227
DA128,2019-11-12,19:36,11.27365016937256
DA128,2019-11-13,8:00,24.36823081970215
DA128,2019-11-13,12:50,38.33806991577148
DA128,2019-11-13,17:00,17.99015998840332
DA128,2019-11-14,08:00,24.36823081970215
DA128,2019-11-14,12:00,26.26078987121582
DA128,2019-11-14,17:36,31.20734977722168
DA128,2019-11-14,21:06,11.27365016937256
DA128,2019-11-15,7:20,6.517499923706055
DA128,2019-11-15,12:00,37.54645919799805
DA128,2019-11-15,17:51,76.50521087646484
DA128,2019-11-15,21:58,17.80744934082031
DA128,2019-11-08,08:00,33.97999954223633
DA128,2019-11-08,12:00,9.598139762878418
DA128,2019-11-08,16:36,32.52809906005859
DA128,2019-11-09,6:50,6.517499923706055
DA128,2019-11-09,11:50,26.59659004211426
DA128,2019-11-09,17:00,71.257080078125
DA128,2019-11-09,19:41,11.27365016937256
DA131,2019-11-10,08:00,9.509699821472168
DA131,2019-11-10,12:00,40.01736068725586
DA131,2019-11-10,17:00,24.13743019104004
DA131,2019-11-11,6:54,13.03499984741211
DA131,2019-11-11,12:09,27.95443916320801
DA131,2019-11-11,16:23,70.97281646728516
DA131,2019-11-12,7:24,14.3774995803833
DA131,2019-11-12,12:00,15.55910968780518
DA131,2019-11-12,17:00,39.73804092407227
DA131,2019-11-12,19:43,11.27365016937256
DA131,2019-11-13,6:24,24.36823081970215
DA131,2019-11-13,12:09,38.33806991577148
DA131,2019-11-13,16:08,17.99015998840332
DA131,2019-11-14,6:44,24.36823081970215
DA131,2019-11-14,12:09,26.26078987121582
DA131,2019-11-14,16:03,31.20734977722168
DA131,2019-11-14,20:38,11.27365016937256
DA131,2019-11-15,8:19,6.517499923706055
DA131,2019-11-15,12:00,37.54645919799805
DA131,2019-11-15,17:00,76.50521087646484
DA131,2019-11-15,21:31,17.80744934082031
DA131,2019-11-08,08:00,33.97999954223633
DA131,2019-11-08,12:00,9.598139762878418
DA131,2019-11-08,17:31,32.52809906005859
DA131,2019-11-09,08:00,6.517499923706055
DA131,2019-11-09,12:00,26.59659004211426
DA131,2019-11-09,17:00,71.257080078125
DA131,2019-11-09,21:08,11.27365016937256
DA132,2019-11-10,8:48,9.509699821472168
DA132,2019-11-10,12:00,40.01736068725586
DA132,2019-11-10,17:00,24.13743019104004
DA132,2019-11-11,7:09,13.03499984741211
DA132,2019-11-11,12:17,27.95443916320801
DA132,2019-11-11,17:00,70.97281646728516
DA132,2019-11-12,8:54,14.3774995803833
DA132,2019-11-12,12:00,15.55910968780518
DA132,2019-11-12,17:10,39.73804092407227
DA132,2019-11-12,21:47,11.27365016937256
DA132,2019-11-13,08:00,24.36823081970215
DA132,2019-11-13,11:20,38.33806991577148
DA132,2019-11-13,17:34,17.99015998840332
DA132,2019-11-14,7:24,24.36823081970215
DA132,2019-11-14,12:32,26.26078987121582
DA132,2019-11-14,17:00,31.20734977722168
DA132,2019-11-14,21:17,11.27365016937256
DA132,2019-11-15,08:00,6.517499923706055
DA132,2019-11-15,11:51,37.54645919799805
DA132,2019-11-15,16:45,76.50521087646484
DA132,2019-11-15,21:47,17.80744934082031
DA132,2019-11-08,08:00,33.97999954223633
DA132,2019-11-08,11:39,9.598139762878418
DA132,2019-11-08,17:00,32.52809906005859
DA132,2019-11-09,7:24,6.517499923706055
DA132,2019-11-09,12:00,26.59659004211426
DA132,2019-11-09,17:00,71.257080078125
DA132,2019-11-09,19:49,11.27365016937256
DA133,2019-11-10,7:49,11.27365016937256
DA133,2019-11-10,12:00,33.49985885620117
DA133,2019-11-10,17:00,20.8786792755127
DA133,2019-11-11,6:57,9.776249885559082
DA133,2019-11-11,11:54,14.91944026947021
DA133,2019-11-11,17:26,70.97281646728516
DA133,2019-11-11,22:04,11.27365016937256
DA133,2019-11-12,12:00,22.07661056518555
DA133,2019-11-12,17:41,39.73804092407227
DA133,2019-11-12,22:01,11.27365016937256
DA133,2019-11-13,8:07,10.04049968719482
DA133,2019-11-13,12:49,38.33806991577148
DA133,2019-11-13,17:00,21.24891090393066
DA133,2019-11-14,08:00,24.36823081970215
DA133,2019-11-14,12:00,20.42176055908203
DA133,2019-11-14,16:56,31.20734977722168
DA133,2019-11-14,22:26,11.27365016937256
DA133,2019-11-15,8:56,10.04049968719482
DA133,2019-11-15,12:49,22.16307067871094
DA133,2019-11-15,17:26,15.78404998779297
DA133,2019-11-15,21:51,11.27365016937256
DA133,2019-11-08,08:00,33.97999954223633
DA133,2019-11-08,12:00,9.266550064086914
DA133,2019-11-08,16:41,29.26935005187988
DA133,2019-11-08,19:11,11.27365016937256
DA133,2019-11-09,8:01,13.23999977111816
DA133,2019-11-09,12:00,29.85533905029297
DA133,2019-11-09,17:00,58.22208023071289
DA134,2019-11-10,08:00,11.27365016937256
DA134,2019-11-10,12:00,33.49985885620117
DA134,2019-11-10,16:10,20.8786792755127
DA134,2019-11-10,22:14,2.009700059890747
DA134,2019-11-11,7:25,9.776249885559082
DA134,2019-11-11,12:43,14.91944026947021
DA134,2019-11-11,17:29,67.71407318115234
DA134,2019-11-11,22:59,11.27365016937256
DA134,2019-11-12,12:36,22.07661056518555
DA134,2019-11-12,16:54,39.73804092407227
DA134,2019-11-12,21:09,7.5
DA134,2019-11-13,7:59,10.04049968719482
DA134,2019-11-13,12:00,44.85557174682617
DA134,2019-11-13,17:00,21.24891090393066
DA134,2019-11-13,22:44,11.27365016937256
DA134,2019-11-14,8:13,24.36823081970215
DA134,2019-11-14,12:36,20.42176055908203
DA134,2019-11-14,17:00,31.20734977722168
DA134,2019-11-14,19:36,11.27365016937256
DA134,2019-11-15,08:00,10.04049968719482
DA134,2019-11-15,12:00,22.16307067871094
DA134,2019-11-15,17:00,15.78404998779297
DA134,2019-11-15,19:59,11.27365016937256
DA134,2019-11-08,08:00,33.97999954223633
DA134,2019-11-08,12:43,9.266550064086914
DA134,2019-11-08,16:59,35.78684997558594
DA134,2019-11-09,7:14,13.23999977111816
DA134,2019-11-09,12:00,26.59659004211426
DA134,2019-11-09,17:00,58.22208023071289
DA135,2019-11-10,08:00,11.27365016937256
DA135,2019-11-10,12:00,33.49985885620117
DA135,2019-11-10,17:00,20.8786792755127
DA135,2019-11-10,19:55,2.009700059890747
DA135,2019-11-11,7:37,9.776249885559082
DA135,2019-11-11,12:00,14.91944026947021
DA135,2019-11-11,17:00,67.71407318115234
DA135,2019-11-11,19:45,11.27365016937256
DA135,2019-11-12,12:00,22.07661056518555
DA135,2019-11-12,17:00,39.73804092407227
DA135,2019-11-12,21:30,7.5
DA135,2019-11-13,7:30,10.04049968719482
DA135,2019-11-13,12:00,44.85557174682617
DA135,2019-11-13,16:52,21.24891090393066
DA135,2019-11-14,08:00,24.36823081970215
DA135,2019-11-14,12:00,20.42176055908203
DA135,2019-11-14,17:45,31.20734977722168
DA135,2019-11-14,21:15,11.27365016937256
DA135,2019-11-15,08:00,10.04049968719482
DA135,2019-11-15,12:00,22.16307067871094
DA135,2019-11-15,16:30,15.78404998779297
DA135,2019-11-15,22:37,11.27365016937256
DA135,2019-11-08,08:00,33.97999954223633
DA135,2019-11-08,12:00,9.266550064086914
DA135,2019-11-08,16:45,35.78684997558594
DA135,2019-11-08,21:37,11.27365016937256
DA135,2019-11-09,6:25,13.23999977111816
DA135,2019-11-09,13:00,26.59659004211426
DA135,2019-11-09,16:45,58.22208023071289
DA136,2019-11-10,08:00,9.509699821472168
DA136,2019-11-10,11:41,40.01736068725586
DA136,2019-11-10,16:50,24.13743019104004
DA136,2019-11-11,08:00,13.03499984741211
DA136,2019-11-11,12:00,27.95443916320801
DA136,2019-11-11,17:00,70.97281646728516
DA136,2019-11-12,8:16,14.3774995803833
DA136,2019-11-12,12:31,15.55910968780518
DA136,2019-11-12,17:30,39.73804092407227
DA136,2019-11-12,21:53,11.27365016937256
DA136,2019-11-13,7:08,24.36823081970215
DA136,2019-11-13,11:46,38.33806991577148
DA136,2019-11-13,17:00,17.99015998840332
DA136,2019-11-14,08:00,24.36823081970215
DA136,2019-11-14,11:01,26.26078987121582
DA136,2019-11-14,17:11,31.20734977722168
DA136,2019-11-14,21:23,11.27365016937256
DA136,2019-11-15,08:00,6.517499923706055
DA136,2019-11-15,12:00,37.54645919799805
DA136,2019-11-15,16:19,76.50521087646484
DA136,2019-11-15,21:34,17.80744934082031
DA136,2019-11-08,08:00,33.97999954223633
DA136,2019-11-08,12:23,9.598139762878418
DA136,2019-11-08,18:00,32.52809906005859
DA136,2019-11-09,8:49,6.517499923706055
DA136,2019-11-09,12:00,26.59659004211426
DA136,2019-11-09,17:00,71.257080078125
DA136,2019-11-09,21:53,11.27365016937256
DA137,2019-11-10,7:46,11.27365016937256
DA137,2019-11-10,12:00,33.49985885620117
DA137,2019-11-10,17:00,20.8786792755127
DA137,2019-11-10,20:00,2.009700059890747
DA137,2019-11-11,8:16,9.776249885559082
DA137,2019-11-11,12:54,14.91944026947021
DA137,2019-11-11,17:00,67.71407318115234
DA137,2019-11-11,19:02,11.27365016937256
DA137,2019-11-12,12:00,22.07661056518555
DA137,2019-11-12,17:32,39.73804092407227
DA137,2019-11-12,21:02,7.5
DA137,2019-11-13,7:09,10.04049968719482
DA137,2019-11-13,12:46,44.85557174682617
DA137,2019-11-13,17:00,21.24891090393066
DA137,2019-11-14,08:00,24.36823081970215
DA137,2019-11-14,12:00,20.42176055908203
DA137,2019-11-14,17:00,31.20734977722168
DA137,2019-11-14,21:24,11.27365016937256
DA137,2019-11-15,8:50,10.04049968719482
DA137,2019-11-15,12:00,22.16307067871094
DA137,2019-11-15,16:52,15.78404998779297
DA137,2019-11-15,22:17,11.27365016937256
DA137,2019-11-08,08:00,33.97999954223633
DA137,2019-11-08,12:00,9.266550064086914
DA137,2019-11-08,16:32,35.78684997558594
DA137,2019-11-08,20:24,11.27365016937256
DA137,2019-11-09,08:00,13.23999977111816
DA137,2019-11-09,12:00,26.59659004211426
DA137,2019-11-09,16:39,58.22208023071289
DA138,2019-11-10,08:00,9.509699821472168
DA138,2019-11-10,12:00,40.01736068725586
DA138,2019-11-10,17:00,24.13743019104004
DA138,2019-11-11,08:00,13.03499984741211
DA138,2019-11-11,12:00,27.95443916320801
DA138,2019-11-11,17:00,70.97281646728516
DA138,2019-11-12,6:44,14.3774995803833
DA138,2019-11-12,11:49,15.55910968780518
DA138,2019-11-12,17:41,39.73804092407227
DA138,2019-11-12,22:03,11.27365016937256
DA138,2019-11-13,08:00,24.36823081970215
DA138,2019-11-13,11:03,38.33806991577148
DA138,2019-11-13,17:00,17.99015998840332
DA138,2019-11-14,08:00,24.36823081970215
DA138,2019-11-14,12:00,26.26078987121582
DA138,2019-11-14,17:00,31.20734977722168
DA138,2019-11-14,22:09,11.27365016937256
DA138,2019-11-15,08:00,6.517499923706055
DA138,2019-11-15,12:00,37.54645919799805
DA138,2019-11-15,17:00,76.50521087646484
DA138,2019-11-15,20:39,17.80744934082031
DA138,2019-11-08,08:00,33.97999954223633
DA138,2019-11-08,12:48,9.598139762878418
DA138,2019-11-08,16:33,32.52809906005859
DA138,2019-11-09,7:59,6.517499923706055
DA138,2019-11-09,12:00,26.59659004211426
DA138,2019-11-09,17:00,71.257080078125
DA138,2019-11-09,19:44,11.27365016937256
DA139,2019-11-10,08:00,9.509699821472168
DA139,2019-11-10,12:00,36.75860977172852
DA139,2019-11-10,16:40,24.13743019104004
DA139,2019-11-11,7:50,6.517499923706055
DA139,2019-11-11,12:42,27.95443916320801
DA139,2019-11-11,17:00,70.97281646728516
DA139,2019-11-12,08:00,14.3774995803833
DA139,2019-11-12,12:00,15.55910968780518
DA139,2019-11-12,17:00,36.47929000854492
DA139,2019-11-13,7:35,24.36823081970215
DA139,2019-11-13,12:57,38.33806991577148
DA139,2019-11-13,17:00,17.99015998840332
DA139,2019-11-14,08:00,24.36823081970215
DA139,2019-11-14,11:09,23.00204086303711
DA139,2019-11-14,17:00,31.20734977722168
DA139,2019-11-15,08:00,6.517499923706055
DA139,2019-11-15,12:00,37.54645919799805
DA139,2019-11-15,16:08,73.2464599609375
DA139,2019-11-08,08:00,33.97999954223633
DA139,2019-11-08,11:50,12.85688972473145
DA139,2019-11-08,17:00,29.26935005187988
DA139,2019-11-09,7:50,6.517499923706055
DA139,2019-11-09,12:00,26.59659004211426
DA139,2019-11-09,17:00,71.257080078125
DA140,2019-11-10,7:43,11.27365016937256
DA140,2019-11-10,11:50,33.49985885620117
DA140,2019-11-10,17:00,20.8786792755127
DA140,2019-11-10,20:00,2.009700059890747
DA140,2019-11-11,7:13,9.776249885559082
DA140,2019-11-11,12:43,14.91944026947021
DA140,2019-11-11,17:00,67.71407318115234
DA140,2019-11-11,19:26,11.27365016937256
DA140,2019-11-12,12:00,22.07661056518555
DA140,2019-11-12,17:21,39.73804092407227
DA140,2019-11-12,21:11,7.5
DA140,2019-11-13,08:00,10.04049968719482
DA140,2019-11-13,12:00,44.85557174682617
DA140,2019-11-13,17:00,21.24891090393066
DA140,2019-11-14,08:00,24.36823081970215
DA140,2019-11-14,12:00,20.42176055908203
DA140,2019-11-14,16:31,31.20734977722168
DA140,2019-11-14,20:51,11.27365016937256
DA140,2019-11-15,7:35,10.04049968719482
DA140,2019-11-15,12:00,22.16307067871094
DA140,2019-11-15,16:17,15.78404998779297
DA140,2019-11-15,22:28,11.27365016937256
DA140,2019-11-08,08:00,33.97999954223633
DA140,2019-11-08,11:20,9.266550064086914
DA140,2019-11-08,17:06,35.78684997558594
DA140,2019-11-08,19:28,11.27365016937256
DA140,2019-11-09,8:45,13.23999977111816
DA140,2019-11-09,12:00,26.59659004211426
DA140,2019-11-09,16:21,58.22208023071289
DA141,2019-11-15,12:00,27.3864803314209
DA141,2019-11-15,16:18,50.41172027587891
DA141,2019-11-15,21:32,14.72760009765625
DA141,2019-11-16,08:00,14.65285968780518
DA141,2019-11-16,12:00,26.24990081787109
DA141,2019-11-16,17:42,23.73855018615723
DA141,2019-11-16,21:35,1.346498966217041
DA141,2019-11-17,08:00,15.80000019073486
DA141,2019-11-17,12:00,16.7402400970459
DA141,2019-11-17,17:00,39.48091888427734
DA141,2019-11-17,21:02,13.06760025024414
DA141,2019-11-18,08:00,14.55786037445068
DA141,2019-11-18,11:01,19.52030944824219
DA141,2019-11-18,17:18,13.87294960021973
DA141,2019-11-18,22:12,1.346498966217041
DA141,2019-11-19,08:00,14.27661037445068
DA141,2019-11-19,12:00,27.61804962158203
DA141,2019-11-19,17:00,60.30617904663086
DA141,2019-11-19,21:12,80.89729309082031
DA141,2019-11-20,8:07,18.99534034729004
DA141,2019-11-20,12:00,25.73971939086914
DA141,2019-11-20,17:00,41.56610107421875
DA141,2019-11-20,22:12,3.506499052047729
DA141,2019-11-21,08:00,15.93286037445068
DA141,2019-11-21,12:00,24.37339973449707
DA141,2019-11-21,17:05,42.70592880249023
DA141,2019-11-21,20:00,1.0
DA141,2019-11-22,7:05,15.73285961151123
DA141,2019-11-22,12:00,26.5302791595459
DA141,2019-11-22,17:00,28.24456024169922
DA141,2019-11-23,7:05,17.4128589630127
DA141,2019-11-23,11:37,20.12375068664551
DA141,2019-11-23,17:00,23.73855018615723
DA141,2019-11-24,8:37,15.80000019073486
DA141,2019-11-24,12:00,21.48023986816406
DA141,2019-11-24,16:52,25.27397918701172
DA141,2019-11-25,7:05,14.55786037445068
DA141,2019-11-25,12:00,25.84542083740234
DA141,2019-11-25,17:00,20.3115406036377
DA141,2019-11-26,08:00,15.90785980224609
DA141,2019-11-26,12:00,27.61804962158203
DA141,2019-11-26,17:00,60.30617904663086
DA141,2019-11-26,20:05,2.680000066757202
DA141,2019-11-27,7:28,20.2403392791748
DA141,2019-11-27,12:22,25.73971939086914
DA141,2019-11-27,17:48,32.07297897338867
DA141,2019-11-27,22:35,0.375
DA141,2019-11-28,,14.83285999298096
DA141,2019-11-28,,13.64000034332275
DA141,2019-11-28,,39.83087921142578
DA141,2019-11-28,,1.679999947547913
DA141,2019-11-29,,15.73285961151123
DA141,2019-11-29,,27.3864803314209
DA141,2019-11-29,,33.10205078125
DA142,2019-11-15,12:05,26.45366668701172
DA142,2019-11-15,17:00,47.49222564697266
DA142,2019-11-15,20:00,8.300000190734863
DA142,2019-11-16,08:00,14.65285968780518
DA142,2019-11-16,12:00,25.12505340576172
DA142,2019-11-16,17:00,21.11667060852051
DA142,2019-11-16,21:04,13.06760025024414
DA142,2019-11-17,8:15,15.80000019073486
DA142,2019-11-17,12:00,15.15513038635254
DA142,2019-11-17,17:00,38.04339599609375
DA142,2019-11-17,21:30,3.376296043395996
DA142,2019-11-18,8:30,13.73285961151123
DA142,2019-11-18,12:00,11.61775493621826
DA142,2019-11-18,17:00,12.2869348526001
DA142,2019-11-18,19:22,6.640000343322754
DA142,2019-11-19,7:37,13.73285961151123
DA142,2019-11-19,12:45,26.89928817749023
DA142,2019-11-19,17:15,60.30617904663086
DA142,2019-11-19,22:15,1.346498966217041
DA142,2019-11-20,7:45,19.41033935546875
DA142,2019-11-20,12:45,24.15370559692383
DA142,2019-11-20,17:00,38.6910514831543
DA142,2019-11-21,7:37,15.93286037445068
DA142,2019-11-21,12:45,21.69005012512207
DA142,2019-11-21,17:00,40.54964065551758
DA142,2019-11-21,20:00,4.980000019073486
DA142,2019-11-22,7:37,15.23285961151123
DA142,2019-11-22,12:45,24.37399291992188
DA142,2019-11-22,17:45,26.65854454040527
DA142,2019-11-23,7:52,16.49286079406738
DA142,2019-11-23,12:00,17.87405586242676
DA142,2019-11-23,17:00,23.08308029174805
DA142,2019-11-24,7:00,15.80000019073486
DA142,2019-11-24,12:00,21.48023986816406
DA142,2019-11-24,17:00,23.83645439147949
DA142,2019-11-24,19:30,7.5
DA142,2019-11-25,7:45,17.03285980224609
DA142,2019-11-25,12:00,19.52030944824219
DA142,2019-11-25,17:19,18.72552680969238
DA142,2019-11-25,22:37,3.320000171661377
DA142,2019-11-26,7:45,14.27661037445068
DA142,2019-11-26,12:37,26.1805248260498
DA142,2019-11-26,17:00,60.30617904663086
DA142,2019-11-26,21:07,5.0
DA142,2019-11-27,7:52,19.41033935546875
DA142,2019-11-27,12:45,24.15370559692383
DA142,2019-11-27,17:00,30.63545417785645
DA142,2019-11-27,22:15,4.666499137878418
DA142,2019-11-28,,14.83285999298096
DA142,2019-11-28,,19.00670051574707
DA142,2019-11-28,,41.26840591430664
DA142,2019-11-28,,14.74759960174561
DA142,2019-11-29,,14.73285961151123
DA142,2019-11-29,,25.52085494995117
DA142,2019-11-29,,31.15571975708008
DA142,2019-11-29,,2.029797077178955
DA143,2019-11-15,12:00,27.3864803314209
DA143,2019-11-15,17:00,50.41172027587891
DA143,2019-11-16,08:00,9.183119773864746
DA143,2019-11-16,12:00,26.24990081787109
DA143,2019-11-16,16:32,23.73855018615723
DA143,2019-11-17,8:57,15.80000019073486
DA143,2019-11-17,12:00,21.48023986816406
DA143,2019-11-17,17:57,39.48091888427734
DA143,2019-11-18,6:31,9.183119773864746
DA143,2019-11-18,12:00,19.52030944824219
DA143,2019-11-18,17:00,13.87294960021973
DA143,2019-11-19,8:16,6.724740028381348
DA143,2019-11-19,12:39,27.61804962158203
DA143,2019-11-19,17:47,60.30617904663086
DA143,2019-11-20,08:00,19.41033935546875
DA143,2019-11-20,12:00,24.15370559692383
DA143,2019-11-20,17:47,41.56610107421875
DA143,2019-11-21,6:16,15.93286037445068
DA143,2019-11-21,12:00,24.37339973449707
DA143,2019-11-21,17:00,42.70592880249023
DA143,2019-11-22,8:01,15.73285961151123
DA143,2019-11-22,12:31,26.5302791595459
DA143,2019-11-22,17:00,28.24456024169922
DA143,2019-11-23,8:39,17.4128589630127
DA143,2019-11-23,12:39,20.12375068664551
DA143,2019-11-23,17:00,23.73855018615723
DA143,2019-11-24,,15.80000019073486
DA143,2019-11-24,,21.48023986816406
DA143,2019-11-24,,25.27397918701172
DA143,2019-11-25,,14.55786037445068
DA143,2019-11-25,,13.19519996643066
DA143,2019-11-25,,20.3115406036377
DA143,2019-11-26,,15.90785980224609
DA143,2019-11-26,,27.61804962158203
DA143,2019-11-26,,60.30617904663086
DA143,2019-11-26,,1.679999947547913
DA143,2019-11-27,,20.2403392791748
DA143,2019-11-27,,25.73971939086914
DA143,2019-11-27,,32.07297897338867
DA143,2019-11-28,,14.83285999298096
DA143,2019-11-28,,19.00670051574707
DA143,2019-11-28,,41.26840591430664
DA143,2019-11-28,,1.679999947547913
DA143,2019-11-29,,15.73285961151123
DA143,2019-11-29,,27.3864803314209
DA143,2019-11-29,,33.10205078125
DA143,2019-11-29,,0.375
DA144,2019-11-15,08:00,7.34552001953125
DA144,2019-11-15,12:00,24.58804321289062
DA144,2019-11-15,16:48,5.713164806365967
DA144,2019-11-16,08:00,7.765520095825195
DA144,2019-11-16,12:00,8.992627143859863
DA144,2019-11-16,17:00,8.83416748046875
DA144,2019-11-17,8:33,24.10000038146973
DA144,2019-11-17,12:56,6.321277618408203
DA144,2019-11-17,17:00,13.42523002624512
DA144,2019-11-18,7:48,7.670519828796387
DA144,2019-11-18,12:00,8.435077667236328
DA144,2019-11-18,17:00,7.023237705230713
DA144,2019-11-19,08:00,7.389269828796387
DA144,2019-11-19,12:00,10.45951271057129
DA144,2019-11-19,16:24,5.302499771118164
DA144,2019-11-20,8:58,13.02213001251221
DA144,2019-11-20,12:00,9.989930152893066
DA144,2019-11-20,17:00,13.94652462005615
DA144,2019-11-20,20:39,0.125
DA144,2019-11-21,7:22,11.9452600479126
DA144,2019-11-21,12:48,9.64834976196289
DA144,2019-11-21,17:00,5.458762645721436
DA144,2019-11-22,7:33,7.34552001953125
DA144,2019-11-22,11:33,10.1875696182251
DA144,2019-11-22,17:00,10.61614036560059
DA144,2019-11-22,20:00,7.860000133514404
DA144,2019-11-23,6:48,7.765520095825195
DA144,2019-11-23,12:00,8.5859375
DA144,2019-11-23,17:00,9.48963737487793
DA144,2019-11-24,7:18,24.10000038146973
DA144,2019-11-24,12:00,8.925060272216797
DA144,2019-11-24,17:00,5.458762645721436
DA144,2019-11-24,19:33,7.860000133514404
DA144,2019-11-25,6:44,7.670519828796387
DA144,2019-11-25,12:00,6.853799819946289
DA144,2019-11-25,17:00,5.533007621765137
DA144,2019-11-26,08:00,7.389269828796387
DA144,2019-11-26,12:00,10.45951271057129
DA144,2019-11-26,17:00,18.63154411315918
DA144,2019-11-26,22:11,1.679999947547913
DA144,2019-11-27,08:00,5.060084819793701
DA144,2019-11-27,12:00,9.989930152893066
DA144,2019-11-27,17:00,11.57324504852295
DA144,2019-11-28,,7.395520210266113
DA144,2019-11-28,,9.64834976196289
DA144,2019-11-28,,14.23148250579834
DA144,2019-11-28,,1.679999947547913
DA144,2019-11-29,,7.34552001953125
DA144,2019-11-29,,10.40161991119385
DA144,2019-11-29,,11.83051204681396
DA145,2019-11-15,7:35,24.60561943054199
DA145,2019-11-15,12:00,24.21068000793457
DA145,2019-11-15,17:00,47.23591995239258
DA145,2019-11-16,7:28,18.9168701171875
DA145,2019-11-16,12:58,26.24990081787109
DA145,2019-11-16,17:00,20.5627498626709
DA145,2019-11-17,7:20,24.10000038146973
DA145,2019-11-17,12:15,18.30443954467773
DA145,2019-11-17,17:51,36.30511856079102
DA145,2019-11-18,7:35,25.90562057495117
DA145,2019-11-18,11:43,16.34450912475586
DA145,2019-11-18,17:00,10.69715023040771
DA145,2019-11-19,6:35,20.75534057617188
DA145,2019-11-19,12:20,24.4422492980957
DA145,2019-11-19,17:51,1.564200043678284
DA145,2019-11-20,08:00,8.472390174865723
DA145,2019-11-20,12:00,6.814129829406738
DA145,2019-11-20,16:21,14.66528797149658
DA145,2019-11-21,8:45,9.691300392150879
DA145,2019-11-21,12:00,9.64834976196289
DA145,2019-11-21,17:00,6.177525043487549
DA145,2019-11-22,7:00,10.14130020141602
DA145,2019-11-22,12:00,15.63514041900635
DA145,2019-11-22,17:06,14.18601512908936
DA145,2019-11-23,6:55,10.06130027770996
DA145,2019-11-23,12:28,12.43187522888184
DA145,2019-11-23,16:36,22.42761039733887
DA145,2019-11-24,08:00,32.40000152587891
DA145,2019-11-24,11:32,6.555059909820557
DA145,2019-11-24,17:51,3.088762521743774
DA145,2019-11-24,21:41,7.860000133514404
DA145,2019-11-25,08:00,9.966300010681152
DA145,2019-11-25,12:00,8.967599868774414
DA145,2019-11-25,16:24,6.326014995574951
DA145,2019-11-26,08:00,11.98083019256592
DA145,2019-11-26,12:00,16.17902565002441
DA145,2019-11-26,16:16,48.93154525756836
DA145,2019-11-26,20:58,1.679999947547913
DA145,2019-11-27,7:35,11.18317031860352
DA145,2019-11-27,11:35,12.07685279846191
DA145,2019-11-27,17:00,13.72953224182129
DA145,2019-11-28,,9.691300392150879
DA145,2019-11-28,,9.64834976196289
DA145,2019-11-28,,14.23148250579834
DA145,2019-11-28,,1.679999947547913
DA145,2019-11-29,,9.641300201416016
DA145,2019-11-29,,10.40161991119385
DA145,2019-11-29,,17.94786071777344
DA146,2019-11-15,11:37,25.52085494995117
DA146,2019-11-15,17:00,48.46538925170898
DA146,2019-11-15,20:37,2.029797077178955
DA146,2019-11-16,7:37,14.65285968780518
DA146,2019-11-16,12:30,24.00020408630371
DA146,2019-11-16,17:18,22.42761039733887
DA146,2019-11-16,21:22,4.980000019073486
DA146,2019-11-17,8:30,15.80000019073486
DA146,2019-11-17,12:00,18.31768417358398
DA146,2019-11-17,16:12,38.04339599609375
DA146,2019-11-18,08:00,14.55786037445068
DA146,2019-11-18,12:00,16.35775566101074
DA146,2019-11-18,16:34,12.2869348526001
DA146,2019-11-18,21:48,2.009700059890747
DA146,2019-11-19,08:00,19.12409019470215
DA146,2019-11-19,11:13,26.1805248260498
DA146,2019-11-19,17:00,60.30617904663086
DA146,2019-11-19,19:37,6.640000343322754
DA146,2019-11-20,7:22,19.41033935546875
DA146,2019-11-20,12:47,24.15370559692383
DA146,2019-11-20,17:07,39.40981292724609
DA146,2019-11-21,08:00,14.28285980224609
DA146,2019-11-21,12:00,19.00670051574707
DA146,2019-11-21,17:00,41.98716735839844
DA146,2019-11-21,19:48,4.019400119781494
DA146,2019-11-22,08:00,14.73285961151123
DA146,2019-11-22,11:07,24.37399291992188
DA146,2019-11-22,17:00,25.86553764343262
DA146,2019-11-23,8:58,16.49286079406738
DA146,2019-11-23,12:00,15.62436008453369
DA146,2019-11-23,17:52,23.08308029174805
DA146,2019-11-24,8:00,15.80000019073486
DA146,2019-11-24,12:00,19.89896202087402
DA146,2019-11-24,16:52,23.83645439147949
DA146,2019-11-24,19:37,3.320000171661377
DA146,2019-11-25,8:22,17.03285980224609
DA146,2019-11-25,12:00,13.19519996643066
DA146,2019-11-25,17:00,18.72552680969238
DA146,2019-11-26,6:30,15.90785980224609
DA146,2019-11-26,12:22,26.1805248260498
DA146,2019-11-26,17:00,56.51463317871094
DA146,2019-11-26,21:53,3.026499032974243
DA146,2019-11-27,08:00,19.41033935546875
DA146,2019-11-27,12:00,24.15370559692383
DA146,2019-11-27,17:00,30.63545417785645
DA146,2019-11-27,21:12,13.06760025024414
DA146,2019-11-28,,14.28285980224609
DA146,2019-11-28,,19.00670051574707
DA146,2019-11-28,,41.26840591430664
DA146,2019-11-28,,4.372997760772705
DA146,2019-11-29,,14.73285961151123
DA146,2019-11-29,,25.52085494995117
DA146,2019-11-29,,31.15571975708008
DA147,2019-11-15,08:00,14.73285961151123
DA147,2019-11-15,12:00,12.76042747497559
DA147,2019-11-15,16:15,37.59695434570312
DA147,2019-11-16,08:00,17.4128589630127
DA147,2019-11-16,12:00,15.3746452331543
DA147,2019-11-16,16:30,21.36854934692383
DA147,2019-11-17,08:00,24.10000038146973
DA147,2019-11-17,11:05,12.32139778137207
DA147,2019-11-17,17:34,34.14883422851562
DA147,2019-11-18,8:15,14.55786037445068
DA147,2019-11-18,12:00,8.695110321044922
DA147,2019-11-18,17:00,6.936474800109863
DA147,2019-11-19,08:00,14.27661037445068
DA147,2019-11-19,12:00,23.81052589416504
DA147,2019-11-19,16:30,1.564200043678284
DA147,2019-11-20,6:49,14.40377998352051
DA147,2019-11-20,12:45,7.619929790496826
DA147,2019-11-20,17:10,11.57652473449707
DA147,2019-11-21,08:00,7.395520210266113
DA147,2019-11-21,12:00,7.278349876403809
DA147,2019-11-21,17:10,3.088762521743774
DA147,2019-11-22,7:39,7.34552001953125
DA147,2019-11-22,12:54,7.817570209503174
DA147,2019-11-22,17:00,11.0230073928833
DA147,2019-11-23,8:15,7.765520095825195
DA147,2019-11-23,12:00,5.41013765335083
DA147,2019-11-23,17:00,3.025470018386841
DA147,2019-11-24,08:00,31.60000038146973
DA147,2019-11-24,12:00,5.749259948730469
DA147,2019-11-24,17:00,3.088762521743774
DA147,2019-11-24,20:32,7.860000133514404
DA147,2019-11-25,8:15,7.670519828796387
DA147,2019-11-25,12:30,4.483799934387207
DA147,2019-11-25,17:15,3.163007497787476
DA147,2019-11-26,08:00,7.389269828796387
DA147,2019-11-26,12:00,8.089512825012207
DA147,2019-11-26,17:00,46.56154632568359
DA147,2019-11-27,8:24,8.472390174865723
DA147,2019-11-27,12:00,7.619929790496826
DA147,2019-11-27,17:49,8.397444725036621
DA147,2019-11-28,,7.395520210266113
DA147,2019-11-28,,7.278349876403809
DA147,2019-11-28,,11.05568218231201
DA147,2019-11-28,,1.679999947547913
DA147,2019-11-29,,7.34552001953125
DA147,2019-11-29,,2.497012615203857
DA147,2019-11-29,,9.460512161254883
DA147,2019-11-29,,18.04759979248047
DA149,2019-11-15,6:42,3.433214902877808
DA149,2019-11-15,12:02,2.117812395095825
DA149,2019-11-15,17:00,2.158164978027344
DA149,2019-11-15,20:20,9.853799819946289
DA149,2019-11-16,7:28,3.433214902877808
DA149,2019-11-16,12:13,3.555000066757202
DA149,2019-11-16,17:01,11.86927509307861
DA149,2019-11-16,20:00,11.5137996673584
DA149,2019-11-17,08:00,15.80000019073486
DA149,2019-11-17,11:17,13.34390258789062
DA149,2019-11-17,17:00,30.79569053649902
DA149,2019-11-18,08:00,12.77464485168457
DA149,2019-11-18,12:00,17.40650939941406
DA149,2019-11-18,17:00,9.132949829101562
DA149,2019-11-19,8:28,15.90785980224609
DA149,2019-11-19,11:43,26.89928817749023
DA149,2019-11-19,17:00,55.56618118286133
DA149,2019-11-20,7:43,16.28455924987793
DA149,2019-11-20,11:43,24.94671249389648
DA149,2019-11-20,17:00,7.615049839019775
DA149,2019-11-20,22:57,4.980000019073486
DA149,2019-11-21,8:13,13.73285961151123
DA149,2019-11-21,12:00,15.4734001159668
DA149,2019-11-21,17:00,24.44172668457031
DA149,2019-11-21,20:00,19.60140037536621
DA149,2019-11-22,8:28,6.049739837646484
DA149,2019-11-22,12:13,7.615049839019775
DA149,2019-11-22,17:00,27.45155334472656
DA149,2019-11-22,20:00,5.480000019073486
DA149,2019-11-23,7:35,13.27707958221436
DA149,2019-11-23,11:58,18.99890327453613
DA149,2019-11-23,17:00,23.08308029174805
DA149,2019-11-24,08:00,15.80000019073486
DA149,2019-11-24,11:13,17.29517936706543
DA149,2019-11-24,17:00,15.72575283050537
DA149,2019-11-25,7:43,10.29964447021484
DA149,2019-11-25,12:13,22.68286514282227
DA149,2019-11-25,17:00,7.119022369384766
DA149,2019-11-26,7:28,8.003865242004395
DA149,2019-11-26,12:13,27.61804962158203
DA149,2019-11-26,17:12,56.51463317871094
DA149,2019-11-26,19:27,1.679999947547913
DA149,2019-11-27,7:43,9.39721965789795
DA149,2019-11-27,11:50,7.119022369384766
DA149,2019-11-27,17:00,31.35421752929688
DA149,2019-11-27,20:00,6.53380012512207
DA149,2019-11-28,,11.98707962036133
DA149,2019-11-28,,21.69005012512207
DA149,2019-11-28,,41.98716735839844
DA149,2019-11-28,,1.679999947547913
DA149,2019-11-29,,12.93708038330078
DA149,2019-11-29,,21.7248592376709
DA149,2019-11-29,,32.12888336181641
DA150,2019-11-15,7:31,9.141300201416016
DA150,2019-11-15,12:00,5.672812461853027
DA150,2019-11-15,17:00,6.262660026550293
DA150,2019-11-15,19:48,3.320000171661377
DA150,2019-11-16,08:00,15.57285976409912
DA150,2019-11-16,11:29,21.75050926208496
DA150,2019-11-16,17:48,7.361879825592041
DA150,2019-11-16,22:31,13.06760025024414
DA150,2019-11-17,08:00,8.300000190734863
DA150,2019-11-17,12:00,11.065110206604
DA150,2019-11-17,17:00,37.32463073730469
DA150,2019-11-17,19:23,13.06760025024414
DA150,2019-11-18,08:00,13.73285961151123
DA150,2019-11-18,12:00,9.483832359313965
DA150,2019-11-18,17:00,11.49392795562744
DA150,2019-11-18,19:13,4.980000019073486
DA150,2019-11-19,7:39,13.73285961151123
DA150,2019-11-19,12:09,25.46176338195801
DA150,2019-11-19,17:08,52.72309112548828
DA150,2019-11-19,21:13,13.06760025024414
DA150,2019-11-20,08:00,9.812219619750977
DA150,2019-11-20,12:00,18.62069702148438
DA150,2019-11-20,17:00,0.7187625169754028
DA150,2019-11-20,21:08,1.346498966217041
DA150,2019-11-21,6:39,7.411610126495361
DA150,2019-11-21,12:09,9.64834976196289
DA150,2019-11-21,17:00,1.437525033950806
DA150,2019-11-21,20:28,4.980000019073486
DA150,2019-11-22,8:39,12.43708038330078
DA150,2019-11-22,12:09,5.458762645721436
DA150,2019-11-22,17:00,15.69927215576172
DA150,2019-11-22,19:16,13.06760025024414
DA150,2019-11-23,7:31,7.765520095825195
DA150,2019-11-23,12:00,17.87405586242676
DA150,2019-11-23,17:00,6.050940036773682
DA150,2019-11-23,19:38,13.06760025024414
DA150,2019-11-24,08:00,15.80000019073486
DA150,2019-11-24,12:00,10.50633716583252
DA150,2019-11-24,17:00,6.177525043487549
DA150,2019-11-24,21:03,4.980000019073486
DA150,2019-11-25,6:59,6.84552001953125
DA150,2019-11-25,12:00,8.967599868774414
DA150,2019-11-25,17:00,5.533007621765137
DA150,2019-11-25,22:13,13.06760025024414
DA150,2019-11-26,8:39,9.141300201416016
DA150,2019-11-26,12:00,7.157037734985352
DA150,2019-11-26,17:53,52.72309112548828
DA150,2019-11-26,20:00,5.0
DA150,2019-11-27,7:39,14.81877994537354
DA150,2019-11-27,12:00,18.90377426147461
DA150,2019-11-27,17:00,30.63545417785645
DA150,2019-11-27,22:23,18.04759979248047
DA150,2019-11-28,,9.691300392150879
DA150,2019-11-28,,16.32335090637207
DA150,2019-11-28,,40.54964065551758
DA150,2019-11-28,,14.74759960174561
DA150,2019-11-29,,12.43708038330078
DA150,2019-11-29,,15.13042736053467
DA150,2019-11-29,,32.12888336181641
DA150,2019-11-29,,13.06760025024414
DA151,2019-11-15,08:00,24.60561943054199
DA151,2019-11-15,12:00,27.3864803314209
DA151,2019-11-15,17:00,50.41172027587891
DA151,2019-11-15,21:27,14.53999996185303
DA151,2019-11-16,7:31,18.9168701171875
DA151,2019-11-16,12:00,26.24990081787109
DA151,2019-11-16,17:45,23.73855018615723
DA151,2019-11-16,22:15,4.980000019073486
DA151,2019-11-17,8:20,15.80000019073486
DA151,2019-11-17,12:00,21.48023986816406
DA151,2019-11-17,17:00,39.48091888427734
DA151,2019-11-18,08:00,25.90562057495117
DA151,2019-11-18,11:46,19.52030944824219
DA151,2019-11-18,17:11,13.87294960021973
DA151,2019-11-18,21:26,4.980000019073486
DA151,2019-11-19,7:38,20.75534057617188
DA151,2019-11-19,12:00,27.61804962158203
DA151,2019-11-19,17:00,60.30617904663086
DA151,2019-11-20,08:00,20.2403392791748
DA151,2019-11-20,11:31,25.73971939086914
DA151,2019-11-20,16:35,41.56610107421875
DA151,2019-11-21,08:00,20.78034019470215
DA151,2019-11-21,11:31,24.37339973449707
DA151,2019-11-21,17:00,42.70592880249023
DA151,2019-11-21,21:53,4.980000019073486
DA151,2019-11-22,7:46,20.5803394317627
DA151,2019-11-22,12:01,26.5302791595459
DA151,2019-11-22,17:00,28.24456024169922
DA151,2019-11-23,8:16,22.26033973693848
DA151,2019-11-23,12:16,20.12375068664551
DA151,2019-11-23,17:00,23.73855018615723
DA151,2019-11-23,19:26,21.76000022888184
DA151,2019-11-24,08:00,15.80000019073486
DA151,2019-11-24,12:00,21.48023986816406
DA151,2019-11-24,17:00,25.27397918701172
DA151,2019-11-25,08:00,21.88034057617188
DA151,2019-11-25,12:00,25.84542083740234
DA151,2019-11-25,17:00,20.3115406036377
DA151,2019-11-25,19:11,4.980000019073486
DA151,2019-11-26,08:00,20.75534057617188
DA151,2019-11-26,11:06,27.61804962158203
DA151,2019-11-26,17:35,60.30617904663086
DA151,2019-11-26,22:15,1.679999947547913
DA151,2019-11-27,7:31,20.2403392791748
DA151,2019-11-27,12:00,25.73971939086914
DA151,2019-11-27,17:00,32.07297897338867
DA151,2019-11-27,20:56,4.980000019073486
DA151,2019-11-28,8:16,20.78034019470215
DA151,2019-11-28,12:00,24.37339973449707
DA151,2019-11-28,17:00,42.70592880249023
DA151,2019-11-28,20:00,1.679999947547913
DA151,2019-11-29,,20.5803394317627
DA151,2019-11-29,,27.3864803314209
DA151,2019-11-29,,33.10205078125
DA151,2019-11-29,,8.300000190734863
DA152,2019-11-15,20:05,32.08140182495117
DA152,2019-11-16,08:00,11.43708038330078
DA152,2019-11-16,12:00,26.24990081787109
DA152,2019-11-16,17:00,18.99855041503906
DA152,2019-11-16,21:12,40.16899871826172
DA152,2019-11-17,08:00,15.80000019073486
DA152,2019-11-17,11:01,21.48023986816406
DA152,2019-11-17,17:52,39.48091888427734
DA152,2019-11-17,21:47,20.56760025024414
DA152,2019-11-18,08:00,4.549739837646484
DA152,2019-11-18,11:27,19.52030944824219
DA152,2019-11-18,17:02,13.87294960021973
DA152,2019-11-18,22:17,13.06760025024414
DA152,2019-11-19,8:01,2.274869918823242
DA152,2019-11-19,12:31,27.61804962158203
DA152,2019-11-19,17:00,4.739999771118164
DA152,2019-11-19,20:05,15.0
DA152,2019-11-20,7:46,18.5803394317627
DA152,2019-11-20,12:00,25.73971939086914
DA152,2019-11-20,17:00,41.56610107421875
DA152,2019-11-20,20:41,18.35379981994629
DA152,2019-11-21,7:54,6.749740123748779
DA152,2019-11-21,11:46,24.37339973449707
DA152,2019-11-21,17:32,7.615049839019775
DA152,2019-11-21,21:12,13.5
DA152,2019-11-22,08:00,15.73285961151123
DA152,2019-11-22,12:00,26.5302791595459
DA152,2019-11-22,17:00,28.24456024169922
DA152,2019-11-22,22:39,12.53380012512207
DA152,2019-11-23,7:35,17.4128589630127
DA152,2019-11-23,12:00,20.12375068664551
DA152,2019-11-23,17:00,23.73855018615723
DA152,2019-11-23,19:58,20.67379951477051
DA152,2019-11-24,12:16,21.48023986816406
DA152,2019-11-24,17:00,25.27397918701172
DA152,2019-11-25,08:00,7.670519828796387
DA152,2019-11-25,11:01,6.853799819946289
DA152,2019-11-25,17:00,5.533007621765137
DA152,2019-11-26,08:00,7.389269828796387
DA152,2019-11-26,11:57,10.45951271057129
DA152,2019-11-26,17:47,18.63154411315918
DA152,2019-11-26,22:32,1.679999947547913
DA152,2019-11-27,7:46,5.060084819793701
DA152,2019-11-27,12:00,9.989930152893066
DA152,2019-11-27,17:00,11.57324504852295
DA152,2019-11-28,8:16,15.93286037445068
DA152,2019-11-28,12:00,24.37339973449707
DA152,2019-11-28,17:00,37.9659309387207
DA152,2019-11-28,20:00,1.679999947547913
DA152,2019-11-29,,7.440865039825439
DA152,2019-11-29,,11.33443260192871
DA152,2019-11-29,,32.12888336181641
DA153,2019-11-15,08:00,7.34552001953125
DA153,2019-11-15,12:00,9.216620445251465
DA153,2019-11-15,17:59,14.97292995452881
DA153,2019-11-16,08:00,7.765520095825195
DA153,2019-11-16,12:00,8.932475090026855
DA153,2019-11-16,17:00,22.55355072021484
DA153,2019-11-17,7:59,15.80000019073486
DA153,2019-11-17,12:34,21.48023986816406
DA153,2019-11-17,17:29,39.48091888427734
DA153,2019-11-18,8:43,17.03285980224609
DA153,2019-11-18,12:00,19.52030944824219
DA153,2019-11-18,17:00,13.87294960021973
DA153,2019-11-19,6:53,15.90785980224609
DA153,2019-11-19,12:48,27.61804962158203
DA153,2019-11-19,17:00,60.30617904663086
DA153,2019-11-20,8:58,20.2403392791748
DA153,2019-11-20,12:00,25.73971939086914
DA153,2019-11-20,17:00,41.56610107421875
DA153,2019-11-21,08:00,20.78034019470215
DA153,2019-11-21,12:00,24.37339973449707
DA153,2019-11-21,16:03,42.70592880249023
DA153,2019-11-22,6:41,15.73285961151123
DA153,2019-11-22,12:04,26.5302791595459
DA153,2019-11-22,17:00,28.24456024169922
DA153,2019-11-23,7:48,17.4128589630127
DA153,2019-11-23,12:00,20.12375068664551
DA153,2019-11-23,17:00,23.73855018615723
DA153,2019-11-24,08:00,15.80000019073486
DA153,2019-11-24,12:00,21.48023986816406
DA153,2019-11-24,17:00,25.27397918701172
DA153,2019-11-25,08:00,7.670519828796387
DA153,2019-11-25,12:00,6.853799819946289
DA153,2019-11-25,17:00,5.533007621765137
DA153,2019-11-26,6:22,7.389269828796387
DA153,2019-11-26,12:00,10.45951271057129
DA153,2019-11-26,17:00,18.63154411315918
DA153,2019-11-27,8:11,5.060084819793701
DA153,2019-11-27,12:00,9.989930152893066
DA153,2019-11-27,17:00,11.57324504852295
DA153,2019-11-28,,3.983215093612671
DA153,2019-11-28,,6.093349933624268
DA153,2019-11-28,,10.67648220062256
DA153,2019-11-29,,15.73285961151123
DA153,2019-11-29,,27.3864803314209
DA153,2019-11-29,,33.10205078125
DA154,2019-11-15,7:05,14.23285961151123
DA154,2019-11-15,11:40,15.13042736053467
DA154,2019-11-15,17:58,48.46538925170898
DA154,2019-11-15,22:21,21.36759948730469
DA154,2019-11-16,08:00,14.65285968780518
DA154,2019-11-16,11:02,22.87535667419434
DA154,2019-11-16,17:56,21.77214050292969
DA154,2019-11-16,22:13,17.33699989318848
DA154,2019-11-17,7:05,15.80000019073486
DA154,2019-11-17,11:28,16.73640823364258
DA154,2019-11-17,17:00,38.04339599609375
DA154,2019-11-17,22:06,86.74779510498047
DA154,2019-11-18,7:28,13.73285961151123
DA154,2019-11-18,12:00,19.52030944824219
DA154,2019-11-18,16:36,10.70092010498047
DA154,2019-11-18,20:56,13.94260025024414
DA154,2019-11-19,7:28,14.27661037445068
DA154,2019-11-19,12:43,26.1805248260498
DA154,2019-11-19,16:58,4.739999771118164
DA154,2019-11-19,21:36,19.72170066833496
DA154,2019-11-20,7:35,10.227219581604
DA154,2019-11-20,12:05,23.36069679260254
DA154,2019-11-20,17:51,30.92205047607422
DA154,2019-11-20,21:58,9.853799819946289
DA154,2019-11-21,8:15,14.28285980224609
DA154,2019-11-21,12:43,10.10669994354248
DA154,2019-11-21,17:00,6.177525043487549
DA154,2019-11-21,20:21,17.08699989318848
DA154,2019-11-22,8:15,14.23285961151123
DA154,2019-11-22,12:25,15.63514041900635
DA154,2019-11-22,17:00,25.86553764343262
DA154,2019-11-22,21:51,10.55319976806641
DA154,2019-11-23,7:28,15.57285976409912
DA154,2019-11-23,11:35,16.74920845031738
DA154,2019-11-23,17:00,21.77214050292969
DA154,2019-11-23,20:51,20.39579963684082
DA154,2019-11-24,7:35,15.80000019073486
DA154,2019-11-24,12:05,17.1326847076416
DA154,2019-11-24,17:09,4.273762702941895
DA154,2019-11-24,22:51,16.38759994506836
DA154,2019-11-25,08:00,14.55786037445068
DA154,2019-11-25,12:00,13.19519996643066
DA154,2019-11-25,17:00,1.978007555007935
DA154,2019-11-25,22:11,18.04759979248047
DA154,2019-11-26,6:28,14.27661037445068
DA154,2019-11-26,12:50,26.1805248260498
DA154,2019-11-26,16:51,52.72309112548828
DA154,2019-11-26,21:01,8.213800430297852
DA154,2019-11-27,6:58,14.40377998352051
DA154,2019-11-27,12:15,23.36069679260254
DA154,2019-11-27,17:51,29.19792938232422
DA154,2019-11-27,21:41,12.2637996673584
DA154,2019-11-28,,14.83285999298096
DA154,2019-11-28,,19.00670051574707
DA154,2019-11-28,,41.26840591430664
DA154,2019-11-28,,13.19379997253418
DA154,2019-11-29,,14.23285961151123
DA154,2019-11-29,,10.40161991119385
DA154,2019-11-29,,31.15571975708008
DA154,2019-11-29,,97.22660064697266
DA156,2019-11-15,7:32,6.549739837646484
DA156,2019-11-15,12:00,15.13042736053467
DA156,2019-11-15,17:00,38.02062606811523
DA156,2019-11-16,8:54,15.57285976409912
DA156,2019-11-16,12:00,14.37010288238525
DA156,2019-11-16,17:00,23.73855018615723
DA156,2019-11-17,08:00,24.10000038146973
DA156,2019-11-17,12:00,14.69139766693115
DA156,2019-11-17,17:00,31.51445198059082
DA156,2019-11-18,08:00,16.20785903930664
DA156,2019-11-18,12:00,19.52030944824219
DA156,2019-11-18,17:00,13.87294960021973
DA156,2019-11-19,6:40,15.90785980224609
DA156,2019-11-19,12:20,26.89928817749023
DA156,2019-11-19,17:47,60.30617904663086
DA156,2019-11-20,7:55,15.39285945892334
DA156,2019-11-20,12:00,24.94671249389648
DA156,2019-11-20,17:00,40.12857437133789
DA156,2019-11-21,08:00,15.6806001663208
DA156,2019-11-21,11:09,24.37339973449707
DA156,2019-11-21,17:40,41.98716735839844
DA156,2019-11-22,8:54,10.14130020141602
DA156,2019-11-22,12:24,26.5302791595459
DA156,2019-11-22,16:17,15.00228977203369
DA156,2019-11-23,08:00,14.65285968780518
DA156,2019-11-23,12:00,22.3069896697998
DA156,2019-11-23,17:00,24.28870010375977
DA156,2019-11-24,08:00,24.10000038146973
DA156,2019-11-24,12:00,21.48023986816406
DA156,2019-11-24,17:00,28.7234992980957
DA156,2019-11-25,08:00,12.44130039215088
DA156,2019-11-25,12:00,25.84542083740234
DA156,2019-11-25,17:45,19.51853370666504
DA156,2019-11-26,08:00,11.31630039215088
DA156,2019-11-26,11:43,25.46176338195801
DA156,2019-11-26,17:19,50.20618057250977
DA156,2019-11-27,8:09,10.80130004882812
DA156,2019-11-27,12:00,24.94671249389648
DA156,2019-11-27,17:25,31.35421752929688
DA156,2019-11-28,,11.63903999328613
DA156,2019-11-28,,24.37339973449707
DA156,2019-11-28,,41.98716735839844
DA156,2019-11-29,,15.73285961151123
DA156,2019-11-29,,26.45366668701172
DA156,2019-11-29,,32.12888336181641
DA157,2019-11-15,8:47,15.73285961151123
DA157,2019-11-15,12:00,27.3864803314209
DA157,2019-11-15,17:22,50.41172027587891
DA157,2019-11-16,7:05,17.4128589630127
DA157,2019-11-16,11:32,26.24990081787109
DA157,2019-11-16,17:00,23.73855018615723
DA157,2019-11-17,6:50,15.80000019073486
DA157,2019-11-17,12:43,21.48023986816406
DA157,2019-11-17,17:00,39.48091888427734
DA157,2019-11-18,7:58,17.03285980224609
DA157,2019-11-18,11:28,19.52030944824219
DA157,2019-11-18,16:03,13.87294960021973
DA157,2019-11-19,8:47,15.90785980224609
DA157,2019-11-19,12:00,27.61804962158203
DA157,2019-11-19,17:12,60.30617904663086
DA157,2019-11-20,7:13,20.2403392791748
DA157,2019-11-20,12:13,25.73971939086914
DA157,2019-11-20,17:57,41.56610107421875
DA157,2019-11-21,7:05,20.78034019470215
DA157,2019-11-21,12:00,24.37339973449707
DA157,2019-11-21,17:42,42.70592880249023
DA157,2019-11-22,7:13,20.5803394317627
DA157,2019-11-22,12:32,26.5302791595459
DA157,2019-11-22,17:22,28.24456024169922
DA157,2019-11-23,7:20,17.4128589630127
DA157,2019-11-23,12:02,20.12375068664551
DA157,2019-11-23,17:42,23.73855018615723
DA157,2019-11-24,08:00,8.300000190734863
DA157,2019-11-24,11:43,21.48023986816406
DA157,2019-11-24,17:00,25.27397918701172
DA157,2019-11-25,7:20,21.88034057617188
DA157,2019-11-25,11:58,25.84542083740234
DA157,2019-11-25,16:27,20.3115406036377
DA157,2019-11-26,7:28,20.75534057617188
DA157,2019-11-26,12:00,27.61804962158203
DA157,2019-11-26,17:00,60.30617904663086
DA157,2019-11-27,7:20,15.39285945892334
DA157,2019-11-27,12:43,25.73971939086914
DA157,2019-11-27,17:57,32.07297897338867
DA157,2019-11-28,,15.93286037445068
DA157,2019-11-28,,24.37339973449707
DA157,2019-11-28,,42.70592880249023
DA157,2019-11-29,,15.73285961151123
DA157,2019-11-29,,27.3864803314209
DA157,2019-11-29,,33.10205078125
DA158,2019-11-15,6:49,15.73285961151123
DA158,2019-11-15,11:20,16.99605178833008
DA158,2019-11-15,16:00,50.41172027587891
DA158,2019-11-16,6:30,17.4128589630127
DA158,2019-11-16,12:00,26.24990081787109
DA158,2019-11-16,17:10,23.73855018615723
DA158,2019-11-17,08:00,24.10000038146973
DA158,2019-11-17,11:00,17.29517936706543
DA158,2019-11-17,17:00,39.48091888427734
DA158,2019-11-18,8:45,12.44130039215088
DA158,2019-11-18,12:00,13.71143245697021
DA158,2019-11-18,17:30,13.87294960021973
DA158,2019-11-19,7:30,15.90785980224609
DA158,2019-11-19,12:00,27.61804962158203
DA158,2019-11-19,17:00,60.30617904663086
DA158,2019-11-20,8:22,15.39285945892334
DA158,2019-11-20,11:52,25.73971939086914
DA158,2019-11-20,17:15,40.84733581542969
DA158,2019-11-21,7:22,13.63708019256592
DA158,2019-11-21,12:00,17.24004936218262
DA158,2019-11-21,17:00,42.70592880249023
DA158,2019-11-22,6:30,15.23285961151123
DA158,2019-11-22,12:07,25.8115177154541
DA158,2019-11-22,17:00,15.00228977203369
DA158,2019-11-22,20:00,27.36759948730469
DA158,2019-11-23,08:00,10.06130027770996
DA158,2019-11-23,12:00,22.3069896697998
DA158,2019-11-23,17:15,24.28870010375977
DA158,2019-11-23,20:45,27.36759948730469
DA158,2019-11-24,08:00,24.10000038146973
DA158,2019-11-24,12:00,17.29517936706543
DA158,2019-11-24,16:25,39.33799743652344
DA158,2019-11-24,20:34,24.04759979248047
DA158,2019-11-25,7:22,17.03285980224609
DA158,2019-11-25,12:22,25.84542083740234
DA158,2019-11-25,17:00,13.3187780380249
DA158,2019-11-25,19:37,13.06760025024414
DA158,2019-11-26,7:30,13.61207962036133
DA158,2019-11-26,12:50,26.1805248260498
DA158,2019-11-26,16:25,60.30617904663086
DA158,2019-11-27,6:45,15.39285945892334
DA158,2019-11-27,11:39,25.73971939086914
DA158,2019-11-27,16:41,32.07297897338867
DA158,2019-11-28,,18.48456001281738
DA158,2019-11-28,,24.37339973449707
DA158,2019-11-28,,41.26840591430664
DA158,2019-11-29,,15.73285961151123
DA158,2019-11-29,,27.3864803314209
DA158,2019-11-29,,32.12888336181641
DA159,2019-11-15,7:31,15.73285961151123
DA159,2019-11-15,12:11,27.3864803314209
DA159,2019-11-15,17:00,50.41172027587891
DA159,2019-11-15,20:05,4.820000171661377
DA159,2019-11-16,7:16,17.4128589630127
DA159,2019-11-16,12:00,26.24990081787109
DA159,2019-11-16,17:00,23.73855018615723
DA159,2019-11-16,20:15,3.160000085830688
DA159,2019-11-17,08:00,15.80000019073486
DA159,2019-11-17,12:00,21.48023986816406
DA159,2019-11-17,17:00,39.48091888427734
DA159,2019-11-17,20:41,12.36400032043457
DA159,2019-11-18,08:00,17.03285980224609
DA159,2019-11-18,12:00,19.52030944824219
DA159,2019-11-18,16:41,13.87294960021973
DA159,2019-11-18,21:08,7.680000305175781
DA159,2019-11-19,7:41,15.90785980224609
DA159,2019-11-19,12:08,27.61804962158203
DA159,2019-11-19,17:30,60.30617904663086
DA159,2019-11-19,21:23,3.509700059890747
DA159,2019-11-20,7:42,14.97785949707031
DA159,2019-11-20,12:00,25.73971939086914
DA159,2019-11-20,17:00,41.56610107421875
DA159,2019-11-20,20:45,8.03380012512207
DA159,2019-11-21,7:00,19.68033981323242
DA159,2019-11-21,11:46,24.37339973449707
DA159,2019-11-21,17:00,42.70592880249023
DA159,2019-11-21,19:50,7.573800086975098
DA159,2019-11-22,8:31,15.73285961151123
DA159,2019-11-22,12:00,26.5302791595459
DA159,2019-11-22,17:00,28.24456024169922
DA159,2019-11-22,21:30,12.36400032043457
DA159,2019-11-23,08:00,17.4128589630127
DA159,2019-11-23,12:00,20.12375068664551
DA159,2019-11-23,17:00,23.73855018615723
DA159,2019-11-23,20:41,12.82400035858154
DA159,2019-11-24,7:46,15.80000019073486
DA159,2019-11-24,12:00,21.48023986816406
DA159,2019-11-24,17:00,25.27397918701172
DA159,2019-11-24,21:15,19.3577995300293
DA159,2019-11-25,08:00,17.03285980224609
DA159,2019-11-25,12:00,25.84542083740234
DA159,2019-11-25,17:30,20.3115406036377
DA159,2019-11-25,20:35,14.03380012512207
DA159,2019-11-26,8:56,15.90785980224609
DA159,2019-11-26,12:00,27.61804962158203
DA159,2019-11-26,17:00,60.30617904663086
DA159,2019-11-26,21:41,14.14000034332275
DA159,2019-11-27,8:46,15.39285945892334
DA159,2019-11-27,12:00,25.73971939086914
DA159,2019-11-27,17:00,32.07297897338867
DA159,2019-11-27,20:00,8.140000343322754
DA159,2019-11-28,,20.78034019470215
DA159,2019-11-28,,24.37339973449707
DA159,2019-11-28,,42.70592880249023
DA159,2019-11-28,,15.53380012512207
DA159,2019-11-29,,15.73285961151123
DA159,2019-11-29,,27.3864803314209
DA159,2019-11-29,,33.10205078125
DA159,2019-11-29,,7.680000305175781
DA160,2019-11-15,08:00,15.73285961151123
DA160,2019-11-15,11:36,27.3864803314209
DA160,2019-11-15,17:18,50.41172027587891
DA160,2019-11-15,20:33,8.300000190734863
DA160,2019-11-16,08:00,17.4128589630127
DA160,2019-11-16,12:00,26.24990081787109
DA160,2019-11-16,16:18,23.73855018615723
DA160,2019-11-16,22:48,9.960000038146973
DA160,2019-11-17,08:00,15.80000019073486
DA160,2019-11-17,11:03,21.48023986816406
DA160,2019-11-17,16:13,39.48091888427734
DA160,2019-11-17,21:14,15.29275035858154
DA160,2019-11-18,8:53,17.03285980224609
DA160,2019-11-18,12:00,19.52030944824219
DA160,2019-11-18,17:33,13.87294960021973
DA160,2019-11-18,22:10,5.329699993133545
DA160,2019-11-19,08:00,15.90785980224609
DA160,2019-11-19,11:03,27.61804962158203
DA160,2019-11-19,17:18,60.30617904663086
DA160,2019-11-19,20:38,8.300000190734863
DA160,2019-11-20,7:33,15.39285945892334
DA160,2019-11-20,12:00,25.73971939086914
DA160,2019-11-20,17:00,41.56610107421875
DA160,2019-11-20,20:00,6.640000343322754
DA160,2019-11-21,08:00,20.78034019470215
DA160,2019-11-21,12:00,24.37339973449707
DA160,2019-11-21,17:03,42.70592880249023
DA160,2019-11-21,21:55,9.960000038146973
DA160,2019-11-22,7:33,15.73285961151123
DA160,2019-11-22,11:48,26.5302791595459
DA160,2019-11-22,16:40,28.24456024169922
DA160,2019-11-22,22:10,9.960000038146973
DA160,2019-11-23,8:53,17.4128589630127
DA160,2019-11-23,12:00,20.12375068664551
DA160,2019-11-23,17:00,23.73855018615723
DA160,2019-11-23,21:48,6.931000232696533
DA160,2019-11-24,7:47,15.80000019073486
DA160,2019-11-24,12:33,21.48023986816406
DA160,2019-11-24,17:00,25.27397918701172
DA160,2019-11-24,19:03,8.361749649047852
DA160,2019-11-25,7:40,13.73285961151123
DA160,2019-11-25,12:03,25.84542083740234
DA160,2019-11-25,17:00,20.3115406036377
DA160,2019-11-25,22:33,6.640000343322754
DA160,2019-11-26,08:00,15.90785980224609
DA160,2019-11-26,11:33,27.61804962158203
DA160,2019-11-26,17:00,60.30617904663086
DA160,2019-11-26,19:03,3.320000171661377
DA160,2019-11-27,08:00,15.39285945892334
DA160,2019-11-27,12:00,25.73971939086914
DA160,2019-11-27,17:33,32.07297897338867
DA160,2019-11-27,20:58,3.320000171661377
DA160,2019-11-28,,20.78034019470215
DA160,2019-11-28,,24.37339973449707
DA160,2019-11-28,,7.615049839019775
DA160,2019-11-28,,3.320000171661377
DA160,2019-11-29,,15.73285961151123
DA160,2019-11-29,,27.3864803314209
DA160,2019-11-29,,33.10205078125
DA160,2019-11-29,,4.980000019073486
DA161,2019-11-15,08:00,15.73285961151123
DA161,2019-11-15,12:00,16.06324005126953
DA161,2019-11-15,16:54,49.43855667114258
DA161,2019-11-16,8:48,15.11707973480225
DA161,2019-11-16,12:00,22.87535667419434
DA161,2019-11-16,17:33,19.64438247680664
DA161,2019-11-17,7:41,24.10000038146973
DA161,2019-11-17,12:00,18.31768417358398
DA161,2019-11-17,17:33,30.79569053649902
DA161,2019-11-18,7:18,12.44130039215088
DA161,2019-11-18,11:54,13.71143245697021
DA161,2019-11-18,17:33,13.87294960021973
DA161,2019-11-19,7:33,11.31630039215088
DA161,2019-11-19,12:56,21.17977523803711
DA161,2019-11-19,17:18,60.30617904663086
DA161,2019-11-20,8:58,15.39285945892334
DA161,2019-11-20,12:00,25.73971939086914
DA161,2019-11-20,17:03,41.56610107421875
DA161,2019-11-21,7:03,11.34130001068115
DA161,2019-11-21,11:33,17.24004936218262
DA161,2019-11-21,17:18,41.98716735839844
DA161,2019-11-22,8:03,11.14130020141602
DA161,2019-11-22,11:48,20.36394691467285
DA161,2019-11-22,17:18,15.00228977203369
DA161,2019-11-22,21:03,10.20349979400635
DA161,2019-11-23,7:26,6.84552001953125
DA161,2019-11-23,12:00,22.3069896697998
DA161,2019-11-23,17:00,24.28870010375977
DA161,2019-11-23,21:41,13.06760025024414
DA161,2019-11-24,7:48,24.10000038146973
DA161,2019-11-24,11:48,21.48023986816406
DA161,2019-11-24,17:18,16.91449928283691
DA161,2019-11-24,19:54,9.853799819946289
DA161,2019-11-25,7:48,4.549739837646484
DA161,2019-11-25,12:26,25.84542083740234
DA161,2019-11-25,17:00,16.41865539550781
DA161,2019-11-25,20:03,18.04759979248047
DA161,2019-11-26,8:03,11.31630039215088
DA161,2019-11-26,12:29,26.1805248260498
DA161,2019-11-26,17:33,60.30617904663086
DA161,2019-11-27,8:03,10.80130004882812
DA161,2019-11-27,12:00,24.94671249389648
DA161,2019-11-27,16:41,30.63545417785645
DA161,2019-11-28,,16.18877983093262
DA161,2019-11-28,,24.37339973449707
DA161,2019-11-28,,42.70592880249023
DA161,2019-11-29,,15.73285961151123
DA161,2019-11-29,,27.3864803314209
DA161,2019-11-29,,31.15571975708008
DA162,2019-11-15,08:00,15.73285961151123
DA162,2019-11-15,12:00,16.06324005126953
DA162,2019-11-15,17:00,49.43855667114258
DA162,2019-11-16,08:00,15.11707973480225
DA162,2019-11-16,12:00,22.87535667419434
DA162,2019-11-16,17:00,19.64438247680664
DA162,2019-11-17,7:34,24.10000038146973
DA162,2019-11-17,12:27,18.31768417358398
DA162,2019-11-17,17:00,30.79569053649902
DA162,2019-11-18,6:34,12.44130039215088
DA162,2019-11-18,12:00,13.71143245697021
DA162,2019-11-18,16:04,13.87294960021973
DA162,2019-11-19,08:00,11.31630039215088
DA162,2019-11-19,12:00,21.17977523803711
DA162,2019-11-19,16:45,60.30617904663086
DA162,2019-11-20,08:00,15.39285945892334
DA162,2019-11-20,12:00,25.73971939086914
DA162,2019-11-20,17:34,41.56610107421875
DA162,2019-11-21,08:00,11.34130001068115
DA162,2019-11-21,12:00,17.24004936218262
DA162,2019-11-21,17:19,41.98716735839844
DA162,2019-11-22,6:42,11.14130020141602
DA162,2019-11-22,11:50,20.36394691467285
DA162,2019-11-22,17:00,15.00228977203369
DA162,2019-11-22,22:04,10.20349979400635
DA162,2019-11-23,7:04,6.84552001953125
DA162,2019-11-23,11:54,22.3069896697998
DA162,2019-11-23,17:19,24.28870010375977
DA162,2019-11-23,20:49,13.06760025024414
DA162,2019-11-24,8:05,24.10000038146973
DA162,2019-11-24,11:35,21.48023986816406
DA162,2019-11-24,17:57,16.91449928283691
DA162,2019-11-24,20:00,9.853799819946289
DA162,2019-11-25,,4.549739837646484
DA162,2019-11-25,,25.84542083740234
DA162,2019-11-25,,16.41865539550781
DA162,2019-11-25,,18.04759979248047
DA162,2019-11-26,7:20,11.31630039215088
DA162,2019-11-26,12:00,26.1805248260498
DA162,2019-11-26,17:30,60.30617904663086
DA162,2019-11-27,8:27,10.80130004882812
DA162,2019-11-27,11:50,24.94671249389648
DA162,2019-11-27,17:00,30.63545417785645
DA162,2019-11-28,,11.63903999328613
DA162,2019-11-28,,24.37339973449707
DA162,2019-11-28,,42.70592880249023
DA162,2019-11-29,,15.73285961151123
DA162,2019-11-29,,27.3864803314209
DA162,2019-11-29,,31.15571975708008
DA164,2019-11-15,8:18,15.73285961151123
DA164,2019-11-15,12:00,16.99605178833008
DA164,2019-11-15,16:53,49.43855667114258
DA164,2019-11-16,08:00,12.82129955291748
DA164,2019-11-16,12:00,26.24990081787109
DA164,2019-11-16,17:00,23.73855018615723
DA164,2019-11-17,8:34,24.10000038146973
DA164,2019-11-17,12:00,19.89896202087402
DA164,2019-11-17,17:53,39.48091888427734
DA164,2019-11-18,8:50,17.03285980224609
DA164,2019-11-18,12:00,17.93903160095215
DA164,2019-11-18,17:00,13.87294960021973
DA164,2019-11-19,7:09,11.31630039215088
DA164,2019-11-19,12:00,21.17977523803711
DA164,2019-11-19,17:00,60.30617904663086
DA164,2019-11-20,08:00,15.39285945892334
DA164,2019-11-20,12:00,25.73971939086914
DA164,2019-11-20,17:00,41.56610107421875
DA164,2019-11-21,7:54,15.93286037445068
DA164,2019-11-21,12:00,24.37339973449707
DA164,2019-11-21,17:00,42.70592880249023
DA164,2019-11-22,8:54,15.73285961151123
DA164,2019-11-22,12:00,25.09275436401367
DA164,2019-11-22,17:00,15.00228977203369
DA164,2019-11-23,8:39,11.90129947662354
DA164,2019-11-23,12:00,22.3069896697998
DA164,2019-11-23,17:00,24.28870010375977
DA164,2019-11-24,08:00,24.10000038146973
DA164,2019-11-24,12:00,21.48023986816406
DA164,2019-11-24,17:00,32.65349960327148
DA164,2019-11-25,8:39,16.20785903930664
DA164,2019-11-25,12:09,22.68286514282227
DA164,2019-11-25,17:00,12.52577018737793
DA164,2019-11-26,8:09,15.90785980224609
DA164,2019-11-26,12:00,26.1805248260498
DA164,2019-11-26,17:00,60.30617904663086
DA164,2019-11-27,08:00,15.39285945892334
DA164,2019-11-27,12:00,25.73971939086914
DA164,2019-11-27,17:53,32.07297897338867
DA164,2019-11-28,,16.23060035705566
DA164,2019-11-28,,19.00670051574707
DA164,2019-11-28,,42.70592880249023
DA164,2019-11-29,,15.73285961151123
DA164,2019-11-29,,27.3864803314209
DA164,2019-11-29,,32.12888336181641
DA165,2019-11-15,8:39,15.73285961151123
DA165,2019-11-15,12:00,26.45366668701172
DA165,2019-11-15,17:06,50.41172027587891
DA165,2019-11-16,7:05,17.4128589630127
DA165,2019-11-16,11:13,25.12505340576172
DA165,2019-11-16,16:06,22.55355072021484
DA165,2019-11-17,08:00,24.10000038146973
DA165,2019-11-17,12:00,21.48023986816406
DA165,2019-11-17,17:00,38.76215744018555
DA165,2019-11-18,08:00,17.03285980224609
DA165,2019-11-18,12:00,19.52030944824219
DA165,2019-11-18,16:56,11.58971214294434
DA165,2019-11-19,6:25,15.90785980224609
DA165,2019-11-19,12:20,27.61804962158203
DA165,2019-11-19,17:01,60.30617904663086
DA165,2019-11-20,6:58,15.39285945892334
DA165,2019-11-20,11:58,25.73971939086914
DA165,2019-11-20,17:00,41.56610107421875
DA165,2019-11-21,8:05,15.93286037445068
DA165,2019-11-21,12:00,24.37339973449707
DA165,2019-11-21,17:43,42.70592880249023
DA165,2019-11-22,08:00,15.73285961151123
DA165,2019-11-22,12:00,25.8115177154541
DA165,2019-11-22,17:21,15.00228977203369
DA165,2019-11-23,08:00,8.68552017211914
DA165,2019-11-23,12:00,22.3069896697998
DA165,2019-11-23,16:21,24.28870010375977
DA165,2019-11-24,08:00,24.10000038146973
DA165,2019-11-24,12:00,21.48023986816406
DA165,2019-11-24,17:00,19.42172241210938
DA165,2019-11-25,7:05,15.38286018371582
DA165,2019-11-25,12:13,22.68286514282227
DA165,2019-11-25,17:00,16.41865539550781
DA165,2019-11-26,8:43,15.90785980224609
DA165,2019-11-26,12:50,26.89928817749023
DA165,2019-11-26,17:00,52.72309112548828
DA165,2019-11-27,7:20,15.39285945892334
DA165,2019-11-27,12:05,25.73971939086914
DA165,2019-11-27,17:00,32.07297897338867
DA165,2019-11-28,,16.23060035705566
DA165,2019-11-28,,21.69005012512207
DA165,2019-11-28,,40.54964065551758
DA165,2019-11-29,,13.43708038330078
DA165,2019-11-29,,26.45366668701172
DA165,2019-11-29,,33.10205078125
DA166,2019-11-15,08:00,15.73285961151123
DA166,2019-11-15,12:00,27.3864803314209
DA166,2019-11-15,16:56,50.41172027587891
DA166,2019-11-15,22:11,3.669700145721436
DA166,2019-11-16,08:00,17.4128589630127
DA166,2019-11-16,12:00,26.24990081787109
DA166,2019-11-16,17:00,23.73855018615723
DA166,2019-11-16,19:48,1.660000085830688
DA166,2019-11-17,7:48,15.80000019073486
DA166,2019-11-17,12:18,21.48023986816406
DA166,2019-11-17,17:00,39.48091888427734
DA166,2019-11-17,19:33,1.660000085830688
DA166,2019-11-18,08:00,17.03285980224609
DA166,2019-11-18,12:00,19.52030944824219
DA166,2019-11-18,17:00,13.87294960021973
DA166,2019-11-18,20:00,2.009700059890747
DA166,2019-11-19,08:00,15.90785980224609
DA166,2019-11-19,12:00,27.61804962158203
DA166,2019-11-19,17:00,60.30617904663086
DA166,2019-11-19,21:41,2.009700059890747
DA166,2019-11-20,7:36,15.39285945892334
DA166,2019-11-20,12:45,25.73971939086914
DA166,2019-11-20,17:26,41.56610107421875
DA166,2019-11-20,21:03,1.660000085830688
DA166,2019-11-21,8:20,20.78034019470215
DA166,2019-11-21,12:00,24.37339973449707
DA166,2019-11-21,17:00,42.70592880249023
DA166,2019-11-21,21:11,2.009700059890747
DA166,2019-11-22,08:00,20.5803394317627
DA166,2019-11-22,12:00,26.5302791595459
DA166,2019-11-22,17:00,28.24456024169922
DA166,2019-11-22,19:33,2.009700059890747
DA166,2019-11-23,08:00,17.4128589630127
DA166,2019-11-23,12:00,20.12375068664551
DA166,2019-11-23,16:15,23.73855018615723
DA166,2019-11-23,20:56,14.99370002746582
DA166,2019-11-24,6:51,15.80000019073486
DA166,2019-11-24,11:30,21.48023986816406
DA166,2019-11-24,17:00,25.27397918701172
DA166,2019-11-24,20:30,3.669700145721436
DA166,2019-11-25,8:18,17.03285980224609
DA166,2019-11-25,12:33,25.84542083740234
DA166,2019-11-25,17:30,20.3115406036377
DA166,2019-11-25,22:00,3.669700145721436
DA166,2019-11-26,8:41,15.90785980224609
DA166,2019-11-26,12:00,27.61804962158203
DA166,2019-11-26,17:00,60.30617904663086
DA166,2019-11-26,21:33,2.009700059890747
DA166,2019-11-27,8:33,15.39285945892334
DA166,2019-11-27,12:00,25.73971939086914
DA166,2019-11-27,17:00,32.07297897338867
DA166,2019-11-28,,18.5803394317627
DA166,2019-11-28,,24.37339973449707
DA166,2019-11-28,,42.70592880249023
DA166,2019-11-29,,15.73285961151123
DA166,2019-11-29,,27.3864803314209
DA166,2019-11-29,,33.10205078125
DA167,2019-11-15,08:00,15.73285961151123
DA167,2019-11-15,12:00,25.52085494995117
DA167,2019-11-15,17:00,50.41172027587891
DA167,2019-11-15,19:00,2.009700059890747
DA167,2019-11-16,08:00,17.4128589630127
DA167,2019-11-16,11:26,26.24990081787109
DA167,2019-11-16,17:00,23.73855018615723
DA167,2019-11-16,19:26,1.660000085830688
DA167,2019-11-17,08:00,15.80000019073486
DA167,2019-11-17,12:00,21.48023986816406
DA167,2019-11-17,17:00,39.48091888427734
DA167,2019-11-17,20:51,2.009700059890747
DA167,2019-11-18,7:12,13.73285961151123
DA167,2019-11-18,12:11,19.52030944824219
DA167,2019-11-18,17:56,13.87294960021973
DA167,2019-11-18,20:00,2.009700059890747
DA167,2019-11-19,7:04,15.90785980224609
DA167,2019-11-19,11:41,27.61804962158203
DA167,2019-11-19,16:19,60.30617904663086
DA167,2019-11-19,20:26,1.660000085830688
DA167,2019-11-20,6:42,15.39285945892334
DA167,2019-11-20,11:21,25.73971939086914
DA167,2019-11-20,17:49,41.56610107421875
DA167,2019-11-20,21:01,2.009700059890747
DA167,2019-11-21,8:34,18.5803394317627
DA167,2019-11-21,12:26,24.37339973449707
DA167,2019-11-21,17:00,42.70592880249023
DA167,2019-11-21,19:38,2.009700059890747
DA167,2019-11-22,6:57,11.18311977386475
DA167,2019-11-22,11:11,26.5302791595459
DA167,2019-11-22,17:00,28.24456024169922
DA167,2019-11-22,20:00,6.53380012512207
DA167,2019-11-23,8:34,17.4128589630127
DA167,2019-11-23,12:34,20.12375068664551
DA167,2019-11-23,16:41,23.73855018615723
DA167,2019-11-23,21:49,8.543499946594238
DA167,2019-11-24,7:12,15.80000019073486
DA167,2019-11-24,11:41,21.48023986816406
DA167,2019-11-24,17:49,25.27397918701172
DA167,2019-11-24,21:41,3.669700145721436
DA167,2019-11-25,8:34,15.38286018371582
DA167,2019-11-25,11:04,25.84542083740234
DA167,2019-11-25,16:56,20.3115406036377
DA167,2019-11-25,20:41,2.009700059890747
DA167,2019-11-26,08:00,15.90785980224609
DA167,2019-11-26,12:00,27.61804962158203
DA167,2019-11-26,17:16,60.30617904663086
DA167,2019-11-27,08:00,15.39285945892334
DA167,2019-11-27,12:00,25.73971939086914
DA167,2019-11-27,16:56,32.07297897338867
DA167,2019-11-28,,16.23060035705566
DA167,2019-11-28,,24.37339973449707
DA167,2019-11-28,,42.70592880249023
DA167,2019-11-29,,15.73285961151123
DA167,2019-11-29,,27.3864803314209
DA167,2019-11-29,,33.10205078125
DA167,2019-11-29,,6.53380012512207
DA168,2019-11-15,7:29,5.049739837646484
DA168,2019-11-15,12:21,16.06324005126953
DA168,2019-11-15,17:00,46.09539031982422
DA168,2019-11-15,20:07,18.52499961853027
DA168,2019-11-16,7:29,5.46973991394043
DA168,2019-11-16,12:00,23.8798999786377
DA168,2019-11-16,17:14,21.36854934692383
DA168,2019-11-16,21:09,19.45599937438965
DA168,2019-11-17,7:44,15.80000019073486
DA168,2019-11-17,12:00,5.370059967041016
DA168,2019-11-17,16:29,35.92591857910156
DA168,2019-11-17,20:00,15.90129566192627
DA168,2019-11-18,,4.549739837646484
DA168,2019-11-18,,15.96531009674072
DA168,2019-11-18,,10.31795024871826
DA168,2019-11-18,,37.4119987487793
DA168,2019-11-19,,4.549739837646484
DA168,2019-11-19,,24.06304931640625
DA168,2019-11-19,,56.75117874145508
DA168,2019-11-19,,22.00500106811523
DA168,2019-11-20,,4.964739799499512
DA168,2019-11-20,,23.36972045898438
DA168,2019-11-20,,39.19609832763672
DA168,2019-11-20,,22.57729911804199
DA168,2019-11-21,,5.099740028381348
DA168,2019-11-21,,22.0034008026123
DA168,2019-11-21,,41.52093124389648
DA168,2019-11-21,,27.49860000610352
DA168,2019-11-22,,5.549739837646484
DA168,2019-11-22,,24.16028022766113
DA168,2019-11-22,,28.24456024169922
DA168,2019-11-22,,74.0436019897461
DA168,2019-11-23,,6.389739990234375
DA168,2019-11-23,,20.12375068664551
DA168,2019-11-23,,21.36854934692383
DA168,2019-11-23,,27.36199951171875
DA168,2019-11-24,,15.80000019073486
DA168,2019-11-24,,10.74011993408203
DA168,2019-11-24,,24.08897972106934
DA168,2019-11-24,,13.81999969482422
DA168,2019-11-25,,4.549739837646484
DA168,2019-11-25,,23.47541999816895
DA168,2019-11-25,,17.94154167175293
DA168,2019-11-25,,22.40200042724609
DA168,2019-11-26,,4.549739837646484
DA168,2019-11-26,,25.24805068969727
DA168,2019-11-26,,57.93618011474609
DA168,2019-11-26,,9.509699821472168
DA168,2019-11-27,,4.964739799499512
DA168,2019-11-27,,23.36972045898438
DA168,2019-11-27,,29.70298004150391
DA168,2019-11-27,,18.52499961853027
DA168,2019-11-28,,9.39721965789795
DA168,2019-11-28,,22.0034008026123
DA168,2019-11-28,,40.33592987060547
DA168,2019-11-28,,44.50139999389648
DA168,2019-11-29,,5.549739837646484
DA168,2019-11-29,,25.0164794921875
DA168,2019-11-29,,30.7320499420166
DA168,2019-11-29,,18.82399940490723
DA169,2019-11-15,7:00,5.049739837646484
DA169,2019-11-15,11:45,21.28523063659668
DA169,2019-11-15,17:00,33.28062438964844
DA169,2019-11-15,19:04,4.980000019073486
DA169,2019-11-16,6:10,5.46973991394043
DA169,2019-11-16,11:45,14.30994987487793
DA169,2019-11-16,22:00,1.5
DA169,2019-11-17,08:00,15.80000019073486
DA169,2019-11-17,12:00,11.76262474060059
DA169,2019-11-17,17:00,26.26940155029297
DA169,2019-11-17,21:45,13.06760025024414
DA169,2019-11-18,7:07,5.374740123748779
DA169,2019-11-18,11:45,10.55270957946777
DA169,2019-11-18,17:00,3.860229969024658
DA169,2019-11-18,19:04,8.300000190734863
DA169,2019-11-19,6:45,4.549739837646484
DA169,2019-11-19,13:00,7.875800132751465
DA169,2019-11-19,17:52,16.1146354675293
DA169,2019-11-19,22:07,4.980000019073486
DA169,2019-11-20,08:00,5.794740200042725
DA169,2019-11-20,12:00,10.49985980987549
DA169,2019-11-20,16:07,1.184999942779541
DA169,2019-11-20,22:00,14.56760025024414
DA169,2019-11-21,08:00,6.497479915618896
DA169,2019-11-21,12:00,15.01504993438721
DA169,2019-11-21,17:15,11.86148262023926
DA169,2019-11-21,21:55,4.980000019073486
DA169,2019-11-22,8:00,4.549739837646484
DA169,2019-11-22,12:00,9.45761489868164
DA169,2019-11-22,16:37,4.739999771118164
DA169,2019-11-22,21:52,6.53380012512207
DA169,2019-11-23,08:00,13.57481956481934
DA169,2019-11-23,12:00,3.374542474746704
DA169,2019-11-23,16:40,8.843805313110352
DA169,2019-11-23,22:07,3.320000171661377
DA169,2019-11-24,08:00,15.80000019073486
DA169,2019-11-24,11:24,7.113832473754883
DA169,2019-11-24,17:07,0.7187625169754028
DA169,2019-11-24,21:18,1.5
DA169,2019-11-25,08:00,12.26208019256592
DA169,2019-11-25,12:00,9.880109786987305
DA169,2019-11-25,17:00,7.055892944335938
DA169,2019-11-25,19:56,19.60140037536621
DA169,2019-11-26,7:15,11.43708038330078
DA169,2019-11-26,12:37,13.34278774261475
DA169,2019-11-26,17:00,39.06808853149414
DA169,2019-11-26,19:56,8.300000190734863
DA169,2019-11-27,7:22,11.43708038330078
DA169,2019-11-27,13:00,1.978007555007935
DA169,2019-11-27,17:00,21.43221092224121
DA169,2019-11-27,19:56,7.5
DA169,2019-11-28,,7.122350215911865
DA169,2019-11-28,,10.68834972381592
DA169,2019-11-28,,13.76524543762207
DA169,2019-11-28,,1.5
DA169,2019-11-29,,6.84552001953125
DA169,2019-11-29,,14.62605285644531
DA169,2019-11-29,,10.22184276580811
DA169,2019-11-29,,3.320000171661377
DA170,2019-11-15,7:16,15.73285961151123
DA170,2019-11-15,11:31,27.3864803314209
DA170,2019-11-15,17:47,50.41172027587891
DA170,2019-11-16,6:12,17.4128589630127
DA170,2019-11-16,12:54,26.24990081787109
DA170,2019-11-16,17:00,23.73855018615723
DA170,2019-11-17,08:00,15.80000019073486
DA170,2019-11-17,11:12,21.48023986816406
DA170,2019-11-17,17:00,39.48091888427734
DA170,2019-11-18,8:31,17.03285980224609
DA170,2019-11-18,12:00,19.52030944824219
DA170,2019-11-18,17:00,13.87294960021973
DA170,2019-11-19,08:00,15.90785980224609
DA170,2019-11-19,11:26,27.61804962158203
DA170,2019-11-19,17:17,60.30617904663086
DA170,2019-11-20,6:54,20.2403392791748
DA170,2019-11-20,11:16,25.73971939086914
DA170,2019-11-20,16:47,41.56610107421875
DA170,2019-11-21,08:00,20.78034019470215
DA170,2019-11-21,12:00,24.37339973449707
DA170,2019-11-21,17:00,42.70592880249023
DA170,2019-11-22,8:24,20.5803394317627
DA170,2019-11-22,12:52,26.5302791595459
DA170,2019-11-22,17:47,28.24456024169922
DA170,2019-11-23,6:31,17.4128589630127
DA170,2019-11-23,12:00,20.12375068664551
DA170,2019-11-23,17:00,23.73855018615723
DA170,2019-11-24,08:00,15.80000019073486
DA170,2019-11-24,12:00,21.48023986816406
DA170,2019-11-24,17:17,25.27397918701172
DA170,2019-11-25,08:00,9.183119773864746
DA170,2019-11-25,11:43,25.84542083740234
DA170,2019-11-25,17:00,20.3115406036377
DA170,2019-11-26,08:00,9.183119773864746
DA170,2019-11-26,12:00,27.61804962158203
DA170,2019-11-26,17:00,60.30617904663086
DA170,2019-11-27,08:00,20.2403392791748
DA170,2019-11-27,12:00,25.73971939086914
DA170,2019-11-27,17:09,32.07297897338867
DA170,2019-11-28,,15.93286037445068
DA170,2019-11-28,,24.37339973449707
DA170,2019-11-28,,42.70592880249023
DA170,2019-11-29,,15.73285961151123
DA170,2019-11-29,,27.3864803314209
DA170,2019-11-29,,33.10205078125
DA171,2019-11-15,11:50,63.35131454467773
DA171,2019-11-15,17:27,39.55443572998047
DA171,2019-11-15,21:45,14.67000007629395
DA171,2019-11-16,08:00,10.06130027770996
DA171,2019-11-16,12:00,19.74757766723633
DA171,2019-11-16,17:00,24.79760932922363
DA171,2019-11-16,20:16,17.35379981994629
DA171,2019-11-17,6:45,8.300000190734863
DA171,2019-11-17,12:00,18.31768417358398
DA171,2019-11-17,17:00,40.41339492797852
DA171,2019-11-17,20:00,20.56760025024414
DA171,2019-11-18,8:30,9.141300201416016
DA171,2019-11-18,12:50,16.35775566101074
DA171,2019-11-18,17:00,10.88346767425537
DA171,2019-11-18,19:19,20.56760025024414
DA171,2019-11-19,6:30,7.389269828796387
DA171,2019-11-19,12:15,25.46176338195801
DA171,2019-11-19,17:49,48.93154525756836
DA171,2019-11-20,,9.556300163269043
DA171,2019-11-20,,14.446852684021
DA171,2019-11-20,,24.80428695678711
DA171,2019-11-25,,9.141300201416016
DA171,2019-11-25,,13.19519996643066
DA171,2019-11-25,,7.903007507324219
DA171,2019-11-25,,15.80000019073486
DA171,2019-11-26,,9.141300201416016
DA171,2019-11-26,,24.74300003051758
DA171,2019-11-26,,52.72309112548828
DA171,2019-11-26,,17.7234992980957
DA171,2019-11-27,,7.260519981384277
DA171,2019-11-27,,6.280967712402344
DA171,2019-11-27,,20.0577278137207
DA171,2019-11-27,,12.48000049591064
DA171,2019-11-28,,9.141300201416016
DA171,2019-11-28,,16.63669967651367
DA171,2019-11-28,,5.458762645721436
DA171,2019-11-28,,20.56760025024414
DA171,2019-11-29,,14.48878002166748
DA171,2019-11-29,,24.58804321289062
DA171,2019-11-29,,26.43520736694336
DA171,2019-11-29,,18.2700023651123
DA172,2019-11-15,12:22,22.20569038391113
DA172,2019-11-15,17:37,32.65132904052734
DA172,2019-11-16,8:22,6.431560039520264
DA172,2019-11-16,12:07,1.286499977111816
DA172,2019-11-16,17:00,31.49800682067871
DA172,2019-11-16,21:19,9.15999984741211
DA172,2019-11-17,6:00,15.80000019073486
DA172,2019-11-17,11:43,23.61454963684082
DA172,2019-11-17,16:37,33.76963424682617
DA172,2019-11-17,19:33,14.14000034332275
DA172,2019-11-18,7:45,10.79129981994629
DA172,2019-11-18,12:00,17.68571662902832
DA172,2019-11-18,17:00,32.68300628662109
DA172,2019-11-18,19:42,14.14000034332275
DA172,2019-11-19,7:22,4.549739837646484
DA172,2019-11-19,12:52,18.72696495056152
DA172,2019-11-19,17:00,42.77000045776367
DA172,2019-11-19,21:07,10.81999969482422
DA172,2019-11-20,7:22,12.68208026885986
DA172,2019-11-20,12:00,22.57671165466309
DA172,2019-11-20,17:00,34.04628753662109
DA172,2019-11-20,20:27,9.509699821472168
DA172,2019-11-21,08:00,5.649740219116211
DA172,2019-11-21,12:00,17.2894401550293
DA172,2019-11-21,17:00,21.10652542114258
DA172,2019-11-21,22:22,8.300000190734863
DA172,2019-11-22,8:17,12.69299983978271
DA172,2019-11-22,12:00,18.72696495056152
DA172,2019-11-22,16:07,33.47601318359375
DA172,2019-11-22,20:48,9.960000038146973
DA172,2019-11-23,8:02,11.90129947662354
DA172,2019-11-23,12:00,19.53913497924805
DA172,2019-11-23,17:00,18.60037994384766
DA172,2019-11-23,20:00,3.320000171661377
DA172,2019-11-24,,15.80000019073486
DA172,2019-11-24,,21.63699531555176
DA172,2019-11-24,,11.67702484130859
DA172,2019-11-25,,13.08708000183105
DA172,2019-11-25,,18.87545585632324
DA172,2019-11-25,,35.84601593017578
DA172,2019-11-25,,42.53799819946289
DA172,2019-11-26,,10.22879981994629
DA172,2019-11-26,,17.2894401550293
DA172,2019-11-26,,57.93618011474609
DA172,2019-11-26,,9.980000495910645
DA172,2019-11-27,,15.39285945892334
DA172,2019-11-27,,21.78370475769043
DA172,2019-11-27,,56.34793090820312
DA172,2019-11-28,,7.945519924163818
DA172,2019-11-28,,22.3427906036377
DA172,2019-11-28,,6.177525043487549
DA172,2019-11-28,,9.980000495910645
DA172,2019-11-29,,12.69299983978271
DA172,2019-11-29,,19.15506553649902
DA172,2019-11-29,,35.02132797241211
DA172,2019-11-29,,6.640000343322754
DA173,2019-11-15,11:24,63.35131454467773
DA173,2019-11-15,17:00,38.02062606811523
DA173,2019-11-15,19:10,21.26671028137207
DA173,2019-11-16,6:30,10.06130027770996
DA173,2019-11-16,12:00,12.00010204315186
DA173,2019-11-16,17:00,22.42761039733887
DA173,2019-11-16,20:17,1.660000085830688
DA173,2019-11-17,08:00,16.60000038146973
DA173,2019-11-17,12:00,18.31768417358398
DA173,2019-11-17,16:32,38.04339599609375
DA173,2019-11-17,21:04,20.25
DA173,2019-11-18,7:39,9.966300010681152
DA173,2019-11-18,12:47,16.35775566101074
DA173,2019-11-18,17:00,10.88346767425537
DA173,2019-11-18,20:31,7.339400291442871
DA173,2019-11-19,08:00,9.685050010681152
DA173,2019-11-19,12:00,25.46176338195801
DA173,2019-11-19,17:02,46.56154632568359
DA173,2019-11-20,6:30,9.556300163269043
DA173,2019-11-20,12:00,14.446852684021
DA173,2019-11-20,17:00,24.80428695678711
DA173,2019-11-20,21:00,14.17979717254639
DA173,2019-11-21,08:00,9.691300392150879
DA173,2019-11-21,12:00,16.32335090637207
DA173,2019-11-21,17:10,14.23148250579834
DA173,2019-11-21,20:00,26.78380012512207
DA173,2019-11-22,7:51,14.48878002166748
DA173,2019-11-22,12:00,24.37399291992188
DA173,2019-11-22,17:00,18.06927299499512
DA173,2019-11-22,21:02,26.78380012512207
DA173,2019-11-23,6:32,10.06130027770996
DA173,2019-11-23,12:39,16.74920845031738
DA173,2019-11-23,17:00,24.14213943481445
DA173,2019-11-23,20:15,26.78380012512207
DA173,2019-11-24,8:05,15.80000019073486
DA173,2019-11-24,12:39,18.31768417358398
DA173,2019-11-24,17:30,3.088762521743774
DA173,2019-11-24,20:00,16.15999984741211
DA173,2019-11-25,,9.966300010681152
DA173,2019-11-25,,16.35775566101074
DA173,2019-11-25,,5.533007621765137
DA173,2019-11-25,,21.36759948730469
DA173,2019-11-26,,9.685050010681152
DA173,2019-11-26,,24.74300003051758
DA173,2019-11-26,,52.72309112548828
DA173,2019-11-26,,23.04759979248047
DA173,2019-11-27,,9.556300163269043
DA173,2019-11-27,,3.910967588424683
DA173,2019-11-27,,17.6877269744873
DA173,2019-11-27,,16.49380111694336
DA173,2019-11-28,,9.691300392150879
DA173,2019-11-28,,19.00670051574707
DA173,2019-11-28,,7.828762531280518
DA173,2019-11-28,,24.26939964294434
DA173,2019-11-29,,10.85317039489746
DA173,2019-11-29,,24.58804321289062
DA173,2019-11-29,,24.06520843505859
DA173,2019-11-29,,26.78380012512207
DA174,2019-11-15,11:56,25.0164794921875
DA174,2019-11-15,17:56,48.04172134399414
DA174,2019-11-16,6:57,16.49286079406738
DA174,2019-11-16,11:34,26.24990081787109
DA174,2019-11-16,17:00,23.73855018615723
DA174,2019-11-16,19:11,1.660000085830688
DA174,2019-11-17,6:30,15.80000019073486
DA174,2019-11-17,12:00,21.48023986816406
DA174,2019-11-17,17:00,39.48091888427734
DA174,2019-11-18,6:41,11.61629962921143
DA174,2019-11-18,11:49,19.52030944824219
DA174,2019-11-18,17:51,13.87294960021973
DA174,2019-11-19,08:00,15.90785980224609
DA174,2019-11-19,12:00,27.61804962158203
DA174,2019-11-19,17:00,60.30617904663086
DA174,2019-11-20,08:00,13.09708023071289
DA174,2019-11-20,12:00,25.73971939086914
DA174,2019-11-20,17:00,40.38109970092773
DA174,2019-11-20,22:06,15.69379997253418
DA174,2019-11-21,7:41,14.83285999298096
DA174,2019-11-21,12:11,19.00670051574707
DA174,2019-11-21,17:04,22.5440502166748
DA174,2019-11-21,21:34,27.01779937744141
DA174,2019-11-22,7:49,14.98878002166748
DA174,2019-11-22,12:00,23.90775489807129
DA174,2019-11-22,17:00,28.24456024169922
DA174,2019-11-22,21:34,21.41259956359863
DA174,2019-11-23,7:26,17.4128589630127
DA174,2019-11-23,11:34,17.87405586242676
DA174,2019-11-23,17:56,22.42761039733887
DA174,2019-11-23,21:34,22.22760009765625
DA174,2019-11-24,7:04,15.80000019073486
DA174,2019-11-24,12:00,21.48023986816406
DA174,2019-11-24,17:19,19.54652404785156
DA174,2019-11-24,20:11,1.660000085830688
DA174,2019-11-25,6:56,10.79129981994629
DA174,2019-11-25,12:26,11.23120021820068
DA174,2019-11-25,17:00,7.912030220031738
DA174,2019-11-25,21:34,23.88759994506836
DA174,2019-11-26,08:00,12.52458000183105
DA174,2019-11-26,12:00,24.74300003051758
DA174,2019-11-26,17:00,60.30617904663086
DA174,2019-11-26,20:26,19.03380012512207
DA174,2019-11-27,7:02,13.09708023071289
DA174,2019-11-27,12:00,22.77069091796875
DA174,2019-11-27,17:00,30.63545417785645
DA174,2019-11-27,19:21,25.3577995300293
DA174,2019-11-28,7:49,13.08708000183105
DA174,2019-11-28,12:26,15.13834953308105
DA174,2019-11-28,17:00,6.177525043487549
DA174,2019-11-28,19:06,18.06760025024414
DA174,2019-11-29,,15.48878002166748
DA174,2019-11-29,,14.87823963165283
DA174,2019-11-29,,32.12888336181641
DA174,2019-11-29,,11.5137996673584
DA175,2019-11-15,11:45,25.52085494995117
DA175,2019-11-15,17:00,40.390625
DA175,2019-11-15,22:15,9.666363716125488
DA175,2019-11-16,6:37,7.765520095825195
DA175,2019-11-16,13:00,16.74010276794434
DA175,2019-11-16,17:00,24.79760932922363
DA175,2019-11-16,20:15,8.19379997253418
DA175,2019-11-17,6:25,8.300000190734863
DA175,2019-11-17,11:37,18.31768417358398
DA175,2019-11-17,17:00,40.41339492797852
DA175,2019-11-17,21:34,16.38759994506836
DA175,2019-11-18,7:30,9.141300201416016
DA175,2019-11-18,13:00,16.35775566101074
DA175,2019-11-18,17:45,10.88346767425537
DA175,2019-11-18,20:45,6.53380012512207
DA175,2019-11-19,8:30,9.141300201416016
DA175,2019-11-19,12:00,26.1805248260498
DA175,2019-11-19,17:07,48.93154525756836
DA175,2019-11-19,21:45,1.660000085830688
DA175,2019-11-20,08:00,9.97130012512207
DA175,2019-11-20,12:00,14.446852684021
DA175,2019-11-20,17:00,22.43428802490234
DA175,2019-11-20,20:49,13.06760025024414
DA175,2019-11-21,8:30,9.691300392150879
DA175,2019-11-21,12:15,16.32335090637207
DA175,2019-11-21,18:00,16.60148239135742
DA175,2019-11-21,21:30,9.853799819946289
DA175,2019-11-22,8:30,14.48878002166748
DA175,2019-11-22,12:22,24.37399291992188
DA175,2019-11-22,17:00,18.06927299499512
DA175,2019-11-22,23:00,4.980000019073486
DA175,2019-11-23,8:30,10.06130027770996
DA175,2019-11-23,12:24,17.87405586242676
DA175,2019-11-23,18:00,24.14213943481445
DA175,2019-11-23,21:45,18.04759979248047
DA175,2019-11-24,9:00,15.80000019073486
DA175,2019-11-24,13:00,18.31768417358398
DA175,2019-11-24,17:00,5.458762645721436
DA175,2019-11-24,20:25,24.24760055541992
DA175,2019-11-25,08:00,9.141300201416016
DA175,2019-11-25,11:22,13.19519996643066
DA175,2019-11-25,18:00,7.903007507324219
DA175,2019-11-25,21:52,8.19379997253418
DA175,2019-11-26,08:00,9.141300201416016
DA175,2019-11-26,12:00,24.74300003051758
DA175,2019-11-26,17:00,52.72309112548828
DA175,2019-11-26,19:07,11.53380012512207
DA175,2019-11-27,7:37,9.556300163269043
DA175,2019-11-27,12:00,6.654947280883789
DA175,2019-11-27,17:00,20.0577278137207
DA175,2019-11-27,19:15,15.51580047607422
DA175,2019-11-28,08:00,9.691300392150879
DA175,2019-11-28,11:50,21.69005012512207
DA175,2019-11-28,17:45,7.828762531280518
DA175,2019-11-28,21:07,5.329699993133545
DA175,2019-11-29,,14.48878002166748
DA175,2019-11-29,,24.58804321289062
DA175,2019-11-29,,26.43520736694336
DA175,2019-11-29,,5.662000179290771
DA176,2019-11-15,11:46,10.53562545776367
DA176,2019-11-15,17:00,36.20632934570312
DA176,2019-11-15,22:09,10.66649913787842
DA176,2019-11-16,08:00,10.06130027770996
DA176,2019-11-16,12:00,13.28969478607178
DA176,2019-11-16,16:11,37.94094085693359
DA176,2019-11-16,21:20,12.64000034332275
DA176,2019-11-17,8:07,7.5
DA176,2019-11-17,12:00,11.83255481719971
DA176,2019-11-17,17:00,40.41339492797852
DA176,2019-11-17,20:27,12.64000034332275
DA176,2019-11-18,7:39,9.141300201416016
DA176,2019-11-18,12:00,12.13015460968018
DA176,2019-11-18,17:00,38.21601486206055
DA176,2019-11-18,20:50,6.480000019073486
DA176,2019-11-19,6:32,9.141300201416016
DA176,2019-11-19,12:00,10.10752487182617
DA176,2019-11-19,17:00,55.09309005737305
DA176,2019-11-19,20:32,10.48200035095215
DA176,2019-11-20,08:00,9.556300163269043
DA176,2019-11-20,12:00,14.446852684021
DA176,2019-11-20,17:00,11.75876235961914
DA176,2019-11-20,19:43,6.480000019073486
DA176,2019-11-21,08:00,9.691300392150879
DA176,2019-11-21,12:28,11.35334968566895
DA176,2019-11-21,17:00,14.23148250579834
DA176,2019-11-21,22:39,14.14000034332275
DA176,2019-11-22,08:00,14.98878002166748
DA176,2019-11-22,11:46,9.388762474060059
DA176,2019-11-22,17:42,35.05300521850586
DA176,2019-11-22,21:42,9.509699821472168
DA176,2019-11-23,08:00,10.06130027770996
DA176,2019-11-23,12:43,9.79484748840332
DA176,2019-11-23,17:52,34.91547012329102
DA176,2019-11-23,21:02,14.14000034332275
DA176,2019-11-24,7:57,15.80000019073486
DA176,2019-11-24,12:00,10.25127792358398
DA176,2019-11-24,17:00,5.458762645721436
DA176,2019-11-24,20:26,26.00200080871582
DA176,2019-11-25,08:00,9.966300010681152
DA176,2019-11-25,12:22,11.83255481719971
DA176,2019-11-25,17:00,35.05300521850586
DA176,2019-11-25,19:22,10.98000049591064
DA176,2019-11-26,8:31,9.685050010681152
DA176,2019-11-26,12:00,8.670000076293945
DA176,2019-11-26,17:00,55.09309005737305
DA176,2019-11-26,21:57,14.32000064849854
DA176,2019-11-27,6:46,9.556300163269043
DA176,2019-11-27,12:00,9.024947166442871
DA176,2019-11-27,17:47,34.36149978637695
DA176,2019-11-27,20:00,8.140000343322754
DA176,2019-11-28,,9.691300392150879
DA176,2019-11-28,,16.72005081176758
DA176,2019-11-28,,7.828762531280518
DA176,2019-11-28,,12.48000049591064
DA176,2019-11-29,,14.48878002166748
DA176,2019-11-29,,11.5678129196167
DA176,2019-11-29,,37.60316467285156
DA176,2019-11-29,,6.480000019073486
DA177,2019-11-15,11:56,25.52085494995117
DA177,2019-11-15,17:56,27.57585906982422
DA177,2019-11-16,7:37,10.06130027770996
DA177,2019-11-16,12:00,12.00010204315186
DA177,2019-11-16,17:00,24.79760932922363
DA177,2019-11-17,8:05,16.60000038146973
DA177,2019-11-17,12:00,18.31768417358398
DA177,2019-11-17,17:00,40.41339492797852
DA177,2019-11-18,08:00,9.141300201416016
DA177,2019-11-18,12:00,16.35775566101074
DA177,2019-11-18,17:00,8.513467788696289
DA177,2019-11-18,22:18,4.980000019073486
DA177,2019-11-19,08:00,7.389269828796387
DA177,2019-11-19,12:11,25.46176338195801
DA177,2019-11-19,17:00,48.93154525756836
DA177,2019-11-20,6:56,9.97130012512207
DA177,2019-11-20,12:00,14.446852684021
DA177,2019-11-20,17:00,24.80428695678711
DA177,2019-11-20,20:15,4.980000019073486
DA177,2019-11-21,7:44,9.691300392150879
DA177,2019-11-21,12:00,19.00670051574707
DA177,2019-11-21,17:00,14.23148250579834
DA177,2019-11-21,21:14,6.640000343322754
DA177,2019-11-22,7:48,14.48878002166748
DA177,2019-11-22,12:15,24.37399291992188
DA177,2019-11-22,16:56,18.06927299499512
DA177,2019-11-22,19:56,6.640000343322754
DA177,2019-11-23,8:11,10.06130027770996
DA177,2019-11-23,12:11,16.74920845031738
DA177,2019-11-23,17:00,21.77214050292969
DA177,2019-11-23,22:48,6.640000343322754
DA177,2019-11-24,7:30,15.80000019073486
DA177,2019-11-24,12:56,16.73640823364258
DA177,2019-11-24,17:56,3.088762521743774
DA177,2019-11-24,20:41,14.5
DA177,2019-11-25,08:00,9.966300010681152
DA177,2019-11-25,11:20,16.35775566101074
DA177,2019-11-25,17:00,5.533007621765137
DA177,2019-11-25,21:18,13.17380046844482
DA177,2019-11-26,08:00,9.685050010681152
DA177,2019-11-26,12:00,24.74300003051758
DA177,2019-11-26,17:00,55.09309005737305
DA177,2019-11-26,21:50,14.85379981994629
DA177,2019-11-27,8:26,9.556300163269043
DA177,2019-11-27,12:00,6.280967712402344
DA177,2019-11-27,17:00,20.0577278137207
DA177,2019-11-27,20:00,13.17380046844482
DA177,2019-11-28,08:00,9.691300392150879
DA177,2019-11-28,12:00,19.00670051574707
DA177,2019-11-28,17:56,7.828762531280518
DA177,2019-11-28,22:56,6.640000343322754
DA177,2019-11-29,,14.48878002166748
DA177,2019-11-29,,24.58804321289062
DA177,2019-11-29,,26.43520736694336
DA177,2019-11-29,,8.300000190734863
DA178,2019-11-15,12:18,25.52085494995117
DA178,2019-11-15,17:00,39.41746139526367
DA178,2019-11-16,8:18,10.06130027770996
DA178,2019-11-16,12:18,14.37010288238525
DA178,2019-11-16,17:00,24.79760932922363
DA178,2019-11-17,08:00,24.10000038146973
DA178,2019-11-17,12:00,18.31768417358398
DA178,2019-11-17,17:00,40.41339492797852
DA178,2019-11-18,08:00,9.966300010681152
DA178,2019-11-18,12:00,16.35775566101074
DA178,2019-11-18,17:48,10.88346767425537
DA178,2019-11-19,6:03,9.685050010681152
DA178,2019-11-19,12:00,23.09176254272461
DA178,2019-11-19,17:00,48.93154525756836
DA178,2019-11-20,08:00,9.556300163269043
DA178,2019-11-20,12:00,14.446852684021
DA178,2019-11-20,17:00,24.80428695678711
DA178,2019-11-21,8:24,9.691300392150879
DA178,2019-11-21,12:18,16.32335090637207
DA178,2019-11-21,17:00,14.23148250579834
DA178,2019-11-21,19:14,6.53380012512207
DA178,2019-11-22,7:41,14.48878002166748
DA178,2019-11-22,12:19,24.37399291992188
DA178,2019-11-22,16:56,18.06927299499512
DA178,2019-11-22,21:41,11.5137996673584
DA178,2019-11-23,08:00,10.06130027770996
DA178,2019-11-23,12:00,16.74920845031738
DA178,2019-11-23,17:00,24.14213943481445
DA178,2019-11-24,8:48,15.80000019073486
DA178,2019-11-24,12:00,16.73640823364258
DA178,2019-11-24,17:00,3.088762521743774
DA178,2019-11-24,19:14,11.18000030517578
DA178,2019-11-25,8:18,9.966300010681152
DA178,2019-11-25,11:33,16.35775566101074
DA178,2019-11-25,17:00,5.533007621765137
DA178,2019-11-25,21:26,11.5137996673584
DA178,2019-11-26,08:00,9.685050010681152
DA178,2019-11-26,12:00,24.74300003051758
DA178,2019-11-26,17:00,52.72309112548828
DA178,2019-11-26,19:56,19.72760009765625
DA178,2019-11-27,7:26,9.556300163269043
DA178,2019-11-27,12:00,6.280967712402344
DA178,2019-11-27,17:00,20.0577278137207
DA178,2019-11-27,22:48,6.989700317382812
DA178,2019-11-28,8:09,9.691300392150879
DA178,2019-11-28,12:00,21.69005012512207
DA178,2019-11-28,16:56,7.828762531280518
DA178,2019-11-28,20:39,3.320000171661377
DA178,2019-11-29,,14.48878002166748
DA178,2019-11-29,,24.58804321289062
DA178,2019-11-29,,24.06520843505859
DA178,2019-11-29,,3.320000171661377
DA179,2019-11-15,12:00,27.3864803314209
DA179,2019-11-15,17:51,50.41172027587891
DA179,2019-11-15,19:51,3.320000171661377
DA179,2019-11-16,7:13,17.4128589630127
DA179,2019-11-16,12:00,26.24990081787109
DA179,2019-11-16,17:00,23.73855018615723
DA179,2019-11-16,19:26,11.5137996673584
DA179,2019-11-17,7:35,15.80000019073486
DA179,2019-11-17,12:58,21.48023986816406
DA179,2019-11-17,17:00,35.67339324951172
DA179,2019-11-17,20:09,16.38759994506836
DA179,2019-11-18,6:50,13.08708000183105
DA179,2019-11-18,11:13,19.52030944824219
DA179,2019-11-18,17:00,13.87294960021973
DA179,2019-11-19,7:35,10.22879981994629
DA179,2019-11-19,12:05,27.61804962158203
DA179,2019-11-19,17:00,60.30617904663086
DA179,2019-11-19,19:01,13.06760025024414
DA179,2019-11-20,7:35,15.39285945892334
DA179,2019-11-20,12:00,24.15370559692383
DA179,2019-11-20,17:00,41.56610107421875
DA179,2019-11-20,20:06,13.06760025024414
DA179,2019-11-21,7:13,6.749740123748779
DA179,2019-11-21,12:05,19.00670051574707
DA179,2019-11-21,17:00,21.10652542114258
DA179,2019-11-21,19:06,9.960000038146973
DA179,2019-11-22,08:00,15.98878002166748
DA179,2019-11-22,12:00,26.5302791595459
DA179,2019-11-22,17:00,26.65854454040527
DA179,2019-11-22,21:41,13.17380046844482
DA179,2019-11-23,7:28,17.4128589630127
DA179,2019-11-23,12:43,20.12375068664551
DA179,2019-11-23,17:13,23.73855018615723
DA179,2019-11-23,20:36,17.46000099182129
DA179,2019-11-24,7:39,15.80000019073486
DA179,2019-11-24,12:00,21.48023986816406
DA179,2019-11-24,17:00,34.35305023193359
DA179,2019-11-25,08:00,15.38286018371582
DA179,2019-11-25,12:00,13.49969959259033
DA179,2019-11-25,17:21,7.912030220031738
DA179,2019-11-25,21:51,19.70759963989258
DA179,2019-11-26,7:35,12.52458000183105
DA179,2019-11-26,12:00,24.74300003051758
DA179,2019-11-26,17:00,60.30617904663086
DA179,2019-11-26,20:21,18.44479942321777
DA179,2019-11-27,08:00,10.80130004882812
DA179,2019-11-27,12:00,6.64192008972168
DA179,2019-11-27,16:00,30.63545417785645
DA179,2019-11-27,21:06,19.70759963989258
DA179,2019-11-28,08:00,15.38286018371582
DA179,2019-11-28,12:00,19.00670051574707
DA179,2019-11-28,17:51,6.177525043487549
DA179,2019-11-28,21:41,26.16760063171387
DA179,2019-11-29,,13.69299983978271
DA179,2019-11-29,,25.52085494995117
DA179,2019-11-29,,33.10205078125
DA179,2019-11-29,,9.853799819946289
DA180,2019-11-15,11:54,25.52085494995117
DA180,2019-11-15,16:53,37.04745864868164
DA180,2019-11-16,08:00,10.06130027770996
DA180,2019-11-16,12:00,15.49495029449463
DA180,2019-11-16,17:00,22.42761039733887
DA180,2019-11-17,7:04,24.10000038146973
DA180,2019-11-17,12:00,18.31768417358398
DA180,2019-11-17,17:00,38.04339599609375
DA180,2019-11-18,08:00,9.966300010681152
DA180,2019-11-18,12:00,16.35775566101074
DA180,2019-11-18,17:00,8.513467788696289
DA180,2019-11-19,7:09,9.685050010681152
DA180,2019-11-19,12:24,26.1805248260498
DA180,2019-11-19,17:00,48.93154525756836
DA180,2019-11-20,8:24,9.556300163269043
DA180,2019-11-20,12:00,14.446852684021
DA180,2019-11-20,17:00,24.80428695678711
DA180,2019-11-20,22:08,3.320000171661377
DA180,2019-11-21,8:24,9.691300392150879
DA180,2019-11-21,12:54,19.00670051574707
DA180,2019-11-21,17:00,5.458762645721436
DA180,2019-11-21,20:03,19.06760025024414
DA180,2019-11-22,7:46,14.48878002166748
DA180,2019-11-22,11:01,24.37399291992188
DA180,2019-11-22,17:00,18.06927299499512
DA180,2019-11-22,21:08,6.53380012512207
DA180,2019-11-23,6:46,10.06130027770996
DA180,2019-11-23,12:00,16.74920845031738
DA180,2019-11-23,17:16,24.14213943481445
DA180,2019-11-23,22:01,1.660000085830688
DA180,2019-11-24,08:00,15.80000019073486
DA180,2019-11-24,11:34,16.73640823364258
DA180,2019-11-24,17:48,3.088762521743774
DA180,2019-11-24,21:33,11.18000030517578
DA180,2019-11-25,8:24,9.966300010681152
DA180,2019-11-25,12:00,16.35775566101074
DA180,2019-11-25,17:00,5.533007621765137
DA180,2019-11-25,22:08,3.320000171661377
DA180,2019-11-26,08:00,9.685050010681152
DA180,2019-11-26,12:24,24.74300003051758
DA180,2019-11-26,17:00,55.09309005737305
DA180,2019-11-26,20:28,18.06760025024414
DA180,2019-11-27,08:00,9.556300163269043
DA180,2019-11-27,12:00,6.280967712402344
DA180,2019-11-27,17:00,26.17221069335938
DA180,2019-11-27,21:23,4.980000019073486
DA180,2019-11-28,08:00,9.691300392150879
DA180,2019-11-28,11:24,19.00670051574707
DA180,2019-11-28,17:00,7.828762531280518
DA180,2019-11-28,21:23,14.72760009765625
DA180,2019-11-29,,14.48878002166748
DA180,2019-11-29,,24.58804321289062
DA180,2019-11-29,,26.43520736694336
DA180,2019-11-29,,3.320000171661377
DA181,2019-11-15,11:58,25.52085494995117
DA181,2019-11-15,17:57,37.04745864868164
DA181,2019-11-15,21:20,10.54629611968994
DA181,2019-11-16,7:28,10.06130027770996
DA181,2019-11-16,12:00,14.37010288238525
DA181,2019-11-16,17:00,24.79760932922363
DA181,2019-11-16,22:57,18.59000015258789
DA181,2019-11-17,7:05,15.80000019073486
DA181,2019-11-17,12:37,20.68768501281738
DA181,2019-11-17,17:00,40.41339492797852
DA181,2019-11-17,19:27,14.6338005065918
DA181,2019-11-18,7:43,9.966300010681152
DA181,2019-11-18,12:00,16.35775566101074
DA181,2019-11-18,17:00,10.88346767425537
DA181,2019-11-18,21:27,12.8602991104126
DA181,2019-11-19,7:20,9.685050010681152
DA181,2019-11-19,12:13,25.46176338195801
DA181,2019-11-19,17:00,48.93154525756836
DA181,2019-11-19,20:27,11.5137996673584
DA181,2019-11-20,7:17,9.556300163269043
DA181,2019-11-20,12:00,14.446852684021
DA181,2019-11-20,16:52,24.80428695678711
DA181,2019-11-20,21:50,13.49649906158447
DA181,2019-11-21,08:00,9.691300392150879
DA181,2019-11-21,11:07,16.32335090637207
DA181,2019-11-21,17:57,14.23148250579834
DA181,2019-11-21,22:05,22.73380088806152
DA181,2019-11-22,08:00,14.48878002166748
DA181,2019-11-22,12:00,24.37399291992188
DA181,2019-11-22,16:07,18.06927299499512
DA181,2019-11-22,21:50,23.46380043029785
DA181,2019-11-23,7:28,10.06130027770996
DA181,2019-11-23,12:00,16.74920845031738
DA181,2019-11-23,17:00,24.14213943481445
DA181,2019-11-23,20:37,13.17380046844482
DA181,2019-11-24,08:00,15.80000019073486
DA181,2019-11-24,12:00,16.73640823364258
DA181,2019-11-24,16:22,5.458762645721436
DA181,2019-11-24,21:57,26.05879974365234
DA181,2019-11-25,08:00,9.966300010681152
DA181,2019-11-25,12:00,16.35775566101074
DA181,2019-11-25,16:35,5.533007621765137
DA181,2019-11-25,21:52,13.17380046844482
DA181,2019-11-26,6:42,9.685050010681152
DA181,2019-11-26,12:28,24.74300003051758
DA181,2019-11-26,16:48,55.09309005737305
DA181,2019-11-26,21:42,14.85379981994629
DA181,2019-11-27,7:35,9.556300163269043
DA181,2019-11-27,12:00,6.654947280883789
DA181,2019-11-27,17:00,17.6877269744873
DA181,2019-11-27,20:37,22.00379943847656
DA181,2019-11-28,08:00,9.691300392150879
DA181,2019-11-28,12:00,19.00670051574707
DA181,2019-11-28,17:12,7.828762531280518
DA181,2019-11-28,22:12,17.95380020141602
DA181,2019-11-29,8:28,14.48878002166748
DA181,2019-11-29,12:00,24.58804321289062
DA181,2019-11-29,17:00,26.43520736694336
DA181,2019-11-29,20:00,20.34379959106445
DA182,2019-11-15,11:58,21.28523063659668
DA182,2019-11-15,17:00,25.96718978881836
DA182,2019-11-16,7:13,14.65285968780518
DA182,2019-11-16,12:00,15.3746452331543
DA182,2019-11-16,17:00,21.36854934692383
DA182,2019-11-17,08:00,15.80000019073486
DA182,2019-11-17,12:00,15.94768524169922
DA182,2019-11-17,17:00,34.23587036132812
DA182,2019-11-18,7:59,9.966300010681152
DA182,2019-11-18,12:00,9.760154724121094
DA182,2019-11-18,17:48,10.40471267700195
DA182,2019-11-19,8:09,8.003865242004395
DA182,2019-11-19,12:36,25.71428680419922
DA182,2019-11-19,17:00,49.1680908203125
DA182,2019-11-20,6:29,9.97130012512207
DA182,2019-11-20,11:43,21.78370475769043
DA182,2019-11-20,17:29,37.75857543945312
DA182,2019-11-21,8:09,7.945519924163818
DA182,2019-11-21,12:00,16.63669967651367
DA182,2019-11-21,17:00,20.38776206970215
DA182,2019-11-21,19:55,21.17779922485352
DA182,2019-11-22,7:21,12.69299983978271
DA182,2019-11-22,11:53,13.26513957977295
DA182,2019-11-22,16:44,22.31053733825684
DA182,2019-11-23,7:06,10.98130035400391
DA182,2019-11-23,12:00,17.87405586242676
DA182,2019-11-23,16:24,20.05760955810547
DA182,2019-11-23,20:29,3.320000171661377
DA182,2019-11-24,6:44,15.80000019073486
DA182,2019-11-24,12:08,15.94768524169922
DA182,2019-11-24,17:54,15.9915246963501
DA182,2019-11-25,7:28,9.966300010681152
DA182,2019-11-25,12:51,16.61121940612793
DA182,2019-11-25,17:59,5.934022426605225
DA182,2019-11-26,7:59,8.476770401000977
DA182,2019-11-26,12:00,23.5580005645752
DA182,2019-11-26,17:00,52.72309112548828
DA182,2019-11-26,19:51,6.659999847412109
DA182,2019-11-27,7:36,9.97130012512207
DA182,2019-11-27,12:00,4.068920135498047
DA182,2019-11-27,17:00,28.26545524597168
DA182,2019-11-27,19:18,9.853799819946289
DA182,2019-11-28,7:48,10.24129962921143
DA182,2019-11-28,12:58,16.63669967651367
DA182,2019-11-28,17:00,4.273762702941895
DA182,2019-11-28,19:51,6.679999828338623
DA182,2019-11-29,,13.69299983978271
DA182,2019-11-29,,18.42204666137695
DA182,2019-11-29,,31.15571975708008
DA183,2019-11-15,12:08,25.52085494995117
DA183,2019-11-15,17:00,38.02062606811523
DA183,2019-11-15,19:08,22.37380027770996
DA183,2019-11-16,7:23,10.06130027770996
DA183,2019-11-16,12:00,14.37010288238525
DA183,2019-11-16,17:00,24.79760932922363
DA183,2019-11-16,19:18,3.320000171661377
DA183,2019-11-17,11:27,18.31768417358398
DA183,2019-11-17,17:45,40.41339492797852
DA183,2019-11-18,7:23,9.966300010681152
DA183,2019-11-18,12:00,16.35775566101074
DA183,2019-11-18,17:00,10.88346767425537
DA183,2019-11-18,19:45,8.543499946594238
DA183,2019-11-19,8:12,7.389269828796387
DA183,2019-11-19,12:00,23.09176254272461
DA183,2019-11-19,17:08,48.93154525756836
DA183,2019-11-19,21:00,6.640000343322754
DA183,2019-11-20,8:16,9.556300163269043
DA183,2019-11-20,12:01,14.446852684021
DA183,2019-11-20,17:00,24.80428695678711
DA183,2019-11-20,20:00,6.640000343322754
DA183,2019-11-21,,9.691300392150879
DA183,2019-11-21,,19.00670051574707
DA183,2019-11-21,,14.23148250579834
DA183,2019-11-21,,6.640000343322754
DA183,2019-11-22,,14.48878002166748
DA183,2019-11-22,,24.37399291992188
DA183,2019-11-22,,18.06927299499512
DA183,2019-11-25,,9.966300010681152
DA183,2019-11-25,,16.35775566101074
DA183,2019-11-25,,5.533007621765137
DA183,2019-11-25,,13.17380046844482
DA183,2019-11-26,,9.685050010681152
DA183,2019-11-26,,24.74300003051758
DA183,2019-11-26,,55.09309005737305
DA183,2019-11-26,,23.06760025024414
DA183,2019-11-27,,9.556300163269043
DA183,2019-11-27,,6.654947280883789
DA183,2019-11-27,,26.17221069335938
DA183,2019-11-27,,6.640000343322754
DA183,2019-11-28,,9.691300392150879
DA183,2019-11-28,,21.69005012512207
DA183,2019-11-28,,5.458762645721436
DA183,2019-11-28,,6.640000343322754
DA183,2019-11-29,,14.48878002166748
DA183,2019-11-29,,24.58804321289062
DA183,2019-11-29,,24.06520843505859
DA183,2019-11-29,,8.319999694824219
DA184,2019-11-15,11:48,28.58847427368164
DA184,2019-11-15,16:25,38.02062606811523
DA184,2019-11-15,21:03,2.009700059890747
DA184,2019-11-16,7:29,10.06130027770996
DA184,2019-11-16,12:00,15.49495029449463
DA184,2019-11-16,17:00,22.42761039733887
DA184,2019-11-17,08:00,24.10000038146973
DA184,2019-11-17,12:00,18.31768417358398
DA184,2019-11-17,17:00,38.04339599609375
DA184,2019-11-18,8:55,9.966300010681152
DA184,2019-11-18,12:48,13.98775482177734
DA184,2019-11-18,17:00,8.513467788696289
DA184,2019-11-18,19:51,11.5137996673584
DA184,2019-11-19,7:40,9.685050010681152
DA184,2019-11-19,12:55,25.46176338195801
DA184,2019-11-19,17:00,46.56154632568359
DA184,2019-11-19,19:06,13.17380046844482
DA184,2019-11-20,08:00,9.556300163269043
DA184,2019-11-20,12:00,14.446852684021
DA184,2019-11-20,16:38,22.43428802490234
DA184,2019-11-20,20:23,8.300000190734863
DA184,2019-11-21,8:55,9.691300392150879
DA184,2019-11-21,12:48,19.00670051574707
DA184,2019-11-21,17:00,14.23148250579834
DA184,2019-11-21,20:03,13.28000068664551
DA184,2019-11-22,7:25,14.48878002166748
DA184,2019-11-22,12:00,24.37399291992188
DA184,2019-11-22,16:08,15.69927215576172
DA184,2019-11-23,8:18,10.06130027770996
DA184,2019-11-23,12:18,16.74920845031738
DA184,2019-11-23,17:48,24.14213943481445
DA184,2019-11-25,,9.141300201416016
DA184,2019-11-25,,16.35775566101074
DA184,2019-11-25,,5.533007621765137
DA184,2019-11-26,,9.685050010681152
DA184,2019-11-26,,24.74300003051758
DA184,2019-11-26,,52.72309112548828
DA184,2019-11-26,,1.679999947547913
DA184,2019-11-27,,9.556300163269043
DA184,2019-11-27,,6.654947280883789
DA184,2019-11-27,,17.6877269744873
DA184,2019-11-27,,19.70759963989258
DA184,2019-11-28,,9.691300392150879
DA184,2019-11-28,,21.69005012512207
DA184,2019-11-28,,7.828762531280518
DA184,2019-11-29,,14.48878002166748
DA184,2019-11-29,,24.58804321289062
DA184,2019-11-29,,26.43520736694336
DA185,2019-11-15,12:27,27.3864803314209
DA185,2019-11-15,17:49,50.41172027587891
DA185,2019-11-16,7:42,17.4128589630127
DA185,2019-11-16,12:00,26.24990081787109
DA185,2019-11-16,17:00,23.73855018615723
DA185,2019-11-16,19:07,11.5137996673584
DA185,2019-11-17,8:35,8.300000190734863
DA185,2019-11-17,12:00,21.48023986816406
DA185,2019-11-17,17:00,39.48091888427734
DA185,2019-11-17,19:34,16.36574935913086
DA185,2019-11-18,08:00,9.320520401000977
DA185,2019-11-18,11:35,19.52030944824219
DA185,2019-11-18,17:00,11.50294971466064
DA185,2019-11-18,21:19,1.004850029945374
DA185,2019-11-19,08:00,9.685050010681152
DA185,2019-11-19,12:00,27.61804962158203
DA185,2019-11-19,17:00,57.93618011474609
DA185,2019-11-19,19:49,13.17380046844482
DA185,2019-11-20,7:19,12.26708030700684
DA185,2019-11-20,12:00,24.94671249389648
DA185,2019-11-20,17:00,40.84733581542969
DA185,2019-11-20,20:40,9.853799819946289
DA185,2019-11-21,7:42,15.93286037445068
DA185,2019-11-21,12:00,19.00670051574707
DA185,2019-11-21,17:00,23.47652435302734
DA185,2019-11-21,20:04,13.17380046844482
DA185,2019-11-22,08:00,14.98878002166748
DA185,2019-11-22,11:30,20.36394691467285
DA185,2019-11-22,16:57,27.45155334472656
DA185,2019-11-22,21:19,6.640000343322754
DA185,2019-11-23,7:27,13.27707958221436
DA185,2019-11-23,12:57,18.99890327453613
DA185,2019-11-23,17:00,22.42761039733887
DA185,2019-11-23,20:00,3.320000171661377
DA185,2019-11-24,7:05,15.80000019073486
DA185,2019-11-24,12:00,19.89896202087402
DA185,2019-11-24,17:00,15.00699043273926
DA185,2019-11-25,8:20,9.966300010681152
DA185,2019-11-25,12:00,13.60120010375977
DA185,2019-11-25,17:00,5.14101505279541
DA185,2019-11-25,19:53,13.17380046844482
DA185,2019-11-26,7:27,5.637239933013916
DA185,2019-11-26,12:00,24.74300003051758
DA185,2019-11-26,17:00,60.30617904663086
DA185,2019-11-26,20:46,16.5137996673584
DA185,2019-11-27,8:50,9.97130012512207
DA185,2019-11-27,12:00,6.64192008972168
DA185,2019-11-27,17:55,32.07297897338867
DA185,2019-11-27,21:42,23.22380065917969
DA185,2019-11-28,6:49,12.53707981109619
DA185,2019-11-28,12:00,17.82169914245605
DA185,2019-11-28,16:34,4.992525100708008
DA185,2019-11-28,20:00,21.5388011932373
DA185,2019-11-29,,15.98878002166748
DA185,2019-11-29,,24.33585548400879
DA185,2019-11-29,,31.15571975708008
DA185,2019-11-29,,14.87880039215088
DA186,2019-11-15,12:13,6.353437423706055
DA186,2019-11-15,17:00,49.43855667114258
DA186,2019-11-16,08:00,12.48530960083008
DA186,2019-11-16,12:00,19.74757766723633
DA186,2019-11-16,17:00,4.336410045623779
DA186,2019-11-17,08:00,24.10000038146973
DA186,2019-11-17,12:00,13.11011981964111
DA186,2019-11-17,17:00,38.04339599609375
DA186,2019-11-18,8:54,9.141300201416016
DA186,2019-11-18,12:00,7.113832473754883
DA186,2019-11-18,17:06,12.2869348526001
DA186,2019-11-19,8:18,10.22879981994629
DA186,2019-11-19,11:58,16.89778709411621
DA186,2019-11-19,17:59,60.30617904663086
DA186,2019-11-20,7:10,9.97130012512207
DA186,2019-11-20,12:13,19.6967830657959
DA186,2019-11-20,17:00,31.64081192016602
DA186,2019-11-20,20:00,1.679999947547913
DA186,2019-11-21,08:00,7.945519924163818
DA186,2019-11-21,12:00,13.83005046844482
DA186,2019-11-21,17:00,32.49568557739258
DA186,2019-11-21,19:21,1.679999947547913
DA186,2019-11-22,8:58,10.14130020141602
DA186,2019-11-22,12:00,3.807524919509888
DA186,2019-11-22,17:29,25.08155250549316
DA186,2019-11-23,7:28,15.82878017425537
DA186,2019-11-23,12:00,15.15296459197998
DA186,2019-11-23,17:00,4.336410045623779
DA186,2019-11-24,08:00,24.10000038146973
DA186,2019-11-24,12:00,11.52884292602539
DA186,2019-11-24,16:36,19.42172241210938
DA186,2019-11-25,7:28,15.38286018371582
DA186,2019-11-25,12:51,25.84542083740234
DA186,2019-11-25,16:44,19.51853370666504
DA186,2019-11-26,6:43,11.98083019256592
DA186,2019-11-26,12:00,21.89853668212891
DA186,2019-11-26,17:00,60.30617904663086
DA186,2019-11-27,,12.26708030700684
DA186,2019-11-27,,24.94671249389648
DA186,2019-11-27,,31.35421752929688
DA186,2019-11-28,,12.53707981109619
DA186,2019-11-28,,22.14839935302734
DA186,2019-11-28,,41.98716735839844
DA186,2019-11-29,,10.14130020141602
DA186,2019-11-29,,9.897245407104492
DA186,2019-11-29,,31.15571975708008
DA187,2019-11-15,12:01,24.21068000793457
DA187,2019-11-15,17:00,49.43855667114258
DA187,2019-11-16,6:46,12.48530960083008
DA187,2019-11-16,12:00,21.99727249145508
DA187,2019-11-16,17:00,23.73855018615723
DA187,2019-11-17,08:00,24.10000038146973
DA187,2019-11-17,12:00,18.87645721435547
DA187,2019-11-17,17:00,39.48091888427734
DA187,2019-11-18,7:16,13.08708000183105
DA187,2019-11-18,12:00,17.40650939941406
DA187,2019-11-18,17:00,13.87294960021973
DA187,2019-11-19,6:38,13.06832981109619
DA187,2019-11-19,12:00,26.89928817749023
DA187,2019-11-19,17:00,60.30617904663086
DA187,2019-11-19,19:42,1.679999947547913
DA187,2019-11-20,08:00,12.68208026885986
DA187,2019-11-20,12:00,25.73971939086914
DA187,2019-11-20,16:30,41.56610107421875
DA187,2019-11-21,08:00,13.08708000183105
DA187,2019-11-21,12:00,22.14839935302734
DA187,2019-11-21,17:30,42.70592880249023
DA187,2019-11-21,21:50,1.679999947547913
DA187,2019-11-22,7:49,12.43708038330078
DA187,2019-11-22,12:00,21.08271026611328
DA187,2019-11-22,17:00,28.24456024169922
DA187,2019-11-23,7:31,19.04455947875977
DA187,2019-11-23,12:01,20.12375068664551
DA187,2019-11-23,17:00,23.73855018615723
DA187,2019-11-24,6:53,24.10000038146973
DA187,2019-11-24,12:00,18.87645721435547
DA187,2019-11-24,17:00,25.27397918701172
DA187,2019-11-25,,14.55786037445068
DA187,2019-11-25,,25.84542083740234
DA187,2019-11-25,,22.68154144287109
DA187,2019-11-26,,15.36410999298096
DA187,2019-11-26,,26.89928817749023
DA187,2019-11-26,,60.30617904663086
DA187,2019-11-27,,14.56285953521729
DA187,2019-11-27,,25.73971939086914
DA187,2019-11-27,,31.35421752929688
DA187,2019-11-28,,14.83285999298096
DA187,2019-11-28,,22.14839935302734
DA187,2019-11-28,,41.98716735839844
DA187,2019-11-29,,12.93708038330078
DA187,2019-11-29,,22.65767288208008
DA187,2019-11-29,,33.10205078125
DA188,2019-11-15,11:48,27.3864803314209
DA188,2019-11-15,17:25,50.41172027587891
DA188,2019-11-16,08:00,13.40530967712402
DA188,2019-11-16,12:00,25.12505340576172
DA188,2019-11-16,16:58,19.64438247680664
DA188,2019-11-17,8:18,24.10000038146973
DA188,2019-11-17,12:58,17.29517936706543
DA188,2019-11-17,17:38,38.04339599609375
DA188,2019-11-18,7:18,9.141300201416016
DA188,2019-11-18,11:48,5.532555103302002
DA188,2019-11-18,17:00,13.07994270324707
DA188,2019-11-19,8:10,14.82036018371582
DA188,2019-11-19,12:00,21.89853668212891
DA188,2019-11-19,17:40,60.30617904663086
DA188,2019-11-19,22:03,1.679999947547913
DA188,2019-11-20,7:10,12.68208026885986
DA188,2019-11-20,11:48,24.94671249389648
DA188,2019-11-20,17:13,33.07833862304688
DA188,2019-11-21,7:47,10.24129962921143
DA188,2019-11-21,12:25,17.24004936218262
DA188,2019-11-21,17:33,41.98716735839844
DA188,2019-11-21,20:00,1.679999947547913
DA188,2019-11-22,08:00,10.14130020141602
DA188,2019-11-22,12:25,16.35390281677246
DA188,2019-11-22,17:00,27.45155334472656
DA188,2019-11-23,6:32,16.748779296875
DA188,2019-11-23,12:00,18.99890327453613
DA188,2019-11-23,17:00,19.64438247680664
DA188,2019-11-24,7:10,24.10000038146973
DA188,2019-11-24,12:25,12.32139778137207
DA188,2019-11-24,17:03,20.8592472076416
DA188,2019-11-25,7:53,13.73285961151123
DA188,2019-11-25,12:58,21.61782073974609
DA188,2019-11-25,16:33,19.51853370666504
DA188,2019-11-26,08:00,10.77254962921143
DA188,2019-11-26,12:00,18.80977439880371
DA188,2019-11-26,17:48,52.72309112548828
DA188,2019-11-27,7:25,10.3863000869751
DA188,2019-11-27,12:03,24.15370559692383
DA188,2019-11-27,17:33,30.63545417785645
DA188,2019-11-28,7:17,11.98707962036133
DA188,2019-11-28,12:23,17.55340003967285
DA188,2019-11-28,17:33,41.98716735839844
DA188,2019-11-29,,12.43708038330078
DA188,2019-11-29,,17.92886543273926
DA188,2019-11-29,,32.12888336181641
DA189,2019-11-15,11:50,26.20148086547852
DA189,2019-11-15,17:00,50.41172027587891
DA189,2019-11-16,6:30,15.70108985900879
DA189,2019-11-16,12:00,26.24990081787109
DA189,2019-11-16,17:00,19.64438247680664
DA189,2019-11-17,08:00,24.10000038146973
DA189,2019-11-17,12:00,17.29517936706543
DA189,2019-11-17,17:00,39.48091888427734
DA189,2019-11-18,6:40,12.26208019256592
DA189,2019-11-18,11:50,17.40650939941406
DA189,2019-11-18,16:49,13.07994270324707
DA189,2019-11-19,08:00,12.52458000183105
DA189,2019-11-19,11:15,21.89853668212891
DA189,2019-11-19,17:00,50.20618057250977
DA189,2019-11-19,21:42,1.679999947547913
DA189,2019-11-20,08:00,12.39503955841064
DA189,2019-11-20,12:00,21.28279685974121
DA189,2019-11-20,17:19,40.84733581542969
DA189,2019-11-21,6:57,10.24129962921143
DA189,2019-11-21,12:00,17.69840049743652
DA189,2019-11-21,17:00,41.98716735839844
DA189,2019-11-21,20:04,1.679999947547913
DA189,2019-11-22,6:34,10.64130020141602
DA189,2019-11-22,11:50,6.896287441253662
DA189,2019-11-22,16:19,28.24456024169922
DA189,2019-11-23,08:00,18.12455940246582
DA189,2019-11-23,12:00,17.40266036987305
DA189,2019-11-23,17:19,19.64438247680664
DA189,2019-11-24,8:09,24.10000038146973
DA189,2019-11-24,12:57,17.29517936706543
DA189,2019-11-24,17:00,24.55521774291992
DA189,2019-11-25,7:57,11.43708038330078
DA189,2019-11-25,12:00,23.73162078857422
DA189,2019-11-25,17:19,19.51853370666504
DA189,2019-11-26,6:19,15.36410999298096
DA189,2019-11-26,12:20,26.89928817749023
DA189,2019-11-26,17:45,60.30617904663086
DA189,2019-11-27,7:12,12.26708030700684
DA189,2019-11-27,11:50,24.94671249389648
DA189,2019-11-27,16:27,31.35421752929688
DA189,2019-11-28,,14.83285999298096
DA189,2019-11-28,,24.37339973449707
DA189,2019-11-28,,41.26840591430664
DA189,2019-11-29,,12.43708038330078
DA189,2019-11-29,,16.99605178833008
DA189,2019-11-29,,33.10205078125
DA190,2019-11-15,12:00,15.13042736053467
DA190,2019-11-15,17:07,50.41172027587891
DA190,2019-11-15,21:37,13.06760025024414
DA190,2019-11-16,8:37,12.48530960083008
DA190,2019-11-16,12:00,17.37757682800293
DA190,2019-11-16,16:56,22.42761039733887
DA190,2019-11-16,21:37,6.0
DA190,2019-11-17,8:57,24.10000038146973
DA190,2019-11-17,12:00,15.71390247344971
DA190,2019-11-17,17:00,38.76215744018555
DA190,2019-11-18,6:32,9.966300010681152
DA190,2019-11-18,12:00,7.646355152130127
DA190,2019-11-18,17:26,13.07994270324707
DA190,2019-11-18,21:44,1.808730006217957
DA190,2019-11-19,7:37,13.06832981109619
DA190,2019-11-19,12:01,13.00322532653809
DA190,2019-11-19,16:37,60.30617904663086
DA190,2019-11-19,22:14,1.679999947547913
DA190,2019-11-20,8:14,9.97130012512207
DA190,2019-11-20,12:00,24.15370559692383
DA190,2019-11-20,17:00,31.64081192016602
DA190,2019-11-21,08:00,10.24129962921143
DA190,2019-11-21,12:00,19.46504974365234
DA190,2019-11-21,16:07,41.98716735839844
DA190,2019-11-21,20:52,7.680000305175781
DA190,2019-11-22,08:00,12.93708038330078
DA190,2019-11-22,11:01,3.807524919509888
DA190,2019-11-22,17:52,27.45155334472656
DA190,2019-11-22,20:52,1.808730006217957
DA190,2019-11-23,7:42,14.1970796585083
DA190,2019-11-23,11:37,15.15296459197998
DA190,2019-11-23,17:37,3.025470018386841
DA190,2019-11-24,7:37,24.10000038146973
DA190,2019-11-24,12:37,12.53810214996338
DA190,2019-11-24,17:22,19.42172241210938
DA190,2019-11-25,7:07,14.55786037445068
DA190,2019-11-25,12:52,25.84542083740234
DA190,2019-11-25,17:00,18.72552680969238
DA190,2019-11-26,7:37,12.52458000183105
DA190,2019-11-26,12:57,21.89853668212891
DA190,2019-11-26,17:52,50.20618057250977
DA190,2019-11-27,7:37,14.56285953521729
DA190,2019-11-27,12:00,24.94671249389648
DA190,2019-11-27,17:37,32.07297897338867
DA190,2019-11-28,7:07,10.24129962921143
DA190,2019-11-28,12:00,22.14839935302734
DA190,2019-11-28,17:52,41.98716735839844
DA190,2019-11-29,7:37,12.43708038330078
DA190,2019-11-29,12:00,14.62605285644531
DA190,2019-11-29,17:00,33.10205078125
DA191,2019-11-15,12:37,4.23562479019165
DA191,2019-11-15,17:22,38.02062606811523
DA191,2019-11-16,7:52,12.48530960083008
DA191,2019-11-16,12:00,20.8724250793457
DA191,2019-11-16,17:00,18.33344268798828
DA191,2019-11-17,8:43,24.10000038146973
DA191,2019-11-17,12:00,14.69139766693115
DA191,2019-11-17,16:56,38.76215744018555
DA191,2019-11-18,08:00,11.43708038330078
DA191,2019-11-18,12:00,5.532555103302002
DA191,2019-11-18,16:30,11.58971214294434
DA191,2019-11-19,7:52,12.52458000183105
DA191,2019-11-19,12:00,22.61730003356934
DA191,2019-11-19,17:48,56.51463317871094
DA191,2019-11-19,22:00,1.679999947547913
DA191,2019-11-20,08:00,14.69081974029541
DA191,2019-11-20,11:02,24.94671249389648
DA191,2019-11-20,16:30,32.35957336425781
DA191,2019-11-21,7:47,10.24129962921143
DA191,2019-11-21,12:52,15.01504993438721
DA191,2019-11-21,17:37,41.98716735839844
DA191,2019-11-21,20:48,1.679999947547913
DA191,2019-11-22,7:22,7.34552001953125
DA191,2019-11-22,12:07,16.35390281677246
DA191,2019-11-22,17:12,23.16142845153809
DA191,2019-11-23,6:37,15.82878017425537
DA191,2019-11-23,12:30,17.40266036987305
DA191,2019-11-23,17:00,18.98891258239746
DA191,2019-11-24,08:00,24.10000038146973
DA191,2019-11-24,12:00,14.69139766693115
DA191,2019-11-24,17:37,24.55521774291992
DA191,2019-11-25,7:07,15.38286018371582
DA191,2019-11-25,12:30,23.73162078857422
DA191,2019-11-25,17:00,20.3115406036377
DA191,2019-11-26,7:07,15.90785980224609
DA191,2019-11-26,12:22,26.89928817749023
DA191,2019-11-26,16:52,60.30617904663086
DA191,2019-11-27,7:52,14.97785949707031
DA191,2019-11-27,12:00,24.15370559692383
DA191,2019-11-27,17:00,32.07297897338867
DA191,2019-11-28,7:07,12.53707981109619
DA191,2019-11-28,13:00,24.37339973449707
DA191,2019-11-28,17:22,41.98716735839844
DA191,2019-11-29,,10.14130020141602
DA191,2019-11-29,,18.42204666137695
DA191,2019-11-29,,32.12888336181641
DA192,2019-11-15,11:54,4.23562479019165
DA192,2019-11-15,17:40,49.43855667114258
DA192,2019-11-16,8:35,12.48530960083008
DA192,2019-11-16,12:00,20.8724250793457
DA192,2019-11-16,17:00,23.08308029174805
DA192,2019-11-17,7:09,24.10000038146973
DA192,2019-11-17,11:39,10.74011993408203
DA192,2019-11-17,17:58,30.79569053649902
DA192,2019-11-18,6:19,9.141300201416016
DA192,2019-11-18,12:00,9.483832359313965
DA192,2019-11-18,17:00,12.2869348526001
DA192,2019-11-19,08:00,13.06832981109619
DA192,2019-11-19,11:09,16.89778709411621
DA192,2019-11-19,17:00,52.72309112548828
DA192,2019-11-19,22:25,1.679999947547913
DA192,2019-11-20,6:25,9.97130012512207
DA192,2019-11-20,12:00,21.28279685974121
DA192,2019-11-20,17:00,40.12857437133789
DA192,2019-11-21,7:55,10.24129962921143
DA192,2019-11-21,11:39,12.33170032501221
DA192,2019-11-21,17:00,32.49568557739258
DA192,2019-11-21,20:00,1.679999947547913
DA192,2019-11-22,,10.14130020141602
DA192,2019-11-22,,3.807524919509888
DA192,2019-11-22,,22.3684196472168
DA192,2019-11-23,,18.12455940246582
DA192,2019-11-23,,16.27781295776367
DA192,2019-11-23,,14.89474487304688
DA192,2019-11-24,,24.10000038146973
DA192,2019-11-24,,8.136337280273438
DA192,2019-11-24,,25.27397918701172
DA192,2019-11-25,,15.38286018371582
DA192,2019-11-25,,25.84542083740234
DA192,2019-11-25,,19.51853370666504
DA192,2019-11-26,,13.06832981109619
DA192,2019-11-26,,27.61804962158203
DA192,2019-11-26,,60.30617904663086
DA192,2019-11-27,,14.97785949707031
DA192,2019-11-27,,28.10972023010254
DA192,2019-11-27,,32.07297897338867
DA192,2019-11-28,,15.38286018371582
DA192,2019-11-28,,24.37339973449707
DA192,2019-11-28,,41.98716735839844
DA192,2019-11-29,,11.93708038330078
DA192,2019-11-29,,22.65767288208008
DA192,2019-11-29,,33.10205078125
DA194,2019-11-15,11:41,7.538437366485596
DA194,2019-11-15,17:11,49.43855667114258
DA194,2019-11-16,7:41,13.40530967712402
DA194,2019-11-16,12:19,24.00020408630371
DA194,2019-11-16,17:00,23.08308029174805
DA194,2019-11-17,08:00,24.10000038146973
DA194,2019-11-17,12:00,9.934320449829102
DA194,2019-11-17,17:00,38.04339599609375
DA194,2019-11-18,7:19,6.84552001953125
DA194,2019-11-18,11:11,7.113832473754883
DA194,2019-11-18,17:00,12.2869348526001
DA194,2019-11-19,08:00,11.31630039215088
DA194,2019-11-19,11:41,21.89853668212891
DA194,2019-11-19,17:49,60.30617904663086
DA194,2019-11-19,22:11,1.679999947547913
DA194,2019-11-20,8:56,12.26708030700684
DA194,2019-11-20,12:00,24.94671249389648
DA194,2019-11-20,17:00,31.64081192016602
DA194,2019-11-21,7:32,9.691300392150879
DA194,2019-11-21,11:46,15.01504993438721
DA194,2019-11-21,17:00,31.77692222595215
DA194,2019-11-21,19:56,1.679999947547913
DA194,2019-11-22,7:45,10.64130020141602
DA194,2019-11-22,12:00,6.177525043487549
DA194,2019-11-22,17:11,26.65854454040527
DA194,2019-11-23,08:00,18.12455940246582
DA194,2019-11-23,12:00,16.27781295776367
DA194,2019-11-23,17:56,17.1484432220459
DA194,2019-11-24,08:00,24.10000038146973
DA194,2019-11-24,12:00,13.11011981964111
DA194,2019-11-24,16:34,24.55521774291992
DA194,2019-11-25,8:46,6.84552001953125
DA194,2019-11-25,12:00,20.56906509399414
DA194,2019-11-25,17:00,13.3187780380249
DA194,2019-11-26,7:57,10.77254962921143
DA194,2019-11-26,12:56,22.61730003356934
DA194,2019-11-26,17:21,52.72309112548828
DA194,2019-11-27,7:19,12.68208026885986
DA194,2019-11-27,11:11,25.73971939086914
DA194,2019-11-27,17:00,31.35421752929688
DA194,2019-11-28,7:12,13.08708000183105
DA194,2019-11-28,12:41,19.92340087890625
DA194,2019-11-28,17:41,41.98716735839844
DA194,2019-11-29,,12.43708038330078
DA194,2019-11-29,,26.45366668701172
DA194,2019-11-29,,33.10205078125
DA195,2019-11-15,11:43,21.7248592376709
DA195,2019-11-15,17:00,49.43855667114258
DA195,2019-11-16,6:16,12.48530960083008
DA195,2019-11-16,12:28,25.12505340576172
DA195,2019-11-16,17:00,23.08308029174805
DA195,2019-11-17,08:00,24.10000038146973
DA195,2019-11-17,12:00,11.92512035369873
DA195,2019-11-17,17:00,38.76215744018555
DA195,2019-11-18,8:47,10.79129981994629
DA195,2019-11-18,12:00,5.532555103302002
DA195,2019-11-18,17:57,13.07994270324707
DA195,2019-11-19,8:58,10.77254962921143
DA195,2019-11-19,12:00,21.17977523803711
DA195,2019-11-19,16:48,56.51463317871094
DA195,2019-11-19,22:07,1.679999947547913
DA195,2019-11-20,6:27,9.97130012512207
DA195,2019-11-20,12:00,24.94671249389648
DA195,2019-11-20,17:00,40.84733581542969
DA195,2019-11-21,7:13,10.24129962921143
DA195,2019-11-21,12:43,17.24004936218262
DA195,2019-11-21,17:12,41.26840591430664
DA195,2019-11-21,21:57,1.679999947547913
DA195,2019-11-22,08:00,12.43708038330078
DA195,2019-11-22,12:00,10.90633296966553
DA195,2019-11-22,17:00,26.65854454040527
DA195,2019-11-23,8:28,15.82878017425537
DA195,2019-11-23,12:28,15.15296459197998
DA195,2019-11-23,17:00,22.42761039733887
DA195,2019-11-24,8:28,24.10000038146973
DA195,2019-11-24,12:43,13.11011981964111
DA195,2019-11-24,16:05,24.55521774291992
DA195,2019-11-25,7:05,12.26208019256592
DA195,2019-11-25,12:35,23.73162078857422
DA195,2019-11-25,17:00,19.51853370666504
DA195,2019-11-26,08:00,13.06832981109619
DA195,2019-11-26,12:50,11.89703750610352
DA195,2019-11-26,17:22,56.51463317871094
DA195,2019-11-27,08:00,10.3863000869751
DA195,2019-11-27,12:00,24.94671249389648
DA195,2019-11-27,17:18,31.35421752929688
DA195,2019-11-28,7:05,12.53707981109619
DA195,2019-11-28,12:52,19.92340087890625
DA195,2019-11-28,17:00,33.21444702148438
DA195,2019-11-29,6:43,10.14130020141602
DA195,2019-11-29,12:00,21.7248592376709
DA195,2019-11-29,17:00,32.12888336181641
DA197,2019-11-15,12:01,11.33443260192871
DA197,2019-11-15,18:00,49.43855667114258
DA197,2019-11-16,08:00,10.98130035400391
DA197,2019-11-16,12:00,25.12505340576172
DA197,2019-11-16,17:00,11.21380519866943
DA197,2019-11-17,08:00,24.10000038146973
DA197,2019-11-17,12:00,14.69139766693115
DA197,2019-11-17,17:45,38.76215744018555
DA197,2019-11-18,08:00,9.141300201416016
DA197,2019-11-18,12:00,5.532555103302002
DA197,2019-11-18,17:15,12.2869348526001
DA197,2019-11-19,08:00,10.22879981994629
DA197,2019-11-19,12:00,21.89853668212891
DA197,2019-11-19,16:00,60.30617904663086
DA197,2019-11-19,20:34,1.679999947547913
DA197,2019-11-20,7:31,9.556300163269043
DA197,2019-11-20,12:00,24.94671249389648
DA197,2019-11-20,17:56,40.12857437133789
DA197,2019-11-21,7:08,6.84552001953125
DA197,2019-11-21,12:00,17.24004936218262
DA197,2019-11-21,17:00,41.26840591430664
DA197,2019-11-21,20:15,1.679999947547913
DA197,2019-11-22,08:00,9.641300201416016
DA197,2019-11-22,12:00,3.807524919509888
DA197,2019-11-22,17:45,26.65854454040527
DA197,2019-11-23,08:00,15.82878017425537
DA197,2019-11-23,11:16,18.99890327453613
DA197,2019-11-23,17:49,3.530610084533691
DA197,2019-11-24,7:46,24.10000038146973
DA197,2019-11-24,12:23,10.74011993408203
DA197,2019-11-24,16:26,24.55521774291992
DA197,2019-11-25,8:16,11.43708038330078
DA197,2019-11-25,12:00,21.61782073974609
DA197,2019-11-25,17:45,19.51853370666504
DA197,2019-11-26,8:01,10.22879981994629
DA197,2019-11-26,12:00,16.89778709411621
DA197,2019-11-26,17:50,52.72309112548828
DA197,2019-11-27,7:16,12.26708030700684
DA197,2019-11-27,12:00,24.94671249389648
DA197,2019-11-27,17:00,30.63545417785645
DA197,2019-11-28,08:00,11.98707962036133
DA197,2019-11-28,11:42,19.92340087890625
DA197,2019-11-28,16:30,41.98716735839844
DA197,2019-11-29,,11.93708038330078
DA197,2019-11-29,,14.62605285644531
DA197,2019-11-29,,33.10205078125
DA198,2019-11-15,11:46,4.362637519836426
DA198,2019-11-15,17:17,5.28949499130249
DA198,2019-11-16,08:00,15.70108985900879
DA198,2019-11-16,11:46,8.114542961120605
DA198,2019-11-16,17:00,2.875139951705933
DA198,2019-11-17,8:42,24.10000038146973
DA198,2019-11-17,12:00,7.113832473754883
DA198,2019-11-17,17:00,38.76215744018555
DA198,2019-11-18,6:07,10.79129981994629
DA198,2019-11-18,12:00,5.532555103302002
DA198,2019-11-18,17:52,5.934022426605225
DA198,2019-11-19,8:57,10.22879981994629
DA198,2019-11-19,12:00,6.896287441253662
DA198,2019-11-19,17:00,60.30617904663086
DA198,2019-11-19,20:37,1.679999947547913
DA198,2019-11-20,8:26,10.3863000869751
DA198,2019-11-20,12:00,24.94671249389648
DA198,2019-11-20,17:00,6.896287441253662
DA198,2019-11-21,7:31,10.24129962921143
DA198,2019-11-21,12:00,12.79004955291748
DA198,2019-11-21,17:00,41.98716735839844
DA198,2019-11-21,19:17,1.679999947547913
DA198,2019-11-22,08:00,10.14130020141602
DA198,2019-11-22,12:16,3.807524919509888
DA198,2019-11-22,17:17,5.934022426605225
DA198,2019-11-23,8:12,15.82878017425537
DA198,2019-11-23,12:00,5.744542598724365
DA198,2019-11-23,17:00,4.336410045623779
DA198,2019-11-24,8:01,24.10000038146973
DA198,2019-11-24,12:00,7.113832473754883
DA198,2019-11-24,17:00,23.83645439147949
DA198,2019-11-25,7:31,9.966300010681152
DA198,2019-11-25,12:00,13.97146511077881
DA198,2019-11-25,17:00,15.62564849853516
DA198,2019-11-26,7:46,12.52458000183105
DA198,2019-11-26,12:12,21.17977523803711
DA198,2019-11-26,16:47,52.72309112548828
DA198,2019-11-27,08:00,12.26708030700684
DA198,2019-11-27,12:31,24.94671249389648
DA198,2019-11-27,17:37,25.2397346496582
DA198,2019-11-28,7:31,12.53707981109619
DA198,2019-11-28,12:31,17.24004936218262
DA198,2019-11-28,17:02,41.98716735839844
DA198,2019-11-29,,15.23285961151123
DA198,2019-11-29,,27.3864803314209
DA198,2019-11-29,,32.12888336181641
DA199,2019-11-15,11:48,11.33443260192871
DA199,2019-11-15,16:38,49.43855667114258
DA199,2019-11-16,08:00,13.40530967712402
DA199,2019-11-16,12:00,20.8724250793457
DA199,2019-11-16,16:10,18.33344268798828
DA199,2019-11-17,08:00,24.10000038146973
DA199,2019-11-17,12:48,14.69139766693115
DA199,2019-11-17,17:33,36.39215850830078
DA199,2019-11-18,7:10,9.141300201416016
DA199,2019-11-18,12:00,4.726755142211914
DA199,2019-11-18,17:03,13.07994270324707
DA199,2019-11-19,6:17,10.22879981994629
DA199,2019-11-19,12:25,16.89778709411621
DA199,2019-11-19,17:00,56.51463317871094
DA199,2019-11-19,20:00,1.679999947547913
DA199,2019-11-20,7:37,9.556300163269043
DA199,2019-11-20,12:00,24.94671249389648
DA199,2019-11-20,17:00,40.84733581542969
DA199,2019-11-21,08:00,7.395520210266113
DA199,2019-11-21,12:00,17.24004936218262
DA199,2019-11-21,17:00,41.26840591430664
DA199,2019-11-21,21:10,1.679999947547913
DA199,2019-11-22,7:32,12.43708038330078
DA199,2019-11-22,11:48,6.896287441253662
DA199,2019-11-22,17:00,27.45155334472656
DA199,2019-11-23,08:00,16.748779296875
DA199,2019-11-23,12:00,18.99890327453613
DA199,2019-11-23,17:00,6.050940036773682
DA199,2019-11-24,08:00,24.10000038146973
DA199,2019-11-24,12:00,10.74011993408203
DA199,2019-11-24,17:00,23.83645439147949
DA199,2019-11-25,7:02,9.966300010681152
DA199,2019-11-25,12:33,20.56906509399414
DA199,2019-11-25,17:00,19.51853370666504
DA199,2019-11-26,8:02,10.22879981994629
DA199,2019-11-26,12:00,21.89853668212891
DA199,2019-11-26,17:00,56.51463317871094
DA199,2019-11-27,6:17,12.68208026885986
DA199,2019-11-27,12:55,24.15370559692383
DA199,2019-11-27,17:33,16.96896553039551
DA199,2019-11-28,08:00,10.24129962921143
DA199,2019-11-28,12:00,19.46504974365234
DA199,2019-11-28,16:55,32.49568557739258
DA199,2019-11-29,,10.14130020141602
DA199,2019-11-29,,16.99605178833008
DA199,2019-11-29,,32.12888336181641
DA200,2019-11-15,11:33,12.8874397277832
DA200,2019-11-15,16:41,7.659494876861572
DA200,2019-11-16,08:00,15.70108985900879
DA200,2019-11-16,12:00,8.114542961120605
DA200,2019-11-16,17:00,15.9634428024292
DA200,2019-11-16,20:22,4.150000095367432
DA200,2019-11-17,8:03,24.10000038146973
DA200,2019-11-17,12:00,9.483832359313965
DA200,2019-11-17,17:00,30.79569053649902
DA200,2019-11-18,08:00,9.141300201416016
DA200,2019-11-18,12:00,11.87395477294922
DA200,2019-11-18,17:00,6.326014995574951
DA200,2019-11-19,8:26,10.22879981994629
DA200,2019-11-19,12:00,3.807524919509888
DA200,2019-11-19,17:26,56.51463317871094
DA200,2019-11-19,20:00,1.679999947547913
DA200,2019-11-20,,9.97130012512207
DA200,2019-11-20,,24.94671249389648
DA200,2019-11-20,,7.615049839019775
DA200,2019-11-21,,10.24129962921143
DA200,2019-11-21,,15.4734001159668
DA200,2019-11-21,,41.98716735839844
DA200,2019-11-21,,1.679999947547913
DA200,2019-11-22,,12.93708038330078
DA200,2019-11-22,,6.177525043487549
DA200,2019-11-22,,7.119022369384766
DA200,2019-11-23,,19.04455947875977
DA200,2019-11-23,,6.989695072174072
DA200,2019-11-23,,7.361879825592041
DA200,2019-11-24,,24.10000038146973
DA200,2019-11-24,,11.065110206604
DA200,2019-11-24,,24.55521774291992
DA200,2019-11-25,,11.43708038330078
DA200,2019-11-25,,17.39022064208984
DA200,2019-11-25,,7.912030220031738
DA200,2019-11-26,,12.52458000183105
DA200,2019-11-26,,6.896287441253662
DA200,2019-11-26,,50.20618057250977
DA200,2019-11-27,,12.68208026885986
DA200,2019-11-27,,24.94671249389648
DA200,2019-11-27,,6.896287441253662
DA200,2019-11-28,,12.53707981109619
DA200,2019-11-28,,15.4734001159668
DA200,2019-11-28,,41.98716735839844
DA200,2019-11-29,,12.43708038330078
DA200,2019-11-29,,6.605625152587891
DA200,2019-11-29,,32.12888336181641
